Transaction_ID,Date,Store_ID,Product_ID,Quantity_Sold,Current_Stock,Warehouse_Stock,Restock_Quantity,Lead_Time_Days,Damaged_Units,Promotion,Customer_Demand,Expiry_Date,Stockout,Revenue,Profit
TXN00001,2025-06-11,STR002,PRD053,9,6,119,78,4,0,Yes,Medium,2025-08-16,No,18382.5,2674.62
TXN00002,2025-05-12,STR003,PRD035,11,49,735,91,5,0,No,Low,2026-03-14,No,21945.77,7306.86
TXN00003,2025-02-03,STR001,PRD025,38,109,534,0,4,1,Yes,Medium,2025-09-29,No,258488.92,70360.04
TXN00004,2025-02-18,STR002,PRD042,16,8,724,44,4,1,No,Medium,2025-10-22,No,100784.32,29448.16
TXN00005,2025-04-16,STR001,PRD041,15,104,934,0,6,1,Yes,High,2026-04-15,No,7445.1,2135.7
TXN00006,2025-06-15,STR004,PRD009,20,5,462,35,4,0,No,Low,2025-11-19,Yes,113983.8,32236.8
TXN00007,2025-02-19,STR001,PRD013,15,33,509,157,4,1,Yes,Medium,2025-06-22,No,86295.45,24892.95
TXN00008,2025-03-13,STR001,PRD028,40,23,503,39,4,1,Yes,Low,2026-03-11,No,210786.4,47437.6
TXN00009,2025-05-19,STR001,PRD013,22,192,65,0,4,0,Yes,Low,2025-09-11,No,126566.66,36509.66
TXN00010,2025-04-15,STR002,PRD043,12,112,542,0,5,0,Yes,Medium,2025-06-14,No,47264.76,7514.52
TXN00011,2025-02-12,STR004,PRD061,11,86,52,0,8,1,No,Medium,2025-11-01,No,48091.45,11192.72
TXN00012,2025-03-15,STR004,PRD030,33,145,798,0,8,0,No,Low,2025-07-20,No,148459.08,27210.48
TXN00013,2025-03-17,STR003,PRD009,13,42,109,0,4,1,Yes,High,2025-09-23,No,74089.47,20953.92
TXN00014,2025-01-15,STR003,PRD010,22,0,538,169,9,1,Yes,Low,2025-11-01,Yes,43294.46,7962.46
TXN00015,2025-01-21,STR001,PRD028,21,0,119,172,4,1,Yes,Medium,2025-04-22,Yes,110662.86,24904.74
TXN00016,2025-05-26,STR004,PRD030,30,118,658,0,8,0,Yes,High,2025-08-05,No,134962.8,24736.8
TXN00017,2025-04-18,STR002,PRD031,43,101,585,0,5,0,No,Medium,2025-08-30,No,136508.66,43651.45
TXN00018,2025-06-21,STR001,PRD025,41,20,455,87,4,1,Yes,High,2026-06-16,No,278895.94,75914.78
TXN00019,2025-03-18,STR004,PRD007,31,49,59,38,6,0,No,High,2026-01-30,No,108845.96,20148.14
TXN00020,2025-01-26,STR002,PRD034,13,5,268,157,8,0,No,Low,2025-08-22,Yes,40731.86,10654.54
TXN00021,2025-01-18,STR001,PRD014,10,215,300,0,6,0,No,Medium,2025-05-08,No,13059.1,4192.3
TXN00022,2025-04-23,STR001,PRD016,7,206,606,0,4,0,No,High,2026-04-22,No,39869.06,8637.72
TXN00023,2025-05-16,STR001,PRD010,16,0,886,190,9,2,No,High,2025-08-07,Yes,31486.88,5790.88
TXN00024,2025-02-04,STR002,PRD041,15,52,961,49,6,0,Yes,High,2025-12-14,No,7445.1,2135.7
TXN00025,2025-02-09,STR002,PRD001,26,46,669,0,3,1,Yes,High,2025-09-02,No,99581.04,13642.98
TXN00026,2025-02-22,STR003,PRD006,43,175,320,0,5,0,No,Medium,2025-04-19,No,176935.11,50607.56
TXN00027,2025-01-24,STR001,PRD033,10,152,483,0,4,1,No,Low,2025-02-24,No,36494.1,7109.8
TXN00028,2025-03-27,STR001,PRD017,11,186,183,0,4,1,No,Low,2025-12-08,No,46322.54,6596.15
TXN00029,2025-05-22,STR004,PRD060,7,173,487,0,4,1,Yes,Low,2025-07-29,No,10976.7,2258.83
TXN00030,2025-06-26,STR004,PRD034,14,217,202,0,8,1,Yes,Medium,2026-05-20,No,43865.08,11474.12
TXN00031,2025-05-22,STR002,PRD017,16,21,180,130,4,0,Yes,Medium,2025-12-24,No,67378.24,9594.4
TXN00032,2025-01-11,STR004,PRD027,32,21,305,194,4,0,Yes,Medium,2025-11-23,No,155382.72,29072.32
TXN00033,2025-04-15,STR001,PRD017,14,235,685,0,4,0,Yes,Low,2025-08-06,No,58955.96,8395.1
TXN00034,2025-02-15,STR001,PRD007,35,0,804,65,6,0,No,Medium,2025-07-22,Yes,122890.6,22747.9
TXN00035,2025-03-10,STR003,PRD028,22,179,768,0,4,0,Yes,Medium,2025-04-28,No,115932.52,26090.68
TXN00036,2025-05-01,STR001,PRD050,16,40,886,71,6,0,No,Medium,2025-11-03,No,109134.72,34967.68
TXN00037,2025-02-28,STR003,PRD041,6,51,725,26,6,0,Yes,Medium,2025-09-14,No,2978.04,854.28
TXN00038,2025-03-13,STR001,PRD022,17,204,121,0,9,0,No,Medium,2026-03-06,No,84987.59,23812.07
TXN00039,2025-05-11,STR003,PRD063,14,88,745,0,6,0,No,Low,2025-08-08,No,35858.34,9412.34
TXN00040,2025-03-08,STR002,PRD041,10,35,321,168,6,1,Yes,Low,2026-02-06,No,4963.4,1423.8
TXN00041,2025-04-22,STR004,PRD002,38,148,855,0,4,0,No,Medium,2026-03-28,No,66101.0,10963.38
TXN00042,2025-05-11,STR001,PRD063,14,15,971,118,6,0,Yes,Medium,2025-07-02,No,35858.34,9412.34
TXN00043,2025-04-22,STR003,PRD040,18,0,997,153,8,0,Yes,Medium,2025-12-28,Yes,35834.22,9164.52
TXN00044,2025-01-18,STR004,PRD059,11,231,730,0,4,0,No,High,2025-07-27,No,72590.87,21266.08
TXN00045,2025-06-19,STR002,PRD055,18,199,177,0,6,0,No,High,2025-12-24,No,54618.84,8103.96
TXN00046,2025-06-20,STR001,PRD002,36,47,462,0,4,0,No,High,2025-09-23,No,62622.0,10386.36
TXN00047,2025-02-19,STR001,PRD042,19,88,730,0,4,0,No,High,2025-06-18,No,119681.38,34969.69
TXN00048,2025-06-07,STR002,PRD044,14,131,358,0,5,1,No,High,2025-07-07,No,16814.42,2207.66
TXN00049,2025-03-19,STR003,PRD002,32,21,854,130,4,0,No,Medium,2025-11-30,No,55664.0,9232.32
TXN00050,2025-04-24,STR002,PRD059,9,163,268,0,4,0,No,High,2025-08-18,No,59392.53,17399.52
TXN00051,2025-06-18,STR003,PRD035,17,4,577,92,5,0,No,Low,2025-11-15,Yes,33916.19,11292.42
TXN00052,2025-06-22,STR002,PRD023,13,66,280,0,4,0,Yes,Low,2025-08-03,No,49748.53,8630.57
TXN00053,2025-01-12,STR002,PRD005,28,93,675,0,4,0,Yes,Medium,2025-09-11,No,49323.68,12150.88
TXN00054,2025-06-11,STR004,PRD057,13,134,249,0,4,1,No,Medium,2026-01-31,No,44219.37,11279.58
TXN00055,2025-03-04,STR001,PRD031,25,142,754,0,5,0,Yes,Low,2025-11-06,No,79365.5,25378.75
TXN00056,2025-02-26,STR002,PRD025,24,181,762,0,4,1,No,Low,2026-01-07,No,163256.16,44437.92
TXN00057,2025-03-05,STR001,PRD008,19,97,186,0,8,1,No,High,2025-12-31,No,44416.68,13874.18
TXN00058,2025-05-24,STR001,PRD035,15,137,374,0,5,0,No,High,2026-03-08,No,29926.05,9963.9
TXN00059,2025-04-20,STR001,PRD050,19,193,978,0,6,0,No,Low,2026-01-18,No,129597.48,41524.12
TXN00060,2025-04-26,STR004,PRD061,16,50,910,83,8,0,No,High,2026-01-29,No,69951.2,16280.32
TXN00061,2025-06-10,STR003,PRD039,16,45,500,90,8,2,Yes,High,2025-12-03,No,50201.12,16703.36
TXN00062,2025-03-02,STR003,PRD034,9,60,393,0,8,0,No,High,2025-05-12,No,28198.98,7376.22
TXN00063,2025-02-05,STR003,PRD045,17,21,442,79,6,1,Yes,High,2025-06-24,No,93264.21,18183.54
TXN00064,2025-01-17,STR004,PRD059,16,90,467,0,4,0,No,High,2025-10-12,No,105586.72,30932.48
TXN00065,2025-04-17,STR004,PRD031,23,29,448,127,5,0,Yes,High,2025-11-27,No,73016.26,23348.45
TXN00066,2025-05-03,STR002,PRD007,15,226,410,0,6,0,No,Medium,2026-01-02,No,52667.4,9749.1
TXN00067,2025-05-18,STR001,PRD030,37,167,667,0,8,0,Yes,Medium,2025-10-07,No,166454.12,30508.72
TXN00068,2025-03-11,STR003,PRD004,33,91,79,0,4,1,No,Medium,2025-11-03,No,117837.06,16351.83
TXN00069,2025-02-12,STR002,PRD059,12,203,528,0,4,0,Yes,High,2025-12-12,No,79190.04,23199.36
TXN00070,2025-01-07,STR001,PRD046,14,218,453,0,6,0,Yes,Low,2026-01-01,No,72142.7,17805.62
TXN00071,2025-04-20,STR001,PRD052,16,18,236,138,3,0,Yes,Medium,2025-11-30,No,47979.36,15883.2
TXN00072,2025-03-25,STR001,PRD041,17,37,384,136,6,1,No,Medium,2025-09-13,No,8437.78,2420.46
TXN00073,2025-04-18,STR003,PRD033,25,39,531,40,4,0,Yes,High,2026-02-18,No,91235.25,17774.5
TXN00074,2025-01-14,STR001,PRD019,16,227,408,0,4,1,Yes,High,2025-03-20,No,26440.32,4134.4
TXN00075,2025-06-16,STR001,PRD046,14,0,303,27,6,0,Yes,Low,2026-05-30,Yes,72142.7,17805.62
TXN00076,2025-02-09,STR004,PRD057,17,44,179,0,4,0,No,High,2025-05-08,No,57825.33,14750.22
TXN00077,2025-05-25,STR004,PRD045,18,224,273,0,6,0,No,High,2025-11-02,No,98750.34,19253.16
TXN00078,2025-04-05,STR004,PRD037,14,28,671,175,6,1,Yes,Low,2025-10-11,No,15633.94,4219.04
TXN00079,2025-01-28,STR002,PRD052,10,138,76,0,3,0,No,High,2025-09-07,No,29987.1,9927.0
TXN00080,2025-04-12,STR002,PRD039,7,234,782,0,8,1,Yes,Low,2026-03-11,No,21962.99,7307.72
TXN00081,2025-06-26,STR001,PRD050,15,197,692,0,6,0,Yes,Low,2025-12-27,No,102313.8,32782.2
TXN00082,2025-06-25,STR004,PRD003,38,168,173,0,4,0,Yes,Medium,2026-04-23,No,193396.82,61138.2
TXN00083,2025-04-20,STR001,PRD032,33,0,713,149,4,2,No,Low,2025-12-21,Yes,38435.1,6375.6
TXN00084,2025-05-06,STR002,PRD058,14,13,420,130,8,0,No,High,2025-08-22,No,53022.34,14101.36
TXN00085,2025-04-22,STR001,PRD021,16,29,716,153,6,0,No,High,2026-02-21,No,39926.4,7288.8
TXN00086,2025-05-04,STR001,PRD060,8,111,496,0,4,1,No,Medium,2025-10-06,No,12544.8,2581.52
TXN00087,2025-01-23,STR002,PRD010,8,63,299,135,9,1,No,High,2025-12-31,No,15743.44,2895.44
TXN00088,2025-06-21,STR003,PRD013,18,79,394,0,4,1,Yes,Medium,2026-01-03,No,103554.54,29871.54
TXN00089,2025-02-16,STR001,PRD057,14,110,267,0,4,0,No,Medium,2025-09-08,No,47620.86,12147.24
TXN00090,2025-03-13,STR004,PRD025,39,140,951,0,4,0,No,High,2025-04-17,No,265291.26,72211.62
TXN00091,2025-05-13,STR002,PRD026,30,0,787,81,9,0,No,Medium,2026-03-23,Yes,50496.6,10530.9
TXN00092,2025-03-03,STR001,PRD021,13,163,537,0,6,0,No,Medium,2025-04-10,No,32440.2,5922.15
TXN00093,2025-01-24,STR003,PRD004,28,28,464,0,4,2,Yes,Medium,2025-12-17,No,99982.96,13874.28
TXN00094,2025-04-05,STR003,PRD040,19,102,616,0,8,0,No,Medium,2026-02-10,No,37825.01,9673.66
TXN00095,2025-03-26,STR003,PRD060,13,77,769,0,4,0,No,Medium,2025-09-28,No,20385.3,4194.97
TXN00096,2025-03-06,STR003,PRD052,14,45,788,50,3,1,Yes,Medium,2025-06-05,No,41981.94,13897.8
TXN00097,2025-05-18,STR003,PRD023,12,231,830,0,4,0,Yes,Low,2025-10-05,No,45921.72,7966.68
TXN00098,2025-05-04,STR003,PRD008,24,161,653,0,8,1,No,Low,2025-09-10,No,56105.28,17525.28
TXN00099,2025-03-17,STR001,PRD029,33,59,359,65,5,0,Yes,High,2026-01-14,No,63083.46,20460.0
TXN00100,2025-02-02,STR002,PRD014,12,58,96,0,6,0,Yes,High,2025-07-31,No,15670.92,5030.76
TXN00101,2025-06-28,STR003,PRD037,13,228,179,0,6,1,No,Low,2025-08-03,No,14517.23,3917.68
TXN00102,2025-05-27,STR003,PRD021,11,61,530,0,6,0,No,Medium,2025-12-17,No,27449.4,5011.05
TXN00103,2025-02-17,STR004,PRD032,17,47,166,142,4,1,Yes,Medium,2025-11-25,No,19799.9,3284.4
TXN00104,2025-01-19,STR002,PRD009,19,128,694,0,4,0,Yes,Low,2025-05-05,No,108284.61,30624.96
TXN00105,2025-05-25,STR003,PRD020,13,229,361,0,5,0,Yes,Low,2025-08-23,No,45570.2,13966.81
TXN00106,2025-05-23,STR004,PRD050,15,180,476,0,6,3,Yes,High,2026-01-02,No,102313.8,32782.2
TXN00107,2025-04-26,STR004,PRD039,10,222,503,0,8,1,No,High,2025-12-31,No,31375.7,10439.6
TXN00108,2025-03-20,STR002,PRD008,35,123,111,0,8,0,Yes,Low,2026-03-05,No,81820.2,25557.7
TXN00109,2025-02-24,STR004,PRD003,33,136,133,0,4,0,Yes,Low,2025-06-22,No,167949.87,53093.7
TXN00110,2025-05-22,STR001,PRD063,15,4,52,60,6,0,No,Medium,2026-04-21,Yes,38419.65,10084.65
TXN00111,2025-05-01,STR002,PRD004,28,0,345,79,4,0,No,High,2026-01-18,Yes,99982.96,13874.28
TXN00112,2025-01-19,STR002,PRD056,11,164,289,0,9,0,No,High,2025-12-16,No,36824.59,5983.67
TXN00113,2025-06-19,STR001,PRD064,26,179,252,0,5,2,No,Low,2026-04-23,No,91864.24,12156.82
TXN00114,2025-02-27,STR003,PRD010,10,155,202,0,9,0,No,Low,2025-05-04,No,19679.3,3619.3
TXN00115,2025-01-16,STR003,PRD056,16,26,659,98,9,1,No,Medium,2025-04-19,No,53563.04,8703.52
TXN00116,2025-04-30,STR001,PRD045,10,166,361,0,6,1,No,Medium,2026-02-10,No,54861.3,10696.2
TXN00117,2025-05-19,STR004,PRD013,11,115,498,0,4,3,Yes,High,2025-07-08,No,63283.33,18254.83
TXN00118,2025-04-21,STR003,PRD049,17,171,380,0,4,2,No,Low,2025-07-06,No,88392.52,22367.92
TXN00119,2025-02-28,STR002,PRD017,11,235,740,0,4,0,Yes,High,2025-08-14,No,46322.54,6596.15
TXN00120,2025-05-28,STR004,PRD026,23,172,824,0,9,0,Yes,Medium,2026-03-19,No,38714.06,8073.69
TXN00121,2025-06-16,STR002,PRD019,17,96,988,0,4,1,No,Low,2026-05-11,No,28092.84,4392.8
TXN00122,2025-04-22,STR004,PRD004,39,169,553,0,4,1,Yes,Medium,2025-11-16,No,139261.98,19324.89
TXN00123,2025-04-15,STR002,PRD028,32,50,736,0,4,0,Yes,Low,2025-10-30,No,168629.12,37950.08
TXN00124,2025-04-16,STR003,PRD047,17,160,557,0,8,0,No,High,2025-12-07,No,93650.79,18996.31
TXN00125,2025-05-21,STR003,PRD020,20,0,140,136,5,0,No,Medium,2025-12-02,Yes,70108.0,21487.4
TXN00126,2025-01-30,STR003,PRD012,22,226,841,0,5,1,No,High,2025-03-01,No,55539.22,11820.82
TXN00127,2025-06-18,STR001,PRD043,8,214,605,0,5,1,No,Medium,2025-08-14,No,31509.84,5009.68
TXN00128,2025-02-18,STR003,PRD016,20,112,420,0,4,0,No,High,2025-11-01,No,113911.6,24679.2
TXN00129,2025-01-14,STR002,PRD061,18,34,612,88,8,0,Yes,Medium,2025-09-25,No,78695.1,18315.36
TXN00130,2025-06-28,STR001,PRD042,10,114,174,0,4,0,Yes,High,2026-06-04,No,62990.2,18405.1
TXN00131,2025-03-03,STR001,PRD045,15,166,212,0,6,2,No,High,2025-04-09,No,82291.95,16044.3
TXN00132,2025-05-22,STR002,PRD063,13,91,145,0,6,0,Yes,Low,2026-02-12,No,33297.03,8740.03
TXN00133,2025-01-31,STR002,PRD007,37,176,207,0,6,0,No,High,2025-07-29,No,129912.92,24047.78
TXN00134,2025-05-11,STR002,PRD055,22,158,329,0,6,0,No,Medium,2026-02-06,No,66756.36,9904.84
TXN00135,2025-03-04,STR002,PRD062,9,107,614,0,4,0,Yes,Medium,2025-07-09,No,26958.78,5160.96
TXN00136,2025-06-03,STR003,PRD007,35,156,950,0,6,0,Yes,Low,2025-11-21,No,122890.6,22747.9
TXN00137,2025-04-17,STR004,PRD058,15,72,856,0,8,0,No,Low,2025-10-08,No,56809.65,15108.6
TXN00138,2025-03-18,STR002,PRD020,21,193,651,0,5,1,No,Low,2025-12-01,No,73613.4,22561.77
TXN00139,2025-05-18,STR001,PRD040,11,112,403,0,8,0,No,High,2026-03-22,No,21898.69,5600.54
TXN00140,2025-04-07,STR003,PRD044,13,103,379,0,5,0,Yes,High,2025-09-06,No,15613.39,2049.97
TXN00141,2025-05-27,STR003,PRD045,12,86,289,0,6,1,No,Low,2025-12-05,No,65833.56,12835.44
TXN00142,2025-05-02,STR004,PRD052,17,163,985,0,3,0,No,Medium,2026-04-30,No,50978.07,16875.9
TXN00143,2025-02-08,STR001,PRD027,30,216,87,0,4,1,Yes,High,2026-01-06,No,145671.3,27255.3
TXN00144,2025-03-26,STR004,PRD048,13,209,152,0,8,0,No,Low,2026-01-19,No,42586.96,7668.7
TXN00145,2025-04-27,STR002,PRD064,16,0,469,56,5,0,Yes,Low,2026-01-22,Yes,56531.84,7481.12
TXN00146,2025-03-09,STR003,PRD046,18,68,688,0,6,1,No,High,2025-05-19,No,92754.9,22892.94
TXN00147,2025-03-26,STR002,PRD050,14,204,740,0,6,0,No,Medium,2026-03-11,No,95492.88,30596.72
TXN00148,2025-05-05,STR001,PRD023,9,214,604,0,4,0,Yes,High,2025-07-09,No,34441.29,5975.01
TXN00149,2025-03-02,STR002,PRD018,15,146,750,0,9,1,No,Low,2025-05-17,No,88196.7,29195.4
TXN00150,2025-04-22,STR004,PRD017,7,243,150,0,4,1,Yes,Medium,2025-08-15,No,29477.98,4197.55
TXN00151,2025-06-27,STR003,PRD033,20,56,97,27,4,2,No,Low,2025-12-24,No,72988.2,14219.6
TXN00152,2025-04-02,STR002,PRD029,32,78,199,0,5,1,Yes,High,2025-11-28,No,61171.84,19840.0
TXN00153,2025-05-25,STR001,PRD026,23,20,130,64,9,0,No,High,2025-10-25,No,38714.06,8073.69
TXN00154,2025-05-08,STR004,PRD057,9,224,647,0,4,1,Yes,Low,2026-01-29,No,30613.41,7808.94
TXN00155,2025-06-13,STR003,PRD045,10,55,520,0,6,1,No,High,2025-07-17,No,54861.3,10696.2
TXN00156,2025-04-30,STR003,PRD024,17,213,344,0,6,1,Yes,Low,2026-01-11,No,32349.3,7688.93
TXN00157,2025-03-30,STR001,PRD026,40,36,484,183,9,0,No,Medium,2025-09-30,No,67328.8,14041.2
TXN00158,2025-02-20,STR004,PRD048,16,82,923,0,8,0,No,Low,2025-07-21,No,52414.72,9438.4
TXN00159,2025-04-08,STR001,PRD015,15,131,417,0,9,0,No,High,2025-10-06,No,62535.75,19116.9
TXN00160,2025-01-06,STR003,PRD045,17,233,899,0,6,0,No,Medium,2025-02-09,No,93264.21,18183.54
TXN00161,2025-05-25,STR003,PRD061,20,201,752,0,8,2,Yes,High,2026-03-05,No,87439.0,20350.4
TXN00162,2025-03-15,STR004,PRD003,23,132,871,0,4,0,No,Low,2026-03-05,No,117055.97,37004.7
TXN00163,2025-02-18,STR001,PRD046,19,139,306,0,6,0,Yes,High,2025-05-08,No,97907.95,24164.77
TXN00164,2025-06-10,STR002,PRD027,38,0,857,99,4,1,No,Low,2026-05-02,Yes,184516.98,34523.38
TXN00165,2025-04-04,STR003,PRD024,12,175,184,0,6,1,Yes,Medium,2025-10-18,No,22834.8,5427.48
TXN00166,2025-04-17,STR002,PRD038,11,33,185,71,3,0,No,High,2026-01-28,No,52285.64,13804.78
TXN00167,2025-03-11,STR001,PRD059,15,197,218,0,4,0,No,Medium,2025-09-08,No,98987.55,28999.2
TXN00168,2025-03-28,STR002,PRD008,26,93,127,0,8,0,Yes,Low,2025-11-16,No,60780.72,18985.72
TXN00169,2025-05-23,STR002,PRD004,31,0,64,121,4,0,No,High,2025-08-24,Yes,110695.42,15360.81
TXN00170,2025-04-27,STR004,PRD009,15,79,738,0,4,1,No,High,2025-12-08,No,85487.85,24177.6
TXN00171,2025-06-13,STR002,PRD040,12,228,430,0,8,0,Yes,High,2025-11-09,No,23889.48,6109.68
TXN00172,2025-05-01,STR004,PRD029,23,135,955,0,5,1,No,High,2025-09-21,No,43967.26,14260.0
TXN00173,2025-06-15,STR003,PRD013,17,0,893,182,4,0,No,High,2025-12-16,Yes,97801.51,28212.01
TXN00174,2025-06-16,STR001,PRD035,18,86,169,0,5,0,Yes,Low,2025-08-04,No,35911.26,11956.68
TXN00175,2025-03-19,STR003,PRD003,29,0,290,44,4,1,Yes,Medium,2025-12-06,Yes,147592.31,46658.1
TXN00176,2025-04-05,STR004,PRD035,12,159,810,0,5,0,No,High,2025-07-23,No,23940.84,7971.12
TXN00177,2025-04-17,STR003,PRD008,42,0,680,145,8,2,No,Medium,2025-06-02,Yes,98184.24,30669.24
TXN00178,2025-06-26,STR003,PRD019,18,76,272,0,4,1,No,Medium,2025-11-23,No,29745.36,4651.2
TXN00179,2025-04-03,STR001,PRD009,23,2,426,195,4,0,No,Low,2025-11-22,Yes,131081.37,37072.32
TXN00180,2025-03-12,STR003,PRD039,11,37,918,51,8,1,No,Low,2025-07-28,No,34513.27,11483.56
TXN00181,2025-06-14,STR002,PRD023,22,141,661,0,4,1,Yes,Low,2025-12-31,No,84189.82,14605.58
TXN00182,2025-03-04,STR001,PRD004,27,174,628,0,4,0,Yes,Low,2026-01-11,No,96412.14,13378.77
TXN00183,2025-02-23,STR001,PRD064,14,136,271,0,5,2,Yes,Medium,2025-06-08,No,49465.36,6545.98
TXN00184,2025-06-02,STR001,PRD041,20,0,929,90,6,0,Yes,Low,2026-04-04,Yes,9926.8,2847.6
TXN00185,2025-03-06,STR004,PRD054,16,188,228,0,6,0,Yes,High,2025-04-18,No,55893.44,8428.16
TXN00186,2025-02-03,STR003,PRD059,14,0,858,111,4,0,Yes,High,2025-08-17,Yes,92388.38,27065.92
TXN00187,2025-01-05,STR001,PRD008,18,49,179,33,8,1,No,High,2025-04-03,No,42078.96,13143.96
TXN00188,2025-01-17,STR002,PRD013,7,114,509,0,4,0,No,High,2025-12-16,No,40271.21,11616.71
TXN00189,2025-01-28,STR004,PRD034,11,104,565,0,8,0,Yes,High,2025-03-21,No,34465.42,9015.38
TXN00190,2025-06-18,STR004,PRD009,12,121,358,0,4,0,No,High,2025-08-02,No,68390.28,19342.08
TXN00191,2025-01-16,STR004,PRD046,20,102,917,0,6,0,No,Medium,2025-04-11,No,103061.0,25436.6
TXN00192,2025-05-06,STR001,PRD001,27,0,379,40,3,1,Yes,Low,2025-08-08,Yes,103411.08,14167.71
TXN00193,2025-03-12,STR002,PRD023,15,144,698,0,4,1,No,Medium,2026-02-10,No,57402.15,9958.35
TXN00194,2025-05-16,STR002,PRD054,19,56,567,136,6,0,No,Low,2025-08-12,No,66373.46,10008.44
TXN00195,2025-06-17,STR001,PRD045,13,153,948,0,6,0,Yes,Medium,2026-03-05,No,71319.69,13905.06
TXN00196,2025-02-28,STR002,PRD005,30,56,897,0,4,0,No,Medium,2025-10-28,No,52846.8,13018.8
TXN00197,2025-01-25,STR001,PRD025,28,81,370,0,4,1,No,Medium,2025-05-13,No,190465.52,51844.24
TXN00198,2025-06-25,STR004,PRD020,20,216,535,0,5,0,Yes,Low,2025-09-06,No,70108.0,21487.4
TXN00199,2025-01-24,STR004,PRD012,16,94,148,0,5,0,No,Low,2025-12-04,No,40392.16,8596.96
TXN00200,2025-01-16,STR002,PRD010,20,130,625,0,9,0,No,High,2025-04-18,No,39358.6,7238.6
TXN00201,2025-04-16,STR003,PRD020,17,73,944,0,5,0,No,High,2025-06-11,No,59591.8,18264.29
TXN00202,2025-03-15,STR004,PRD059,14,139,369,0,4,0,No,Low,2026-02-03,No,92388.38,27065.92
TXN00203,2025-05-10,STR004,PRD060,18,36,722,59,4,2,No,Low,2025-08-03,No,28225.8,5808.42
TXN00204,2025-03-31,STR003,PRD004,31,63,167,0,4,0,No,High,2025-08-23,No,110695.42,15360.81
TXN00205,2025-04-20,STR003,PRD040,12,204,624,0,8,0,Yes,High,2025-10-03,No,23889.48,6109.68
TXN00206,2025-01-08,STR003,PRD019,19,27,769,89,4,1,No,Medium,2025-08-05,No,31397.88,4909.6
TXN00207,2025-01-02,STR002,PRD042,15,31,629,56,4,1,No,Low,2025-04-14,No,94485.3,27607.65
TXN00208,2025-06-12,STR004,PRD006,20,3,270,155,5,1,No,Medium,2026-03-01,Yes,82295.4,23538.4
TXN00209,2025-03-29,STR004,PRD024,13,27,369,114,6,0,No,High,2026-02-27,No,24737.7,5879.77
TXN00210,2025-01-22,STR003,PRD012,15,211,103,0,5,0,Yes,Low,2026-01-03,No,37867.65,8059.65
TXN00211,2025-01-13,STR001,PRD062,8,164,133,0,4,0,No,Medium,2025-09-17,No,23963.36,4587.52
TXN00212,2025-05-05,STR004,PRD051,11,144,502,0,8,0,No,Medium,2025-09-22,No,23204.39,3145.56
TXN00213,2025-05-12,STR002,PRD002,24,64,490,0,4,0,Yes,Medium,2026-04-10,No,41748.0,6924.24
TXN00214,2025-05-05,STR001,PRD060,17,117,733,0,4,1,No,Low,2025-09-24,No,26657.7,5485.73
TXN00215,2025-04-12,STR002,PRD050,13,140,106,0,6,0,Yes,Low,2025-10-13,No,88671.96,28411.24
TXN00216,2025-02-24,STR003,PRD011,10,186,190,0,8,0,No,Medium,2025-09-09,No,22253.8,3433.9
TXN00217,2025-01-31,STR004,PRD012,16,0,814,147,5,0,No,Low,2025-05-07,Yes,40392.16,8596.96
TXN00218,2025-04-08,STR001,PRD060,17,119,770,0,4,0,Yes,High,2026-02-18,No,26657.7,5485.73
TXN00219,2025-06-21,STR001,PRD042,14,192,412,0,4,0,Yes,Medium,2025-08-11,No,88186.28,25767.14
TXN00220,2025-04-22,STR003,PRD016,13,0,993,137,4,0,Yes,Medium,2026-03-12,Yes,74042.54,16041.48
TXN00221,2025-04-20,STR004,PRD008,42,61,477,183,8,2,No,Low,2025-12-13,No,98184.24,30669.24
TXN00222,2025-01-06,STR003,PRD028,29,14,521,178,4,0,No,Low,2025-09-16,No,152820.14,34392.26
TXN00223,2025-01-28,STR003,PRD002,28,83,653,0,4,1,No,High,2025-04-08,No,48706.0,8078.28
TXN00224,2025-04-12,STR001,PRD003,26,164,397,0,4,0,Yes,Medium,2025-08-06,No,132324.14,41831.4
TXN00225,2025-01-20,STR002,PRD051,18,112,698,0,8,1,Yes,High,2025-11-07,No,37970.82,5147.28
TXN00226,2025-02-19,STR003,PRD025,30,59,794,0,4,0,Yes,Low,2025-05-12,No,204070.2,55547.4
TXN00227,2025-02-07,STR004,PRD037,11,54,227,70,6,0,Yes,High,2025-04-16,No,12283.81,3314.96
TXN00228,2025-02-15,STR004,PRD030,38,88,525,0,8,1,No,High,2025-12-31,No,170952.88,31333.28
TXN00229,2025-06-14,STR002,PRD063,10,152,689,0,6,0,No,High,2025-12-22,No,25613.1,6723.1
TXN00230,2025-02-08,STR003,PRD012,11,101,119,0,5,0,No,Medium,2026-01-27,No,27769.61,5910.41
TXN00231,2025-03-19,STR002,PRD057,20,183,331,0,4,0,Yes,Medium,2026-01-02,No,68029.8,17353.2
TXN00232,2025-01-19,STR004,PRD012,16,63,522,0,5,2,No,Low,2025-03-19,No,40392.16,8596.96
TXN00233,2025-04-05,STR003,PRD008,33,0,934,185,8,1,Yes,High,2026-03-05,Yes,77144.76,24097.26
TXN00234,2025-05-10,STR001,PRD050,17,81,523,0,6,0,Yes,Medium,2026-03-28,No,115955.64,37153.16
TXN00235,2025-06-16,STR001,PRD022,10,38,379,0,9,0,No,High,2025-10-01,No,49992.7,14007.1
TXN00236,2025-01-16,STR004,PRD045,12,103,155,0,6,0,No,High,2025-03-30,No,65833.56,12835.44
TXN00237,2025-05-10,STR001,PRD051,19,146,226,0,8,0,Yes,Low,2026-01-19,No,40080.31,5433.24
TXN00238,2025-04-23,STR002,PRD039,11,123,585,0,8,0,Yes,Medium,2025-11-29,No,34513.27,11483.56
TXN00239,2025-03-14,STR001,PRD033,22,77,468,0,4,1,No,High,2026-02-13,No,80287.02,15641.56
TXN00240,2025-01-14,STR003,PRD036,17,185,696,0,9,1,No,Low,2025-07-31,No,62991.29,18459.45
TXN00241,2025-01-25,STR004,PRD021,11,131,744,0,6,1,No,Medium,2025-07-03,No,27449.4,5011.05
TXN00242,2025-06-18,STR003,PRD012,11,235,978,0,5,0,Yes,Medium,2025-08-28,No,27769.61,5910.41
TXN00243,2025-05-30,STR002,PRD045,21,148,194,0,6,0,No,Medium,2026-05-30,No,115208.73,22462.02
TXN00244,2025-06-28,STR004,PRD038,18,151,451,0,3,2,Yes,High,2025-09-09,No,85558.32,22589.64
TXN00245,2025-03-21,STR001,PRD031,34,62,708,0,5,0,No,Low,2026-01-14,No,107937.08,34515.1
TXN00246,2025-01-24,STR002,PRD006,39,132,483,0,5,0,No,Low,2025-08-27,No,160476.03,45899.88
TXN00247,2025-03-21,STR003,PRD047,18,28,399,74,8,2,No,Low,2025-08-13,No,99159.66,20113.74
TXN00248,2025-02-05,STR002,PRD042,13,26,352,39,4,0,Yes,High,2025-12-08,No,81887.26,23926.63
TXN00249,2025-05-15,STR001,PRD061,7,2,394,189,8,1,Yes,High,2025-12-23,Yes,30603.65,7122.64
TXN00250,2025-02-09,STR004,PRD057,23,18,901,66,4,0,Yes,High,2025-10-21,No,78234.27,19956.18
TXN00251,2025-01-12,STR003,PRD060,17,88,423,0,4,1,Yes,Medium,2025-12-20,No,26657.7,5485.73
TXN00252,2025-03-14,STR003,PRD043,15,177,816,0,5,0,No,Low,2026-01-11,No,59080.95,9393.15
TXN00253,2025-03-03,STR004,PRD038,15,64,878,0,3,1,No,Low,2025-10-07,No,71298.6,18824.7
TXN00254,2025-06-23,STR001,PRD041,22,220,634,0,6,1,No,Medium,2025-12-14,No,10919.48,3132.36
TXN00255,2025-04-08,STR003,PRD059,18,110,590,0,4,1,No,Low,2025-08-18,No,118785.06,34799.04
TXN00256,2025-06-04,STR001,PRD002,25,198,306,0,4,2,Yes,High,2026-03-07,No,43487.5,7212.75
TXN00257,2025-04-06,STR002,PRD025,35,204,155,0,4,0,Yes,Medium,2025-06-17,No,238081.9,64805.3
TXN00258,2025-02-11,STR001,PRD040,13,56,977,135,8,0,Yes,Medium,2025-04-28,No,25880.27,6618.82
TXN00259,2025-02-26,STR003,PRD051,17,192,511,0,8,0,No,Low,2025-10-26,No,35861.33,4861.32
TXN00260,2025-01-14,STR001,PRD007,41,87,432,0,6,0,Yes,Medium,2025-03-26,No,143957.56,26647.54
TXN00261,2025-04-06,STR004,PRD016,21,36,78,0,4,0,No,Low,2026-04-03,No,119607.18,25913.16
TXN00262,2025-03-27,STR001,PRD035,15,187,199,0,5,0,Yes,Low,2025-09-19,No,29926.05,9963.9
TXN00263,2025-05-01,STR001,PRD050,7,171,901,0,6,0,Yes,High,2026-01-26,No,47746.44,15298.36
TXN00264,2025-04-25,STR002,PRD016,15,142,55,0,4,1,Yes,Low,2025-10-03,No,85433.7,18509.4
TXN00265,2025-02-25,STR002,PRD060,14,199,203,0,4,0,No,Low,2025-08-21,No,21953.4,4517.66
TXN00266,2025-03-02,STR004,PRD002,29,2,294,32,4,0,No,High,2026-02-13,Yes,50445.5,8366.79
TXN00267,2025-04-28,STR002,PRD020,14,2,906,48,5,1,No,High,2026-02-26,Yes,49075.6,15041.18
TXN00268,2025-01-05,STR001,PRD012,17,144,577,0,5,0,Yes,High,2025-04-18,No,42916.67,9134.27
TXN00269,2025-03-16,STR002,PRD024,19,90,51,0,6,1,No,Low,2026-02-01,No,36155.1,8593.51
TXN00270,2025-04-17,STR003,PRD020,16,31,730,0,5,0,Yes,High,2025-11-17,No,56086.4,17189.92
TXN00271,2025-01-18,STR002,PRD059,15,229,588,0,4,0,Yes,Medium,2025-10-15,No,98987.55,28999.2
TXN00272,2025-01-12,STR003,PRD046,16,146,446,0,6,0,No,Medium,2025-02-19,No,82448.8,20349.28
TXN00273,2025-04-02,STR003,PRD036,14,187,119,0,9,1,No,Low,2026-03-19,No,51875.18,15201.9
TXN00274,2025-01-27,STR003,PRD018,14,183,645,0,9,0,No,Low,2025-03-20,No,82316.92,27249.04
TXN00275,2025-04-01,STR004,PRD027,40,46,883,0,4,1,Yes,High,2025-12-24,No,194228.4,36340.4
TXN00276,2025-06-28,STR001,PRD029,39,122,236,0,5,0,Yes,Low,2026-03-19,No,74553.18,24180.0
TXN00277,2025-01-10,STR001,PRD037,20,55,94,71,6,0,Yes,Low,2025-07-20,No,22334.2,6027.2
TXN00278,2025-03-21,STR002,PRD006,31,70,884,0,5,1,No,Medium,2025-05-08,No,127557.87,36484.52
TXN00279,2025-06-15,STR004,PRD064,17,31,415,93,5,0,Yes,High,2025-12-31,No,60065.08,7948.69
TXN00280,2025-03-11,STR004,PRD042,11,20,497,114,4,1,No,High,2025-11-21,No,69289.22,20245.61
TXN00281,2025-04-09,STR004,PRD057,9,77,241,0,4,1,No,High,2026-01-18,No,30613.41,7808.94
TXN00282,2025-04-05,STR001,PRD029,31,37,794,41,5,0,No,Low,2025-12-11,No,59260.22,19220.0
TXN00283,2025-06-04,STR004,PRD013,15,195,234,0,4,2,No,Medium,2025-08-25,No,86295.45,24892.95
TXN00284,2025-01-21,STR001,PRD064,18,65,726,0,5,0,No,Medium,2025-10-06,No,63598.32,8416.26
TXN00285,2025-06-04,STR001,PRD022,12,171,486,0,9,0,Yes,High,2026-02-16,No,59991.24,16808.52
TXN00286,2025-03-31,STR003,PRD010,15,99,93,0,9,2,No,High,2025-12-08,No,29518.95,5428.95
TXN00287,2025-03-12,STR002,PRD049,13,150,860,0,4,0,Yes,Low,2026-03-03,No,67594.28,17104.88
TXN00288,2025-04-14,STR001,PRD015,14,79,575,0,9,0,Yes,Low,2025-07-26,No,58366.7,17842.44
TXN00289,2025-06-05,STR004,PRD055,18,155,850,0,6,0,No,Low,2025-09-07,No,54618.84,8103.96
TXN00290,2025-01-18,STR003,PRD053,11,49,425,185,4,0,No,Medium,2025-12-04,No,22467.5,3268.98
TXN00291,2025-01-09,STR004,PRD062,8,146,207,0,4,0,No,Medium,2025-08-17,No,23963.36,4587.52
TXN00292,2025-04-24,STR004,PRD014,14,181,128,0,6,0,Yes,High,2025-11-27,No,18282.74,5869.22
TXN00293,2025-04-12,STR004,PRD059,10,70,715,0,4,0,No,Low,2025-07-09,No,65991.7,19332.8
TXN00294,2025-01-07,STR002,PRD038,13,175,240,0,3,1,No,High,2025-08-23,No,61792.12,16314.74
TXN00295,2025-05-24,STR003,PRD020,14,16,843,87,5,1,No,High,2026-02-06,No,49075.6,15041.18
TXN00296,2025-02-24,STR002,PRD030,39,34,988,197,8,2,No,Low,2025-05-27,No,175451.64,32157.84
TXN00297,2025-02-04,STR003,PRD031,23,92,226,0,5,0,No,Low,2025-08-16,No,73016.26,23348.45
TXN00298,2025-06-20,STR002,PRD044,11,77,776,0,5,1,Yes,High,2026-04-23,No,13211.33,1734.59
TXN00299,2025-03-16,STR002,PRD030,22,195,211,0,8,1,Yes,Medium,2025-12-31,No,98972.72,18140.32
TXN00300,2025-02-27,STR001,PRD013,10,21,861,71,4,0,Yes,Low,2025-12-06,No,57530.3,16595.3
TXN00301,2025-01-07,STR003,PRD012,13,79,617,0,5,3,No,Medium,2025-11-15,No,32818.63,6985.03
TXN00302,2025-02-03,STR002,PRD049,15,141,955,0,4,0,Yes,Low,2025-08-10,No,77993.4,19736.4
TXN00303,2025-04-12,STR002,PRD007,42,92,470,0,6,1,No,High,2025-06-18,No,147468.72,27297.48
TXN00304,2025-02-02,STR002,PRD014,17,231,374,0,6,0,Yes,Medium,2025-10-28,No,22200.47,7126.91
TXN00305,2025-06-24,STR001,PRD019,13,119,402,0,4,1,Yes,High,2026-06-16,No,21482.76,3359.2
TXN00306,2025-05-31,STR001,PRD030,24,172,182,0,8,3,No,High,2025-07-28,No,107970.24,19789.44
TXN00307,2025-02-01,STR002,PRD043,7,125,206,0,5,0,No,Low,2025-05-24,No,27571.11,4383.47
TXN00308,2025-03-24,STR003,PRD059,10,229,776,0,4,1,Yes,Medium,2026-01-13,No,65991.7,19332.8
TXN00309,2025-03-14,STR004,PRD003,27,37,251,0,4,3,No,Low,2026-02-27,No,137413.53,43440.3
TXN00310,2025-03-19,STR001,PRD050,15,142,596,0,6,1,Yes,High,2026-03-12,No,102313.8,32782.2
TXN00311,2025-02-13,STR004,PRD021,16,135,644,0,6,1,Yes,Low,2026-01-28,No,39926.4,7288.8
TXN00312,2025-06-04,STR004,PRD029,30,185,996,0,5,0,Yes,Low,2025-08-14,No,57348.6,18600.0
TXN00313,2025-01-12,STR002,PRD003,40,157,640,0,4,0,No,High,2025-05-29,No,203575.6,64356.0
TXN00314,2025-05-27,STR003,PRD039,12,94,682,0,8,1,Yes,Medium,2026-05-13,No,37650.84,12527.52
TXN00315,2025-05-20,STR004,PRD049,14,60,359,184,4,0,No,Low,2026-01-12,No,72793.84,18420.64
TXN00316,2025-03-18,STR004,PRD061,19,97,124,0,8,0,Yes,Low,2025-11-28,No,83067.05,19332.88
TXN00317,2025-04-17,STR001,PRD026,36,82,258,0,9,0,No,High,2025-07-29,No,60595.92,12637.08
TXN00318,2025-03-22,STR001,PRD062,13,207,785,0,4,0,No,High,2025-10-14,No,38940.46,7454.72
TXN00319,2025-04-13,STR001,PRD013,23,10,577,114,4,0,Yes,Medium,2025-09-13,No,132319.69,38169.19
TXN00320,2025-04-30,STR004,PRD055,16,15,510,88,6,0,Yes,Low,2025-07-18,No,48550.08,7203.52
TXN00321,2025-01-13,STR001,PRD015,17,57,934,118,9,1,No,Low,2025-05-04,No,70873.85,21665.82
TXN00322,2025-03-25,STR002,PRD036,6,233,641,0,9,0,No,Low,2025-07-14,No,22232.22,6515.1
TXN00323,2025-05-08,STR003,PRD023,19,112,528,0,4,0,No,Medium,2026-02-16,No,72709.39,12613.91
TXN00324,2025-01-06,STR001,PRD029,17,224,452,0,5,0,No,Low,2025-05-26,No,32497.54,10540.0
TXN00325,2025-05-30,STR003,PRD043,12,78,99,0,5,2,Yes,Medium,2026-03-09,No,47264.76,7514.52
TXN00326,2025-06-02,STR002,PRD022,12,213,913,0,9,2,No,Medium,2026-04-02,No,59991.24,16808.52
TXN00327,2025-01-03,STR001,PRD028,22,88,187,0,4,0,No,High,2025-08-08,No,115932.52,26090.68
TXN00328,2025-04-14,STR004,PRD031,37,0,102,122,5,0,Yes,Medium,2026-02-21,Yes,117460.94,37560.55
TXN00329,2025-03-15,STR003,PRD047,13,5,566,118,8,0,No,High,2025-09-04,Yes,71615.31,14526.59
TXN00330,2025-06-09,STR003,PRD020,20,154,675,0,5,0,Yes,Low,2025-08-27,No,70108.0,21487.4
TXN00331,2025-04-11,STR002,PRD060,14,81,863,0,4,1,No,High,2025-11-14,No,21953.4,4517.66
TXN00332,2025-02-06,STR003,PRD015,21,29,571,174,9,0,No,High,2025-03-28,No,87550.05,26763.66
TXN00333,2025-01-12,STR001,PRD019,17,0,780,55,4,2,No,Medium,2025-11-03,Yes,28092.84,4392.8
TXN00334,2025-04-27,STR004,PRD009,14,24,964,175,4,0,Yes,Medium,2026-04-05,No,79788.66,22565.76
TXN00335,2025-03-23,STR004,PRD019,15,26,681,120,4,0,No,High,2025-10-11,No,24787.8,3876.0
TXN00336,2025-05-10,STR001,PRD004,36,100,551,0,4,1,No,Medium,2025-06-17,No,128549.52,17838.36
TXN00337,2025-04-05,STR003,PRD039,15,69,739,0,8,0,Yes,Medium,2026-02-27,No,47063.55,15659.4
TXN00338,2025-03-20,STR004,PRD039,16,187,970,0,8,1,Yes,High,2025-12-17,No,50201.12,16703.36
TXN00339,2025-03-09,STR001,PRD023,13,234,721,0,4,1,Yes,High,2025-05-04,No,49748.53,8630.57
TXN00340,2025-05-30,STR004,PRD007,38,5,694,154,6,1,No,Low,2025-10-31,Yes,133424.08,24697.72
TXN00341,2025-01-09,STR004,PRD005,38,204,767,0,4,0,Yes,Low,2025-02-17,No,66939.28,16490.48
TXN00342,2025-04-23,STR001,PRD007,24,83,205,0,6,1,No,High,2025-09-04,No,84267.84,15598.56
TXN00343,2025-04-16,STR003,PRD009,11,117,843,0,4,0,No,High,2025-06-16,No,62691.09,17730.24
TXN00344,2025-06-30,STR004,PRD006,25,107,262,0,5,0,No,High,2026-03-31,No,102869.25,29423.0
TXN00345,2025-05-15,STR001,PRD040,16,80,371,0,8,0,Yes,Medium,2026-03-13,No,31852.64,8146.24
TXN00346,2025-03-29,STR002,PRD028,37,53,742,0,4,0,No,High,2025-12-31,No,194977.42,43879.78
TXN00347,2025-02-19,STR004,PRD021,17,228,302,0,6,0,No,High,2025-08-20,No,42421.8,7744.35
TXN00348,2025-02-27,STR004,PRD002,27,170,345,0,4,1,Yes,High,2025-12-04,No,46966.5,7789.77
TXN00349,2025-03-23,STR001,PRD021,15,107,407,0,6,1,No,Medium,2025-06-23,No,37431.0,6833.25
TXN00350,2025-05-27,STR003,PRD051,11,162,606,0,8,1,No,Medium,2025-12-19,No,23204.39,3145.56
TXN00351,2025-02-07,STR002,PRD062,18,56,93,0,4,0,No,High,2025-04-18,No,53917.56,10321.92
TXN00352,2025-03-30,STR004,PRD009,18,218,502,0,4,0,No,High,2025-12-30,No,102585.42,29013.12
TXN00353,2025-02-24,STR003,PRD051,15,36,327,157,8,1,No,Low,2025-05-20,No,31642.35,4289.4
TXN00354,2025-06-07,STR003,PRD035,16,173,650,0,5,0,Yes,Low,2025-08-01,No,31921.12,10628.16
TXN00355,2025-06-21,STR003,PRD049,16,215,593,0,4,1,Yes,High,2025-11-17,No,83192.96,21052.16
TXN00356,2025-01-14,STR004,PRD019,21,4,388,125,4,1,No,Low,2025-04-24,Yes,34702.92,5426.4
TXN00357,2025-01-02,STR002,PRD044,16,230,613,0,5,0,Yes,Medium,2026-01-01,No,19216.48,2523.04
TXN00358,2025-05-02,STR001,PRD032,31,135,254,0,4,1,No,Medium,2025-10-25,No,36105.7,5989.2
TXN00359,2025-06-15,STR004,PRD056,10,5,717,42,9,0,Yes,High,2025-08-03,Yes,33476.9,5439.7
TXN00360,2025-02-14,STR004,PRD058,13,93,953,0,8,1,Yes,Low,2025-10-05,No,49235.03,13094.12
TXN00361,2025-05-07,STR001,PRD040,11,36,947,94,8,0,Yes,Low,2025-11-05,No,21898.69,5600.54
TXN00362,2025-05-26,STR001,PRD049,21,133,159,0,4,2,No,Medium,2026-02-12,No,109190.76,27630.96
TXN00363,2025-06-14,STR004,PRD007,39,95,555,0,6,0,Yes,High,2026-03-10,No,136935.24,25347.66
TXN00364,2025-03-11,STR004,PRD055,14,35,388,48,6,2,Yes,High,2025-11-30,No,42481.32,6303.08
TXN00365,2025-06-15,STR004,PRD027,38,145,240,0,4,1,Yes,High,2026-01-03,No,184516.98,34523.38
TXN00366,2025-03-17,STR002,PRD014,18,127,740,0,6,1,Yes,Low,2026-02-22,No,23506.38,7546.14
TXN00367,2025-06-13,STR001,PRD016,8,221,465,0,4,2,No,High,2025-12-27,No,45564.64,9871.68
TXN00368,2025-01-23,STR003,PRD041,15,87,735,0,6,0,Yes,Low,2025-05-04,No,7445.1,2135.7
TXN00369,2025-05-03,STR004,PRD016,15,67,304,0,4,0,Yes,Medium,2025-12-15,No,85433.7,18509.4
TXN00370,2025-03-02,STR004,PRD060,13,101,821,0,4,0,No,Medium,2025-09-02,No,20385.3,4194.97
TXN00371,2025-05-30,STR003,PRD023,10,175,636,0,4,1,Yes,Medium,2026-05-29,No,38268.1,6638.9
TXN00372,2025-04-03,STR003,PRD038,9,168,291,0,3,1,Yes,High,2025-07-02,No,42779.16,11294.82
TXN00373,2025-04-30,STR002,PRD063,16,62,213,0,6,0,No,High,2026-02-11,No,40980.96,10756.96
TXN00374,2025-06-30,STR002,PRD020,16,181,368,0,5,1,Yes,High,2025-12-28,No,56086.4,17189.92
TXN00375,2025-04-05,STR002,PRD008,38,18,186,76,8,1,No,Low,2025-12-23,No,88833.36,27748.36
TXN00376,2025-06-05,STR004,PRD046,14,81,475,0,6,1,No,High,2025-10-24,No,72142.7,17805.62
TXN00377,2025-03-05,STR004,PRD022,13,161,822,0,9,2,Yes,High,2025-11-18,No,64990.51,18209.23
TXN00378,2025-05-16,STR003,PRD024,21,159,420,0,6,1,Yes,High,2025-08-11,No,39960.9,9498.09
TXN00379,2025-01-16,STR002,PRD032,36,195,567,0,4,1,Yes,High,2025-11-16,No,41929.2,6955.2
TXN00380,2025-02-08,STR001,PRD062,15,27,385,0,4,0,No,Low,2025-06-23,No,44931.3,8601.6
TXN00381,2025-05-30,STR004,PRD061,9,116,143,0,8,0,No,Low,2026-02-16,No,39347.55,9157.68
TXN00382,2025-02-03,STR002,PRD022,17,114,475,0,9,0,No,High,2025-04-03,No,84987.59,23812.07
TXN00383,2025-05-24,STR004,PRD032,31,141,876,0,4,0,No,High,2025-07-04,No,36105.7,5989.2
TXN00384,2025-04-12,STR002,PRD023,15,50,813,20,4,0,Yes,High,2025-06-18,No,57402.15,9958.35
TXN00385,2025-01-12,STR002,PRD046,9,99,402,0,6,2,Yes,High,2025-03-13,No,46377.45,11446.47
TXN00386,2025-01-18,STR001,PRD005,37,0,468,93,4,1,Yes,Low,2026-01-11,Yes,65177.72,16056.52
TXN00387,2025-06-15,STR004,PRD028,37,58,962,0,4,1,No,Medium,2026-01-24,No,194977.42,43879.78
TXN00388,2025-04-07,STR004,PRD022,25,0,727,194,9,1,Yes,High,2025-11-01,Yes,124981.75,35017.75
TXN00389,2025-01-31,STR001,PRD020,12,33,600,0,5,0,No,High,2025-05-06,No,42064.8,12892.44
TXN00390,2025-02-27,STR002,PRD029,23,170,73,0,5,0,No,Medium,2026-01-01,No,43967.26,14260.0
TXN00391,2025-04-19,STR004,PRD003,39,58,893,0,4,0,Yes,Low,2026-01-09,No,198486.21,62747.1
TXN00392,2025-03-30,STR003,PRD007,29,41,946,68,6,1,Yes,Low,2025-11-29,No,101823.64,18848.26
TXN00393,2025-06-07,STR001,PRD053,17,179,954,0,4,1,Yes,Low,2025-10-20,No,34722.5,5052.06
TXN00394,2025-01-18,STR002,PRD028,16,136,84,0,4,0,No,High,2025-03-13,No,84314.56,18975.04
TXN00395,2025-03-04,STR002,PRD006,22,80,499,0,5,0,Yes,High,2025-07-23,No,90524.94,25892.24
TXN00396,2025-01-15,STR003,PRD026,21,107,346,0,9,0,Yes,High,2025-12-05,No,35347.62,7371.63
TXN00397,2025-03-23,STR003,PRD014,19,128,662,0,6,1,No,Low,2025-09-23,No,24812.29,7965.37
TXN00398,2025-02-06,STR004,PRD020,11,158,583,0,5,0,Yes,Medium,2025-08-08,No,38559.4,11818.07
TXN00399,2025-03-12,STR004,PRD014,11,4,655,162,6,0,Yes,High,2025-11-15,Yes,14365.01,4611.53
TXN00400,2025-05-23,STR004,PRD058,16,110,98,0,8,1,No,High,2026-01-03,No,60596.96,16115.84
TXN00401,2025-05-15,STR004,PRD051,14,67,476,198,8,1,No,Low,2025-11-14,No,29532.86,4003.44
TXN00402,2025-04-07,STR003,PRD021,21,26,534,157,6,0,Yes,Low,2025-10-07,No,52403.4,9566.55
TXN00403,2025-02-06,STR001,PRD062,14,192,524,0,4,0,Yes,High,2025-10-05,No,41935.88,8028.16
TXN00404,2025-04-17,STR003,PRD045,16,126,592,0,6,0,Yes,Medium,2025-09-18,No,87778.08,17113.92
TXN00405,2025-03-07,STR001,PRD044,19,33,712,104,5,1,Yes,Medium,2025-10-12,No,22819.57,2996.11
TXN00406,2025-01-24,STR001,PRD040,15,122,791,0,8,1,Yes,Low,2025-07-10,No,29861.85,7637.1
TXN00407,2025-04-07,STR003,PRD053,17,155,669,0,4,1,Yes,Low,2025-08-11,No,34722.5,5052.06
TXN00408,2025-05-31,STR003,PRD042,17,168,737,0,4,0,Yes,Medium,2025-10-14,No,107083.34,31288.67
TXN00409,2025-03-27,STR004,PRD005,32,212,980,0,4,1,Yes,Low,2025-08-01,No,56369.92,13886.72
TXN00410,2025-01-31,STR002,PRD024,14,177,822,0,6,0,No,Low,2026-01-05,No,26640.6,6332.06
TXN00411,2025-06-30,STR003,PRD021,16,36,987,121,6,1,Yes,High,2026-01-10,No,39926.4,7288.8
TXN00412,2025-03-14,STR002,PRD063,10,87,527,0,6,0,No,Medium,2025-08-24,No,25613.1,6723.1
TXN00413,2025-04-03,STR003,PRD057,16,115,953,0,4,0,No,Medium,2025-06-22,No,54423.84,13882.56
TXN00414,2025-05-01,STR004,PRD042,9,185,909,0,4,1,No,Low,2025-12-06,No,56691.18,16564.59
TXN00415,2025-03-22,STR001,PRD055,18,87,96,0,6,0,Yes,High,2025-07-04,No,54618.84,8103.96
TXN00416,2025-01-05,STR004,PRD060,18,48,648,161,4,1,No,Medium,2025-04-23,No,28225.8,5808.42
TXN00417,2025-02-20,STR001,PRD042,19,65,438,78,4,0,Yes,Medium,2025-12-28,No,119681.38,34969.69
TXN00418,2025-06-17,STR003,PRD054,10,231,751,0,6,0,No,Medium,2026-03-24,No,34933.4,5267.6
TXN00419,2025-06-14,STR004,PRD040,11,178,552,0,8,0,No,Low,2026-01-10,No,21898.69,5600.54
TXN00420,2025-02-13,STR001,PRD039,17,18,550,159,8,0,Yes,High,2026-02-06,No,53338.69,17747.32
TXN00421,2025-01-16,STR003,PRD008,38,0,887,39,8,0,Yes,Low,2025-09-14,Yes,88833.36,27748.36
TXN00422,2025-02-05,STR001,PRD007,41,18,774,37,6,0,Yes,Low,2025-06-26,No,143957.56,26647.54
TXN00423,2025-05-10,STR001,PRD003,32,63,111,0,4,1,No,High,2026-02-13,No,162860.48,51484.8
TXN00424,2025-01-05,STR002,PRD027,18,118,614,0,4,0,No,Low,2025-02-12,No,87402.78,16353.18
TXN00425,2025-05-16,STR001,PRD019,17,167,331,0,4,0,No,Low,2026-02-27,No,28092.84,4392.8
TXN00426,2025-06-28,STR003,PRD042,15,157,490,0,4,0,Yes,Low,2025-09-15,No,94485.3,27607.65
TXN00427,2025-05-15,STR001,PRD023,11,27,246,81,4,0,No,Medium,2025-10-28,No,42094.91,7302.79
TXN00428,2025-04-12,STR001,PRD023,10,10,465,115,4,1,No,High,2025-09-13,No,38268.1,6638.9
TXN00429,2025-06-28,STR002,PRD017,21,36,357,0,4,1,Yes,High,2026-06-25,No,88433.94,12592.65
TXN00430,2025-01-09,STR004,PRD043,12,11,438,123,5,0,No,High,2025-10-09,No,47264.76,7514.52
TXN00431,2025-01-15,STR002,PRD014,14,149,59,0,6,1,Yes,Low,2025-10-27,No,18282.74,5869.22
TXN00432,2025-04-22,STR001,PRD053,20,145,853,0,4,1,No,High,2025-07-09,No,40850.0,5943.6
TXN00433,2025-05-16,STR001,PRD022,16,219,93,0,9,0,Yes,Low,2026-04-01,No,79988.32,22411.36
TXN00434,2025-05-02,STR003,PRD051,13,56,996,31,8,1,Yes,High,2025-10-22,No,27423.37,3717.48
TXN00435,2025-05-20,STR004,PRD042,15,129,723,0,4,1,Yes,Low,2025-11-27,No,94485.3,27607.65
TXN00436,2025-01-05,STR004,PRD007,22,128,197,0,6,2,No,Low,2025-07-07,No,77245.52,14298.68
TXN00437,2025-02-11,STR001,PRD025,32,29,904,165,4,0,No,High,2025-12-14,No,217674.88,59250.56
TXN00438,2025-03-26,STR002,PRD016,15,83,823,0,4,0,Yes,High,2025-06-04,No,85433.7,18509.4
TXN00439,2025-05-09,STR003,PRD032,36,0,497,45,4,1,Yes,Low,2025-11-29,Yes,41929.2,6955.2
TXN00440,2025-06-04,STR004,PRD053,10,186,678,0,4,1,No,Medium,2025-07-19,No,20425.0,2971.8
TXN00441,2025-06-12,STR001,PRD063,23,46,852,0,6,1,No,Medium,2025-11-05,No,58910.13,15463.13
TXN00442,2025-04-02,STR004,PRD056,14,127,434,0,9,2,No,Low,2026-02-25,No,46867.66,7615.58
TXN00443,2025-06-19,STR001,PRD036,17,80,137,0,9,0,No,Low,2025-08-25,No,62991.29,18459.45
TXN00444,2025-01-22,STR001,PRD049,21,47,439,59,4,1,Yes,High,2025-09-08,No,109190.76,27630.96
TXN00445,2025-03-23,STR004,PRD054,14,78,159,0,6,0,Yes,Low,2025-09-26,No,48906.76,7374.64
TXN00446,2025-04-24,STR001,PRD061,14,78,829,0,8,0,No,Low,2025-07-30,No,61207.3,14245.28
TXN00447,2025-01-23,STR004,PRD045,14,33,509,130,6,0,No,Low,2025-03-07,No,76805.82,14974.68
TXN00448,2025-01-23,STR002,PRD002,32,109,145,0,4,1,No,Medium,2025-02-28,No,55664.0,9232.32
TXN00449,2025-03-16,STR004,PRD051,13,92,447,0,8,0,Yes,High,2026-01-26,No,27423.37,3717.48
TXN00450,2025-03-04,STR003,PRD037,10,136,583,0,6,0,Yes,High,2025-10-14,No,11167.1,3013.6
TXN00451,2025-02-13,STR001,PRD041,7,28,358,88,6,1,No,Medium,2025-05-28,No,3474.38,996.66
TXN00452,2025-01-17,STR001,PRD041,9,33,332,131,6,0,No,Medium,2025-10-21,No,4467.06,1281.42
TXN00453,2025-01-20,STR001,PRD019,12,80,307,0,4,2,Yes,High,2026-01-05,No,19830.24,3100.8
TXN00454,2025-05-07,STR004,PRD016,15,137,681,0,4,0,Yes,Medium,2025-07-30,No,85433.7,18509.4
TXN00455,2025-02-04,STR003,PRD049,7,70,56,0,4,0,No,Medium,2026-01-17,No,36396.92,9210.32
TXN00456,2025-04-08,STR004,PRD057,15,190,932,0,4,2,No,Medium,2025-10-26,No,51022.35,13014.9
TXN00457,2025-04-21,STR002,PRD044,12,196,893,0,5,0,Yes,Medium,2025-11-01,No,14412.36,1892.28
TXN00458,2025-06-04,STR004,PRD012,18,224,761,0,5,0,Yes,Medium,2025-12-11,No,45441.18,9671.58
TXN00459,2025-02-15,STR003,PRD002,32,215,376,0,4,0,No,High,2026-02-04,No,55664.0,9232.32
TXN00460,2025-05-06,STR002,PRD064,10,237,639,0,5,0,Yes,Medium,2025-12-14,No,35332.4,4675.7
TXN00461,2025-03-13,STR002,PRD013,23,186,854,0,4,3,No,Medium,2025-06-09,No,132319.69,38169.19
TXN00462,2025-05-25,STR002,PRD025,26,125,608,0,4,2,Yes,High,2026-04-01,No,176860.84,48141.08
TXN00463,2025-01-07,STR003,PRD050,11,232,794,0,6,0,No,High,2025-05-24,No,75030.12,24040.28
TXN00464,2025-04-23,STR002,PRD055,18,186,348,0,6,0,Yes,Medium,2026-02-02,No,54618.84,8103.96
TXN00465,2025-02-05,STR003,PRD015,9,153,360,0,9,0,Yes,Medium,2025-05-24,No,37521.45,11470.14
TXN00466,2025-04-19,STR004,PRD034,14,188,436,0,8,0,Yes,Medium,2026-03-21,No,43865.08,11474.12
TXN00467,2025-05-03,STR004,PRD003,37,65,597,0,4,1,No,High,2025-06-20,No,188307.43,59529.3
TXN00468,2025-04-03,STR003,PRD051,9,170,966,0,8,0,Yes,Low,2025-09-07,No,18985.41,2573.64
TXN00469,2025-06-18,STR001,PRD036,17,153,413,0,9,0,Yes,High,2026-05-27,No,62991.29,18459.45
TXN00470,2025-01-12,STR002,PRD046,17,127,710,0,6,1,No,Medium,2025-09-19,No,87601.85,21621.11
TXN00471,2025-01-28,STR004,PRD032,17,8,277,86,4,0,Yes,Medium,2025-09-06,No,19799.9,3284.4
TXN00472,2025-04-11,STR002,PRD003,33,164,745,0,4,1,Yes,Medium,2025-05-23,No,167949.87,53093.7
TXN00473,2025-05-04,STR002,PRD002,22,53,475,0,4,0,Yes,Low,2025-08-14,No,38269.0,6347.22
TXN00474,2025-03-31,STR001,PRD022,13,66,401,0,9,1,No,Low,2026-01-21,No,64990.51,18209.23
TXN00475,2025-05-04,STR002,PRD010,12,77,537,0,9,0,Yes,Medium,2026-01-20,No,23615.16,4343.16
TXN00476,2025-03-23,STR003,PRD007,20,56,879,31,6,0,Yes,Low,2025-10-14,No,70223.2,12998.8
TXN00477,2025-06-15,STR001,PRD046,12,15,869,193,6,1,Yes,High,2025-11-16,No,61836.6,15261.96
TXN00478,2025-05-13,STR004,PRD028,29,112,213,0,4,0,No,High,2026-01-16,No,152820.14,34392.26
TXN00479,2025-04-29,STR001,PRD020,16,43,866,0,5,1,No,High,2025-08-31,No,56086.4,17189.92
TXN00480,2025-02-17,STR004,PRD059,8,155,723,0,4,1,No,Medium,2025-04-02,No,52793.36,15466.24
TXN00481,2025-06-07,STR004,PRD054,14,212,252,0,6,2,No,High,2026-02-11,No,48906.76,7374.64
TXN00482,2025-04-10,STR001,PRD034,16,0,269,200,8,1,Yes,Medium,2025-06-11,Yes,50131.52,13113.28
TXN00483,2025-05-28,STR003,PRD013,12,14,241,157,4,1,No,Medium,2025-10-05,No,69036.36,19914.36
TXN00484,2025-04-28,STR004,PRD018,17,12,736,87,9,0,No,High,2026-04-20,No,99956.26,33088.12
TXN00485,2025-03-22,STR004,PRD048,12,140,447,0,8,1,No,High,2025-06-18,No,39311.04,7078.8
TXN00486,2025-03-31,STR002,PRD024,13,77,915,0,6,0,No,High,2025-07-27,No,24737.7,5879.77
TXN00487,2025-06-22,STR003,PRD001,27,208,679,0,3,0,Yes,High,2025-09-28,No,103411.08,14167.71
TXN00488,2025-03-22,STR002,PRD027,18,43,362,0,4,1,Yes,Low,2025-10-29,No,87402.78,16353.18
TXN00489,2025-06-27,STR003,PRD014,13,23,447,150,6,1,No,High,2025-10-05,No,16976.83,5449.99
TXN00490,2025-05-28,STR001,PRD047,18,80,483,0,8,0,Yes,Medium,2026-05-18,No,99159.66,20113.74
TXN00491,2025-05-18,STR001,PRD027,39,199,227,0,4,0,Yes,Medium,2025-11-11,No,189372.69,35431.89
TXN00492,2025-02-05,STR001,PRD041,13,34,912,100,6,1,No,High,2025-04-03,No,6452.42,1850.94
TXN00493,2025-04-02,STR002,PRD007,23,101,189,0,6,1,Yes,Medium,2026-02-13,No,80756.68,14948.62
TXN00494,2025-05-10,STR004,PRD034,13,154,556,0,8,0,No,High,2026-02-15,No,40731.86,10654.54
TXN00495,2025-04-17,STR004,PRD001,37,88,221,0,3,0,Yes,High,2025-06-01,No,141711.48,19415.01
TXN00496,2025-02-26,STR001,PRD018,24,50,331,28,9,1,Yes,High,2025-08-22,No,141114.72,46712.64
TXN00497,2025-02-13,STR001,PRD049,20,179,518,0,4,0,No,High,2025-12-01,No,103991.2,26315.2
TXN00498,2025-01-29,STR002,PRD012,9,137,166,0,5,0,No,High,2025-09-03,No,22720.59,4835.79
TXN00499,2025-05-19,STR001,PRD007,26,168,786,0,6,0,No,High,2025-10-07,No,91290.16,16898.44
TXN00500,2025-04-19,STR003,PRD016,16,10,819,187,4,0,Yes,Medium,2025-06-04,No,91129.28,19743.36
TXN00501,2025-04-26,STR001,PRD029,25,64,499,42,5,0,Yes,Low,2025-09-10,No,47790.5,15500.0
TXN00502,2025-05-31,STR003,PRD019,23,153,409,0,4,1,No,Low,2026-05-11,No,38007.96,5943.2
TXN00503,2025-02-05,STR001,PRD045,17,183,261,0,6,0,Yes,Low,2025-12-23,No,93264.21,18183.54
TXN00504,2025-03-31,STR002,PRD019,24,112,337,0,4,0,Yes,Medium,2025-09-26,No,39660.48,6201.6
TXN00505,2025-03-16,STR001,PRD050,23,123,323,0,6,0,Yes,Low,2025-11-11,No,156881.16,50266.04
TXN00506,2025-01-16,STR004,PRD064,15,55,179,187,5,0,Yes,Low,2025-04-30,No,52998.6,7013.55
TXN00507,2025-03-24,STR001,PRD014,11,201,303,0,6,1,No,Medium,2025-07-04,No,14365.01,4611.53
TXN00508,2025-05-28,STR004,PRD046,10,151,325,0,6,1,No,Medium,2026-02-13,No,51530.5,12718.3
TXN00509,2025-01-20,STR003,PRD029,39,164,951,0,5,3,Yes,Medium,2025-11-09,No,74553.18,24180.0
TXN00510,2025-03-13,STR004,PRD058,9,168,948,0,8,0,No,Medium,2025-12-17,No,34085.79,9065.16
TXN00511,2025-03-25,STR004,PRD053,16,132,52,0,4,0,Yes,High,2025-12-14,No,32680.0,4754.88
TXN00512,2025-06-12,STR002,PRD052,10,160,764,0,3,0,No,Low,2026-04-11,No,29987.1,9927.0
TXN00513,2025-04-12,STR001,PRD004,22,225,489,0,4,0,Yes,Medium,2025-09-26,No,78558.04,10901.22
TXN00514,2025-03-24,STR001,PRD034,12,200,340,0,8,2,No,High,2026-02-12,No,37598.64,9834.96
TXN00515,2025-02-03,STR002,PRD004,38,180,546,0,4,0,No,High,2025-03-29,No,135691.16,18829.38
TXN00516,2025-01-12,STR004,PRD040,10,15,852,180,8,1,No,Low,2025-04-15,No,19907.9,5091.4
TXN00517,2025-02-10,STR002,PRD062,12,100,517,0,4,1,Yes,Medium,2025-06-23,No,35945.04,6881.28
TXN00518,2025-06-26,STR002,PRD032,22,203,715,0,4,1,No,Low,2025-12-13,No,25623.4,4250.4
TXN00519,2025-01-24,STR004,PRD044,20,147,419,0,5,1,No,Low,2025-09-01,No,24020.6,3153.8
TXN00520,2025-06-20,STR002,PRD020,8,223,714,0,5,0,Yes,Low,2026-02-07,No,28043.2,8594.96
TXN00521,2025-06-10,STR001,PRD026,33,152,766,0,9,2,Yes,Medium,2026-06-10,No,55546.26,11583.99
TXN00522,2025-01-24,STR004,PRD013,15,165,147,0,4,0,Yes,Low,2025-10-25,No,86295.45,24892.95
TXN00523,2025-01-20,STR003,PRD045,19,14,281,171,6,0,No,Low,2025-02-23,No,104236.47,20322.78
TXN00524,2025-06-28,STR001,PRD038,15,72,886,0,3,1,Yes,Medium,2025-10-03,No,71298.6,18824.7
TXN00525,2025-05-03,STR003,PRD054,14,4,442,78,6,1,Yes,High,2025-07-24,Yes,48906.76,7374.64
TXN00526,2025-01-27,STR002,PRD064,21,59,952,114,5,0,No,Low,2025-09-09,No,74198.04,9818.97
TXN00527,2025-02-04,STR002,PRD017,15,149,743,0,4,0,Yes,Low,2025-12-02,No,63167.1,8994.75
TXN00528,2025-05-25,STR002,PRD051,12,0,715,176,8,1,Yes,Medium,2025-12-20,Yes,25313.88,3431.52
TXN00529,2025-02-24,STR003,PRD023,13,147,816,0,4,0,Yes,Medium,2026-02-04,No,49748.53,8630.57
TXN00530,2025-06-25,STR001,PRD061,15,98,930,0,8,1,Yes,Low,2025-09-14,No,65579.25,15262.8
TXN00531,2025-02-05,STR001,PRD064,15,177,176,0,5,0,No,Medium,2025-10-12,No,52998.6,7013.55
TXN00532,2025-03-22,STR003,PRD059,8,194,193,0,4,0,Yes,Medium,2026-03-17,No,52793.36,15466.24
TXN00533,2025-01-22,STR003,PRD034,13,50,616,0,8,1,No,High,2025-03-06,No,40731.86,10654.54
TXN00534,2025-06-18,STR004,PRD014,21,203,358,0,6,1,Yes,High,2026-05-24,No,27424.11,8803.83
TXN00535,2025-05-11,STR001,PRD009,7,41,815,0,4,0,No,Medium,2026-05-06,No,39894.33,11282.88
TXN00536,2025-01-14,STR002,PRD035,21,179,969,0,5,0,Yes,Medium,2025-08-29,No,41896.47,13949.46
TXN00537,2025-01-29,STR004,PRD056,15,46,703,147,9,0,Yes,High,2025-03-06,No,50215.35,8159.55
TXN00538,2025-04-03,STR001,PRD045,12,227,374,0,6,0,Yes,Medium,2026-02-18,No,65833.56,12835.44
TXN00539,2025-04-18,STR003,PRD016,11,82,609,0,4,0,Yes,Medium,2025-06-24,No,62651.38,13573.56
TXN00540,2025-01-05,STR001,PRD016,12,138,119,0,4,1,Yes,Medium,2025-05-25,No,68346.96,14807.52
TXN00541,2025-01-11,STR004,PRD040,18,218,111,0,8,2,No,High,2025-07-06,No,35834.22,9164.52
TXN00542,2025-06-10,STR002,PRD041,14,168,563,0,6,0,No,Medium,2026-01-31,No,6948.76,1993.32
TXN00543,2025-01-22,STR002,PRD034,13,150,599,0,8,1,Yes,Medium,2025-04-04,No,40731.86,10654.54
TXN00544,2025-03-21,STR002,PRD037,14,6,993,150,6,1,Yes,Low,2026-01-19,No,15633.94,4219.04
TXN00545,2025-03-25,STR002,PRD062,11,89,650,0,4,1,Yes,Medium,2025-12-03,No,32949.62,6307.84
TXN00546,2025-03-03,STR002,PRD052,9,5,138,82,3,0,No,Low,2025-11-20,Yes,26988.39,8934.3
TXN00547,2025-06-06,STR002,PRD023,16,139,106,0,4,1,No,High,2025-10-03,No,61228.96,10622.24
TXN00548,2025-01-31,STR001,PRD061,14,0,768,55,8,0,Yes,Low,2025-11-11,Yes,61207.3,14245.28
TXN00549,2025-03-30,STR003,PRD047,17,116,579,0,8,0,No,Low,2025-11-05,No,93650.79,18996.31
TXN00550,2025-02-02,STR002,PRD013,16,175,849,0,4,1,No,High,2025-05-03,No,92048.48,26552.48
TXN00551,2025-01-08,STR004,PRD013,20,65,876,0,4,0,No,Medium,2025-11-02,No,115060.6,33190.6
TXN00552,2025-01-17,STR002,PRD037,18,49,692,167,6,1,Yes,Medium,2025-10-07,No,20100.78,5424.48
TXN00553,2025-05-11,STR003,PRD064,19,73,106,0,5,1,No,High,2025-09-03,No,67131.56,8883.83
TXN00554,2025-04-05,STR002,PRD023,15,25,841,85,4,0,Yes,High,2025-07-03,No,57402.15,9958.35
TXN00555,2025-02-28,STR003,PRD057,16,173,571,0,4,1,Yes,Low,2025-04-05,No,54423.84,13882.56
TXN00556,2025-03-04,STR004,PRD062,17,0,422,140,4,0,No,Low,2025-07-03,Yes,50922.14,9748.48
TXN00557,2025-01-10,STR003,PRD015,17,124,872,0,9,0,No,Low,2025-07-23,No,70873.85,21665.82
TXN00558,2025-03-05,STR003,PRD061,16,90,987,0,8,1,No,Medium,2025-05-13,No,69951.2,16280.32
TXN00559,2025-05-27,STR001,PRD004,28,2,739,148,4,1,Yes,Low,2025-10-18,Yes,99982.96,13874.28
TXN00560,2025-05-13,STR001,PRD025,14,230,460,0,4,0,Yes,Medium,2025-11-03,No,95232.76,25922.12
TXN00561,2025-03-21,STR004,PRD029,30,0,517,161,5,0,Yes,Medium,2025-07-31,Yes,57348.6,18600.0
TXN00562,2025-03-16,STR003,PRD040,15,129,853,0,8,1,No,High,2026-02-27,No,29861.85,7637.1
TXN00563,2025-03-04,STR002,PRD037,14,104,427,0,6,1,No,Low,2026-01-07,No,15633.94,4219.04
TXN00564,2025-03-04,STR001,PRD039,16,22,469,21,8,0,Yes,Low,2026-01-05,No,50201.12,16703.36
TXN00565,2025-03-30,STR002,PRD040,27,135,909,0,8,1,Yes,Medium,2025-04-29,No,53751.33,13746.78
TXN00566,2025-06-18,STR001,PRD028,34,183,805,0,4,0,No,Low,2025-10-31,No,179168.44,40321.96
TXN00567,2025-05-16,STR003,PRD005,23,84,553,0,4,0,Yes,Low,2025-11-05,No,40515.88,9981.08
TXN00568,2025-01-24,STR004,PRD022,19,0,968,79,9,0,No,High,2025-09-01,Yes,94986.13,26613.49
TXN00569,2025-04-28,STR004,PRD051,19,230,815,0,8,0,Yes,High,2025-07-15,No,40080.31,5433.24
TXN00570,2025-05-10,STR001,PRD051,12,22,889,183,8,2,No,Low,2026-04-08,No,25313.88,3431.52
TXN00571,2025-05-26,STR002,PRD054,19,0,728,131,6,0,Yes,Low,2025-11-21,Yes,66373.46,10008.44
TXN00572,2025-03-08,STR003,PRD015,17,200,372,0,9,1,No,High,2025-09-21,No,70873.85,21665.82
TXN00573,2025-03-23,STR001,PRD046,7,108,328,0,6,0,Yes,Low,2025-08-03,No,36071.35,8902.81
TXN00574,2025-02-04,STR001,PRD057,16,183,838,0,4,1,Yes,Low,2025-04-29,No,54423.84,13882.56
TXN00575,2025-02-12,STR001,PRD060,15,100,527,0,4,0,No,Medium,2025-05-14,No,23521.5,4840.35
TXN00576,2025-05-18,STR002,PRD013,11,80,838,0,4,1,Yes,Medium,2025-11-21,No,63283.33,18254.83
TXN00577,2025-04-29,STR001,PRD021,9,58,922,0,6,0,Yes,Low,2025-08-17,No,22458.6,4099.95
TXN00578,2025-06-25,STR001,PRD029,30,181,771,0,5,0,Yes,Low,2026-01-08,No,57348.6,18600.0
TXN00579,2025-02-07,STR004,PRD006,16,166,304,0,5,1,No,Medium,2025-11-26,No,65836.32,18830.72
TXN00580,2025-01-13,STR004,PRD016,16,157,356,0,4,1,No,Low,2025-02-27,No,91129.28,19743.36
TXN00581,2025-04-14,STR004,PRD005,35,107,816,0,4,0,Yes,Low,2026-01-05,No,61654.6,15188.6
TXN00582,2025-01-27,STR003,PRD048,15,190,862,0,8,1,Yes,Low,2025-03-04,No,49138.8,8848.5
TXN00583,2025-01-16,STR003,PRD022,14,198,849,0,9,1,Yes,Low,2025-05-27,No,69989.78,19609.94
TXN00584,2025-04-13,STR002,PRD050,18,77,752,0,6,1,Yes,High,2026-03-09,No,122776.56,39338.64
TXN00585,2025-03-08,STR001,PRD057,12,222,882,0,4,0,Yes,Low,2025-05-10,No,40817.88,10411.92
TXN00586,2025-02-20,STR004,PRD062,8,223,711,0,4,2,No,Low,2025-05-08,No,23963.36,4587.52
TXN00587,2025-03-26,STR003,PRD011,17,14,522,30,8,0,Yes,Low,2026-02-12,No,37831.46,5837.63
TXN00588,2025-04-21,STR004,PRD018,11,199,791,0,9,0,No,Medium,2025-06-05,No,64677.58,21409.96
TXN00589,2025-04-08,STR001,PRD064,17,157,486,0,5,1,Yes,Medium,2025-08-25,No,60065.08,7948.69
TXN00590,2025-02-17,STR004,PRD030,26,45,954,134,8,0,Yes,Low,2026-01-27,No,116967.76,21438.56
TXN00591,2025-06-08,STR002,PRD010,22,135,301,0,9,0,No,Medium,2026-02-03,No,43294.46,7962.46
TXN00592,2025-05-21,STR002,PRD001,34,0,336,42,3,1,No,Low,2026-01-20,Yes,130221.36,17840.82
TXN00593,2025-02-21,STR004,PRD052,12,152,955,0,3,0,Yes,High,2025-12-26,No,35984.52,11912.4
TXN00594,2025-01-05,STR002,PRD059,16,81,850,0,4,0,No,Medium,2025-11-09,No,105586.72,30932.48
TXN00595,2025-05-05,STR001,PRD021,10,78,984,0,6,1,No,Medium,2025-10-20,No,24954.0,4555.5
TXN00596,2025-02-16,STR001,PRD030,13,68,661,0,8,1,Yes,Low,2025-08-08,No,58483.88,10719.28
TXN00597,2025-01-15,STR003,PRD052,12,195,533,0,3,1,No,High,2025-06-13,No,35984.52,11912.4
TXN00598,2025-02-10,STR002,PRD020,15,10,722,83,5,0,Yes,Medium,2025-12-10,No,52581.0,16115.55
TXN00599,2025-01-15,STR004,PRD010,12,183,274,0,9,1,No,Medium,2025-05-13,No,23615.16,4343.16
TXN00600,2025-02-15,STR002,PRD013,17,43,375,171,4,0,No,High,2025-03-31,No,97801.51,28212.01
TXN00601,2025-06-30,STR004,PRD043,12,167,410,0,5,1,Yes,High,2025-11-03,No,47264.76,7514.52
TXN00602,2025-05-07,STR001,PRD041,25,113,366,0,6,1,Yes,Medium,2025-06-25,No,12408.5,3559.5
TXN00603,2025-01-24,STR001,PRD057,13,1,666,79,4,0,Yes,Low,2025-11-19,Yes,44219.37,11279.58
TXN00604,2025-05-03,STR003,PRD028,17,67,989,0,4,1,Yes,Low,2025-11-23,No,89584.22,20160.98
TXN00605,2025-02-15,STR004,PRD035,14,221,871,0,5,0,No,Low,2025-03-28,No,27930.98,9299.64
TXN00606,2025-02-07,STR004,PRD062,12,138,771,0,4,1,Yes,Low,2025-12-03,No,35945.04,6881.28
TXN00607,2025-04-04,STR002,PRD025,22,73,771,0,4,1,No,High,2025-06-24,No,149651.48,40734.76
TXN00608,2025-03-28,STR002,PRD004,25,57,189,0,4,0,Yes,High,2025-12-06,No,89270.5,12387.75
TXN00609,2025-06-13,STR004,PRD008,42,124,374,0,8,1,Yes,High,2026-04-26,No,98184.24,30669.24
TXN00610,2025-06-27,STR004,PRD034,16,211,678,0,8,1,No,Low,2026-05-24,No,50131.52,13113.28
TXN00611,2025-02-14,STR002,PRD010,15,81,364,0,9,1,No,Low,2025-06-14,No,29518.95,5428.95
TXN00612,2025-01-01,STR001,PRD029,39,61,83,165,5,1,Yes,High,2025-07-12,No,74553.18,24180.0
TXN00613,2025-06-06,STR003,PRD054,14,42,629,183,6,0,Yes,Medium,2025-09-16,No,48906.76,7374.64
TXN00614,2025-03-26,STR002,PRD030,24,36,377,108,8,0,Yes,High,2025-06-09,No,107970.24,19789.44
TXN00615,2025-06-21,STR001,PRD036,11,152,796,0,9,1,No,Medium,2025-07-26,No,40759.07,11944.35
TXN00616,2025-03-09,STR003,PRD034,14,39,759,83,8,1,Yes,Medium,2025-08-17,No,43865.08,11474.12
TXN00617,2025-01-28,STR004,PRD061,16,168,51,0,8,0,Yes,Medium,2025-10-09,No,69951.2,16280.32
TXN00618,2025-04-18,STR003,PRD061,13,235,220,0,8,0,No,Medium,2025-11-27,No,56835.35,13227.76
TXN00619,2025-03-31,STR004,PRD037,22,117,434,0,6,0,Yes,Medium,2026-02-19,No,24567.62,6629.92
TXN00620,2025-06-16,STR001,PRD058,13,181,753,0,8,0,Yes,Low,2026-03-04,No,49235.03,13094.12
TXN00621,2025-01-19,STR003,PRD027,19,56,70,0,4,2,No,Medium,2025-04-12,No,92258.49,17261.69
TXN00622,2025-01-19,STR001,PRD012,16,71,224,0,5,0,No,Low,2025-03-28,No,40392.16,8596.96
TXN00623,2025-05-21,STR003,PRD063,12,229,969,0,6,1,Yes,Medium,2026-04-20,No,30735.72,8067.72
TXN00624,2025-06-07,STR003,PRD024,17,211,544,0,6,1,Yes,Medium,2026-06-06,No,32349.3,7688.93
TXN00625,2025-02-12,STR001,PRD049,21,134,961,0,4,1,No,Low,2025-04-10,No,109190.76,27630.96
TXN00626,2025-01-26,STR002,PRD016,11,73,260,0,4,1,Yes,Medium,2025-12-05,No,62651.38,13573.56
TXN00627,2025-05-19,STR004,PRD038,14,53,726,0,3,0,No,Medium,2025-10-17,No,66545.36,17569.72
TXN00628,2025-01-25,STR002,PRD025,19,81,635,0,4,1,No,Low,2025-03-23,No,129244.46,35180.02
TXN00629,2025-04-03,STR004,PRD036,15,0,139,129,9,1,No,High,2026-03-19,Yes,55580.55,16287.75
TXN00630,2025-06-03,STR001,PRD044,21,101,254,0,5,0,Yes,Low,2025-10-16,No,25221.63,3311.49
TXN00631,2025-02-13,STR003,PRD012,19,144,348,0,5,0,Yes,Medium,2025-05-13,No,47965.69,10208.89
TXN00632,2025-03-20,STR003,PRD041,16,184,457,0,6,0,No,Medium,2025-09-01,No,7941.44,2278.08
TXN00633,2025-01-24,STR001,PRD024,22,142,607,0,6,1,No,Low,2025-08-31,No,41863.8,9950.38
TXN00634,2025-04-08,STR004,PRD042,20,74,241,0,4,0,No,Low,2025-09-19,No,125980.4,36810.2
TXN00635,2025-04-23,STR001,PRD033,10,109,319,0,4,0,Yes,Medium,2026-03-07,No,36494.1,7109.8
TXN00636,2025-01-16,STR002,PRD048,15,23,733,198,8,0,Yes,Low,2025-08-10,No,49138.8,8848.5
TXN00637,2025-05-19,STR004,PRD010,17,88,824,0,9,1,Yes,High,2025-07-19,No,33454.81,6152.81
TXN00638,2025-04-10,STR004,PRD018,22,187,585,0,9,1,No,High,2026-01-08,No,129355.16,42819.92
TXN00639,2025-05-27,STR001,PRD042,17,208,291,0,4,0,No,Medium,2025-08-05,No,107083.34,31288.67
TXN00640,2025-04-12,STR001,PRD051,13,218,924,0,8,1,Yes,High,2026-02-28,No,27423.37,3717.48
TXN00641,2025-05-13,STR001,PRD040,20,184,635,0,8,1,Yes,Low,2026-01-27,No,39815.8,10182.8
TXN00642,2025-02-14,STR001,PRD032,27,221,266,0,4,0,Yes,Low,2025-04-06,No,31446.9,5216.4
TXN00643,2025-04-19,STR003,PRD051,13,7,495,194,8,0,Yes,High,2025-08-02,No,27423.37,3717.48
TXN00644,2025-06-02,STR001,PRD001,27,54,982,0,3,0,Yes,Low,2026-01-16,No,103411.08,14167.71
TXN00645,2025-05-23,STR001,PRD032,34,107,383,0,4,0,No,High,2026-02-11,No,39599.8,6568.8
TXN00646,2025-01-04,STR004,PRD005,37,113,585,0,4,0,No,Low,2025-09-03,No,65177.72,16056.52
TXN00647,2025-02-08,STR002,PRD024,19,18,652,165,6,0,Yes,Low,2025-12-23,No,36155.1,8593.51
TXN00648,2025-01-26,STR003,PRD031,28,194,598,0,5,1,No,Medium,2025-07-10,No,88889.36,28424.2
TXN00649,2025-04-09,STR003,PRD047,15,152,547,0,8,1,No,Low,2025-08-05,No,82633.05,16761.45
TXN00650,2025-03-12,STR001,PRD062,24,79,197,0,4,2,No,Low,2025-10-30,No,71890.08,13762.56
TXN00651,2025-03-26,STR002,PRD044,13,163,293,0,5,0,Yes,High,2025-12-24,No,15613.39,2049.97
TXN00652,2025-03-10,STR001,PRD002,27,0,887,106,4,0,No,Medium,2025-08-30,Yes,46966.5,7789.77
TXN00653,2025-05-06,STR002,PRD024,21,198,762,0,6,1,Yes,Low,2025-08-12,No,39960.9,9498.09
TXN00654,2025-03-18,STR002,PRD015,15,234,811,0,9,0,No,Medium,2025-09-01,No,62535.75,19116.9
TXN00655,2025-04-17,STR001,PRD003,38,127,141,0,4,0,Yes,Medium,2025-09-02,No,193396.82,61138.2
TXN00656,2025-04-15,STR004,PRD017,19,170,546,0,4,1,No,Low,2026-02-02,No,80011.66,11393.35
TXN00657,2025-02-10,STR003,PRD063,11,5,776,99,6,2,No,Low,2025-12-05,Yes,28174.41,7395.41
TXN00658,2025-05-26,STR004,PRD021,19,0,247,64,6,0,Yes,Low,2025-10-30,Yes,47412.6,8655.45
TXN00659,2025-01-09,STR001,PRD005,32,0,771,112,4,0,Yes,Medium,2025-08-15,Yes,56369.92,13886.72
TXN00660,2025-04-29,STR003,PRD021,14,115,456,0,6,1,Yes,High,2025-06-13,No,34935.6,6377.7
TXN00661,2025-03-03,STR001,PRD026,26,99,658,0,9,1,No,Low,2025-11-30,No,43763.72,9126.78
TXN00662,2025-05-31,STR004,PRD033,19,122,408,0,4,3,No,Low,2025-11-09,No,69338.79,13508.62
TXN00663,2025-06-26,STR003,PRD061,19,4,78,92,8,1,No,Low,2025-10-17,Yes,83067.05,19332.88
TXN00664,2025-05-27,STR002,PRD040,12,187,269,0,8,0,Yes,High,2025-10-19,No,23889.48,6109.68
TXN00665,2025-06-23,STR004,PRD023,18,34,717,88,4,3,No,High,2025-08-02,No,68882.58,11950.02
TXN00666,2025-06-24,STR004,PRD040,18,0,983,141,8,0,Yes,High,2025-10-20,Yes,35834.22,9164.52
TXN00667,2025-06-03,STR002,PRD041,11,194,58,0,6,0,Yes,Medium,2026-05-10,No,5459.74,1566.18
TXN00668,2025-03-20,STR001,PRD022,11,171,776,0,9,0,No,Medium,2025-10-28,No,54991.97,15407.81
TXN00669,2025-03-31,STR001,PRD017,17,100,308,0,4,0,Yes,Medium,2025-10-01,No,71589.38,10194.05
TXN00670,2025-06-23,STR003,PRD051,20,113,894,0,8,0,No,High,2025-09-13,No,42189.8,5719.2
TXN00671,2025-01-02,STR003,PRD042,13,117,728,0,4,0,No,High,2025-12-29,No,81887.26,23926.63
TXN00672,2025-06-02,STR001,PRD024,19,136,339,0,6,2,No,High,2025-08-26,No,36155.1,8593.51
TXN00673,2025-05-04,STR002,PRD040,20,0,333,106,8,1,No,Medium,2025-10-14,Yes,39815.8,10182.8
TXN00674,2025-06-17,STR001,PRD028,38,38,242,0,4,0,Yes,High,2025-11-17,No,200247.08,45065.72
TXN00675,2025-01-15,STR002,PRD017,17,189,927,0,4,0,No,High,2025-07-27,No,71589.38,10194.05
TXN00676,2025-06-24,STR003,PRD024,14,21,721,26,6,0,No,Medium,2025-12-03,No,26640.6,6332.06
TXN00677,2025-04-18,STR003,PRD040,17,86,447,0,8,0,Yes,High,2026-03-06,No,33843.43,8655.38
TXN00678,2025-02-18,STR003,PRD030,36,149,780,0,8,0,Yes,High,2025-12-18,No,161955.36,29684.16
TXN00679,2025-06-13,STR001,PRD033,25,175,537,0,4,0,No,High,2025-12-13,No,91235.25,17774.5
TXN00680,2025-02-13,STR003,PRD014,17,198,723,0,6,0,Yes,Medium,2025-05-03,No,22200.47,7126.91
TXN00681,2025-05-01,STR004,PRD024,11,21,792,86,6,0,Yes,High,2025-11-18,No,20931.9,4975.19
TXN00682,2025-06-17,STR003,PRD006,19,37,278,110,5,0,No,Medium,2026-01-02,No,78180.63,22361.48
TXN00683,2025-04-06,STR001,PRD040,14,52,351,169,8,1,No,Low,2026-01-01,No,27871.06,7127.96
TXN00684,2025-01-14,STR001,PRD050,10,211,699,0,6,0,Yes,Medium,2025-05-23,No,68209.2,21854.8
TXN00685,2025-05-09,STR004,PRD032,23,199,747,0,4,0,No,High,2025-11-07,No,26788.1,4443.6
TXN00686,2025-04-16,STR002,PRD018,21,0,190,58,9,2,Yes,Medium,2025-12-11,Yes,123475.38,40873.56
TXN00687,2025-05-26,STR004,PRD051,8,220,978,0,8,2,No,Low,2025-12-03,No,16875.92,2287.68
TXN00688,2025-02-16,STR001,PRD030,19,105,390,0,8,1,Yes,Medium,2026-02-05,No,85476.44,15666.64
TXN00689,2025-01-15,STR001,PRD015,16,0,330,135,9,0,Yes,Low,2025-12-06,Yes,66704.8,20391.36
TXN00690,2025-02-10,STR004,PRD014,18,107,854,0,6,0,Yes,Low,2026-01-20,No,23506.38,7546.14
TXN00691,2025-04-22,STR001,PRD022,16,146,489,0,9,0,No,Medium,2026-01-21,No,79988.32,22411.36
TXN00692,2025-04-09,STR004,PRD044,24,0,596,29,5,0,Yes,High,2025-11-16,Yes,28824.72,3784.56
TXN00693,2025-01-04,STR004,PRD012,14,214,379,0,5,2,Yes,Low,2025-02-05,No,35343.14,7522.34
TXN00694,2025-06-10,STR001,PRD061,16,171,304,0,8,0,Yes,High,2026-01-02,No,69951.2,16280.32
TXN00695,2025-03-21,STR002,PRD046,8,25,442,46,6,1,No,Low,2025-05-23,No,41224.4,10174.64
TXN00696,2025-01-12,STR002,PRD025,31,211,347,0,4,0,No,High,2025-11-04,No,210872.54,57398.98
TXN00697,2025-06-02,STR004,PRD028,39,47,494,0,4,0,Yes,Medium,2026-03-09,No,205516.74,46251.66
TXN00698,2025-04-02,STR001,PRD010,16,176,242,0,9,0,Yes,Medium,2025-05-11,No,31486.88,5790.88
TXN00699,2025-02-28,STR002,PRD041,8,49,266,53,6,1,Yes,High,2025-12-13,No,3970.72,1139.04
TXN00700,2025-02-13,STR004,PRD013,15,16,778,113,4,1,Yes,Medium,2026-02-05,No,86295.45,24892.95
TXN00701,2025-03-07,STR003,PRD036,11,186,597,0,9,0,Yes,High,2025-04-30,No,40759.07,11944.35
TXN00702,2025-06-19,STR003,PRD033,9,18,906,187,4,2,Yes,Low,2025-09-16,No,32844.69,6398.82
TXN00703,2025-04-17,STR001,PRD055,14,99,439,0,6,0,Yes,High,2025-09-23,No,42481.32,6303.08
TXN00704,2025-05-02,STR004,PRD043,7,172,206,0,5,1,Yes,High,2026-04-19,No,27571.11,4383.47
TXN00705,2025-01-03,STR004,PRD006,32,75,727,0,5,0,Yes,High,2025-10-26,No,131672.64,37661.44
TXN00706,2025-03-11,STR004,PRD015,15,144,670,0,9,0,Yes,Medium,2025-06-02,No,62535.75,19116.9
TXN00707,2025-05-11,STR003,PRD056,8,176,682,0,9,0,Yes,Medium,2025-08-07,No,26781.52,4351.76
TXN00708,2025-01-28,STR001,PRD062,17,110,253,0,4,0,Yes,Medium,2025-11-21,No,50922.14,9748.48
TXN00709,2025-02-21,STR001,PRD038,8,83,770,0,3,0,No,Medium,2025-06-13,No,38025.92,10039.84
TXN00710,2025-01-11,STR002,PRD001,33,94,982,0,3,0,Yes,High,2025-10-14,No,126391.32,17316.09
TXN00711,2025-03-26,STR004,PRD009,9,51,52,0,4,0,Yes,High,2025-06-09,No,51292.71,14506.56
TXN00712,2025-01-29,STR003,PRD029,40,131,555,0,5,0,Yes,Low,2025-11-16,No,76464.8,24800.0
TXN00713,2025-01-20,STR004,PRD021,11,174,790,0,6,0,Yes,Medium,2026-01-14,No,27449.4,5011.05
TXN00714,2025-03-01,STR002,PRD026,36,214,353,0,9,0,No,Medium,2025-04-25,No,60595.92,12637.08
TXN00715,2025-01-26,STR003,PRD027,24,199,90,0,4,1,No,Medium,2025-08-04,No,116537.04,21804.24
TXN00716,2025-04-20,STR004,PRD049,13,176,168,0,4,2,Yes,Low,2025-05-24,No,67594.28,17104.88
TXN00717,2025-02-05,STR004,PRD045,14,155,712,0,6,0,Yes,Medium,2025-09-06,No,76805.82,14974.68
TXN00718,2025-04-23,STR004,PRD018,14,230,686,0,9,1,No,High,2025-07-09,No,82316.92,27249.04
TXN00719,2025-04-06,STR003,PRD004,35,11,460,49,4,0,No,Medium,2025-09-22,No,124978.7,17342.85
TXN00720,2025-04-09,STR002,PRD045,19,157,921,0,6,0,No,Medium,2026-04-06,No,104236.47,20322.78
TXN00721,2025-02-12,STR003,PRD001,22,11,793,198,3,0,Yes,Low,2025-05-06,No,84260.88,11544.06
TXN00722,2025-04-17,STR004,PRD062,11,222,654,0,4,0,No,High,2025-12-27,No,32949.62,6307.84
TXN00723,2025-02-16,STR001,PRD028,36,61,847,0,4,0,No,High,2025-04-01,No,189707.76,42693.84
TXN00724,2025-06-25,STR003,PRD012,11,214,908,0,5,1,Yes,Medium,2026-03-31,No,27769.61,5910.41
TXN00725,2025-01-29,STR002,PRD042,10,217,471,0,4,1,No,Low,2025-04-01,No,62990.2,18405.1
TXN00726,2025-03-08,STR004,PRD005,42,38,62,0,4,1,Yes,High,2025-09-27,No,73985.52,18226.32
TXN00727,2025-05-13,STR002,PRD024,10,123,754,0,6,1,Yes,Medium,2025-10-17,No,19029.0,4522.9
TXN00728,2025-05-04,STR004,PRD006,34,135,742,0,5,0,No,Low,2026-03-15,No,139902.18,40015.28
TXN00729,2025-06-06,STR003,PRD052,16,0,708,22,3,1,Yes,High,2026-03-03,Yes,47979.36,15883.2
TXN00730,2025-05-07,STR002,PRD063,17,205,219,0,6,0,Yes,Medium,2025-11-17,No,43542.27,11429.27
TXN00731,2025-03-03,STR004,PRD005,32,216,334,0,4,1,Yes,High,2025-07-25,No,56369.92,13886.72
TXN00732,2025-05-21,STR004,PRD024,16,148,437,0,6,1,No,Low,2025-07-30,No,30446.4,7236.64
TXN00733,2025-04-28,STR004,PRD021,21,92,870,0,6,1,No,Low,2026-02-07,No,52403.4,9566.55
TXN00734,2025-04-25,STR001,PRD063,16,64,171,0,6,0,No,High,2026-04-24,No,40980.96,10756.96
TXN00735,2025-01-05,STR002,PRD015,15,11,472,123,9,1,Yes,High,2025-11-12,No,62535.75,19116.9
TXN00736,2025-01-01,STR002,PRD015,19,192,143,0,9,0,No,High,2025-11-14,No,79211.95,24214.74
TXN00737,2025-02-22,STR003,PRD004,40,131,517,0,4,0,No,Medium,2025-04-20,No,142832.8,19820.4
TXN00738,2025-02-27,STR001,PRD010,15,201,515,0,9,0,No,High,2026-02-09,No,29518.95,5428.95
TXN00739,2025-06-03,STR004,PRD006,36,147,722,0,5,0,No,High,2026-02-19,No,148131.72,42369.12
TXN00740,2025-01-30,STR002,PRD064,21,3,277,188,5,0,Yes,Medium,2025-08-29,Yes,74198.04,9818.97
TXN00741,2025-06-12,STR004,PRD028,31,109,584,0,4,2,No,High,2025-09-04,No,163359.46,36764.14
TXN00742,2025-01-12,STR002,PRD005,31,95,193,0,4,2,No,Low,2025-06-21,No,54608.36,13452.76
TXN00743,2025-06-06,STR004,PRD026,27,21,922,50,9,0,No,Low,2026-02-25,No,45446.94,9477.81
TXN00744,2025-02-18,STR002,PRD036,25,158,396,0,9,0,Yes,Medium,2025-04-12,No,92634.25,27146.25
TXN00745,2025-06-12,STR001,PRD001,42,0,518,135,3,1,Yes,Medium,2025-07-14,Yes,160861.68,22038.66
TXN00746,2025-05-16,STR001,PRD031,19,122,493,0,5,2,No,High,2025-09-13,No,60317.78,19287.85
TXN00747,2025-06-27,STR004,PRD063,15,133,227,0,6,0,Yes,Low,2026-02-10,No,38419.65,10084.65
TXN00748,2025-06-18,STR002,PRD012,11,142,670,0,5,1,No,High,2026-01-30,No,27769.61,5910.41
TXN00749,2025-04-18,STR003,PRD040,17,233,673,0,8,0,Yes,Medium,2025-12-07,No,33843.43,8655.38
TXN00750,2025-03-29,STR002,PRD019,13,235,351,0,4,0,No,Low,2025-07-07,No,21482.76,3359.2
TXN00751,2025-04-16,STR004,PRD001,39,140,957,0,3,0,No,High,2026-02-20,No,149371.56,20464.47
TXN00752,2025-03-22,STR003,PRD053,17,165,804,0,4,0,Yes,Low,2025-08-06,No,34722.5,5052.06
TXN00753,2025-06-09,STR003,PRD063,13,169,347,0,6,2,No,High,2025-09-14,No,33297.03,8740.03
TXN00754,2025-06-16,STR001,PRD002,24,104,605,0,4,0,No,High,2025-09-13,No,41748.0,6924.24
TXN00755,2025-04-01,STR003,PRD010,10,133,541,0,9,0,No,High,2026-01-29,No,19679.3,3619.3
TXN00756,2025-03-15,STR002,PRD062,23,201,917,0,4,0,No,Low,2026-01-06,No,68894.66,13189.12
TXN00757,2025-01-28,STR004,PRD044,9,0,198,117,5,0,Yes,High,2025-03-27,Yes,10809.27,1419.21
TXN00758,2025-02-21,STR003,PRD042,19,49,343,61,4,0,No,Low,2025-04-23,No,119681.38,34969.69
TXN00759,2025-06-26,STR004,PRD019,13,187,352,0,4,1,Yes,High,2025-08-11,No,21482.76,3359.2
TXN00760,2025-04-02,STR003,PRD003,29,0,938,177,4,0,Yes,High,2026-03-29,Yes,147592.31,46658.1
TXN00761,2025-05-24,STR003,PRD040,13,86,293,0,8,0,No,High,2025-07-17,No,25880.27,6618.82
TXN00762,2025-04-08,STR002,PRD008,29,77,857,0,8,0,No,High,2025-06-04,No,67793.88,21176.38
TXN00763,2025-01-04,STR002,PRD025,29,22,939,178,4,0,No,Low,2025-12-24,No,197267.86,53695.82
TXN00764,2025-06-30,STR002,PRD056,17,164,713,0,9,0,No,High,2026-05-05,No,56910.73,9247.49
TXN00765,2025-06-04,STR001,PRD030,18,180,792,0,8,0,Yes,Medium,2026-02-18,No,80977.68,14842.08
TXN00766,2025-02-15,STR002,PRD010,17,157,126,0,9,1,Yes,Low,2025-12-05,No,33454.81,6152.81
TXN00767,2025-01-31,STR003,PRD050,17,79,91,0,6,0,No,Medium,2025-12-11,No,115955.64,37153.16
TXN00768,2025-03-09,STR003,PRD059,12,21,648,61,4,0,No,Low,2025-09-24,No,79190.04,23199.36
TXN00769,2025-04-30,STR003,PRD058,11,170,208,0,8,0,Yes,Low,2025-11-11,No,41660.41,11079.64
TXN00770,2025-06-02,STR002,PRD056,16,0,680,180,9,1,No,Medium,2026-04-21,Yes,53563.04,8703.52
TXN00771,2025-05-21,STR004,PRD010,12,79,124,0,9,1,No,High,2025-10-10,No,23615.16,4343.16
TXN00772,2025-02-17,STR004,PRD003,34,0,213,149,4,0,No,High,2025-12-18,Yes,173039.26,54702.6
TXN00773,2025-04-14,STR003,PRD062,13,10,276,109,4,2,Yes,High,2025-10-30,No,38940.46,7454.72
TXN00774,2025-03-26,STR001,PRD032,31,44,820,75,4,0,No,High,2026-03-23,No,36105.7,5989.2
TXN00775,2025-01-03,STR003,PRD040,21,8,404,191,8,0,No,Low,2025-12-27,No,41806.59,10691.94
TXN00776,2025-06-07,STR004,PRD034,17,218,686,0,8,1,Yes,Low,2025-12-18,No,53264.74,13932.86
TXN00777,2025-04-08,STR002,PRD051,17,217,865,0,8,0,Yes,Medium,2025-09-16,No,35861.33,4861.32
TXN00778,2025-05-19,STR004,PRD033,14,171,339,0,4,1,Yes,High,2025-12-26,No,51091.74,9953.72
TXN00779,2025-05-12,STR002,PRD022,13,192,570,0,9,0,No,Medium,2025-07-03,No,64990.51,18209.23
TXN00780,2025-03-17,STR004,PRD019,14,215,717,0,4,0,Yes,Medium,2026-01-04,No,23135.28,3617.6
TXN00781,2025-01-22,STR003,PRD037,16,226,148,0,6,1,Yes,High,2025-11-21,No,17867.36,4821.76
TXN00782,2025-01-02,STR001,PRD060,16,144,117,0,4,0,Yes,High,2025-12-20,No,25089.6,5163.04
TXN00783,2025-02-24,STR002,PRD046,19,202,751,0,6,2,No,Low,2025-07-09,No,97907.95,24164.77
TXN00784,2025-05-18,STR003,PRD059,11,201,769,0,4,0,No,High,2025-07-23,No,72590.87,21266.08
TXN00785,2025-06-25,STR001,PRD030,25,0,784,137,8,2,No,Low,2025-09-07,Yes,112469.0,20614.0
TXN00786,2025-01-19,STR004,PRD047,13,0,863,65,8,0,No,High,2025-03-26,Yes,71615.31,14526.59
TXN00787,2025-05-28,STR003,PRD026,27,206,314,0,9,0,No,Medium,2026-02-12,No,45446.94,9477.81
TXN00788,2025-06-11,STR004,PRD005,35,75,373,0,4,0,Yes,Medium,2025-09-09,No,61654.6,15188.6
TXN00789,2025-05-17,STR002,PRD057,16,0,787,184,4,1,Yes,High,2026-04-11,Yes,54423.84,13882.56
TXN00790,2025-01-12,STR004,PRD018,8,171,918,0,9,0,Yes,Medium,2025-10-26,No,47038.24,15570.88
TXN00791,2025-01-28,STR004,PRD059,21,53,358,195,4,0,Yes,Medium,2025-10-09,No,138582.57,40598.88
TXN00792,2025-04-08,STR002,PRD030,31,179,726,0,8,0,Yes,Medium,2025-07-27,No,139461.56,25561.36
TXN00793,2025-05-17,STR001,PRD039,21,35,814,54,8,1,No,High,2025-11-14,No,65888.97,21923.16
TXN00794,2025-06-12,STR002,PRD047,11,25,743,96,8,2,No,Low,2026-04-21,No,60597.57,12291.73
TXN00795,2025-05-23,STR004,PRD025,17,14,55,30,4,0,No,High,2026-03-29,No,115639.78,31476.86
TXN00796,2025-01-22,STR004,PRD032,27,26,266,108,4,0,No,High,2025-11-10,No,31446.9,5216.4
TXN00797,2025-02-06,STR002,PRD035,10,31,276,67,5,0,No,Low,2025-05-05,No,19950.7,6642.6
TXN00798,2025-02-16,STR003,PRD034,13,158,868,0,8,0,Yes,High,2025-11-09,No,40731.86,10654.54
TXN00799,2025-06-15,STR001,PRD050,14,126,124,0,6,1,No,High,2025-08-18,No,95492.88,30596.72
TXN00800,2025-03-06,STR001,PRD016,18,7,793,70,4,1,No,Medium,2025-10-04,No,102520.44,22211.28
TXN00801,2025-02-02,STR002,PRD016,16,155,721,0,4,0,Yes,Low,2025-07-27,No,91129.28,19743.36
TXN00802,2025-06-08,STR001,PRD046,13,4,375,69,6,0,No,Medium,2025-12-23,Yes,66989.65,16533.79
TXN00803,2025-06-07,STR001,PRD042,12,156,363,0,4,1,Yes,High,2026-04-23,No,75588.24,22086.12
TXN00804,2025-04-04,STR001,PRD003,30,215,488,0,4,0,Yes,Low,2025-10-11,No,152681.7,48267.0
TXN00805,2025-03-05,STR003,PRD039,16,185,276,0,8,1,No,Medium,2025-10-05,No,50201.12,16703.36
TXN00806,2025-02-04,STR004,PRD025,28,196,541,0,4,1,No,Medium,2025-09-05,No,190465.52,51844.24
TXN00807,2025-03-20,STR001,PRD003,34,107,161,0,4,1,Yes,High,2026-02-23,No,173039.26,54702.6
TXN00808,2025-01-21,STR002,PRD052,20,195,337,0,3,1,Yes,High,2025-05-31,No,59974.2,19854.0
TXN00809,2025-03-09,STR003,PRD041,15,172,957,0,6,0,Yes,High,2025-05-16,No,7445.1,2135.7
TXN00810,2025-01-05,STR003,PRD017,16,201,569,0,4,0,Yes,High,2025-11-27,No,67378.24,9594.4
TXN00811,2025-04-14,STR001,PRD037,16,180,654,0,6,1,Yes,Low,2026-02-20,No,17867.36,4821.76
TXN00812,2025-03-08,STR003,PRD027,46,182,602,0,4,0,No,High,2025-06-22,No,223362.66,41791.46
TXN00813,2025-04-04,STR002,PRD035,15,85,278,0,5,2,No,Low,2025-12-27,No,29926.05,9963.9
TXN00814,2025-05-09,STR003,PRD044,22,108,142,0,5,1,No,Medium,2026-02-20,No,26422.66,3469.18
TXN00815,2025-01-03,STR004,PRD054,10,159,294,0,6,0,Yes,High,2025-04-14,No,34933.4,5267.6
TXN00816,2025-04-25,STR004,PRD040,10,30,629,65,8,0,Yes,High,2026-01-27,No,19907.9,5091.4
TXN00817,2025-04-02,STR004,PRD009,16,0,829,76,4,0,No,Low,2025-06-03,Yes,91187.04,25789.44
TXN00818,2025-03-09,STR003,PRD025,30,29,734,30,4,1,Yes,High,2025-10-09,No,204070.2,55547.4
TXN00819,2025-04-10,STR002,PRD012,22,98,989,0,5,2,No,Low,2025-05-30,No,55539.22,11820.82
TXN00820,2025-06-16,STR004,PRD014,16,66,155,0,6,0,No,High,2025-11-27,No,20894.56,6707.68
TXN00821,2025-05-29,STR003,PRD006,34,111,228,0,5,0,No,High,2026-01-07,No,139902.18,40015.28
TXN00822,2025-04-04,STR001,PRD047,18,132,719,0,8,1,Yes,High,2025-09-09,No,99159.66,20113.74
TXN00823,2025-04-07,STR003,PRD058,12,237,979,0,8,0,Yes,High,2025-11-30,No,45447.72,12086.88
TXN00824,2025-04-01,STR004,PRD009,12,197,938,0,4,0,No,Medium,2026-01-02,No,68390.28,19342.08
TXN00825,2025-06-04,STR002,PRD038,9,0,953,148,3,0,Yes,Medium,2025-09-26,Yes,42779.16,11294.82
TXN00826,2025-02-28,STR004,PRD015,18,1,708,151,9,0,No,Low,2025-06-14,Yes,75042.9,22940.28
TXN00827,2025-02-17,STR001,PRD011,12,28,420,0,8,0,Yes,High,2025-07-14,No,26704.56,4120.68
TXN00828,2025-04-17,STR003,PRD025,32,152,166,0,4,2,No,High,2026-01-17,No,217674.88,59250.56
TXN00829,2025-05-03,STR001,PRD059,15,38,215,171,4,1,No,Low,2025-10-04,No,98987.55,28999.2
TXN00830,2025-01-12,STR003,PRD025,25,121,656,0,4,0,Yes,Low,2025-12-30,No,170058.5,46289.5
TXN00831,2025-05-12,STR001,PRD045,14,0,200,166,6,1,Yes,Low,2025-10-21,Yes,76805.82,14974.68
TXN00832,2025-02-16,STR004,PRD064,9,123,465,0,5,1,Yes,High,2025-08-10,No,31799.16,4208.13
TXN00833,2025-01-22,STR004,PRD034,18,37,671,134,8,0,No,Medium,2025-05-19,No,56397.96,14752.44
TXN00834,2025-02-26,STR003,PRD044,15,197,470,0,5,3,Yes,High,2025-06-29,No,18015.45,2365.35
TXN00835,2025-06-09,STR001,PRD016,20,148,573,0,4,0,No,Low,2025-12-31,No,113911.6,24679.2
TXN00836,2025-04-27,STR001,PRD057,15,137,654,0,4,1,Yes,Low,2025-12-06,No,51022.35,13014.9
TXN00837,2025-04-09,STR002,PRD039,19,14,66,47,8,0,Yes,High,2026-01-22,No,59613.83,19835.24
TXN00838,2025-06-25,STR002,PRD029,28,183,203,0,5,1,Yes,Low,2026-03-25,No,53525.36,17360.0
TXN00839,2025-06-07,STR004,PRD041,18,135,89,0,6,1,Yes,Low,2026-03-10,No,8934.12,2562.84
TXN00840,2025-06-18,STR002,PRD044,17,16,602,174,5,0,Yes,High,2026-06-15,No,20417.51,2680.73
TXN00841,2025-04-21,STR001,PRD046,18,115,480,0,6,0,No,Low,2026-02-16,No,92754.9,22892.94
TXN00842,2025-04-20,STR001,PRD033,13,45,858,143,4,0,No,Medium,2026-03-17,No,47442.33,9242.74
TXN00843,2025-06-28,STR002,PRD026,38,0,187,128,9,1,No,Medium,2025-11-24,Yes,63962.36,13339.14
TXN00844,2025-01-22,STR001,PRD058,22,50,662,0,8,0,No,Medium,2025-05-28,No,83320.82,22159.28
TXN00845,2025-01-02,STR002,PRD011,13,168,811,0,8,0,Yes,High,2025-10-26,No,28929.94,4464.07
TXN00846,2025-01-31,STR001,PRD041,17,116,57,0,6,1,No,High,2025-06-15,No,8437.78,2420.46
TXN00847,2025-06-26,STR003,PRD022,23,182,373,0,9,0,No,Medium,2025-09-18,No,114983.21,32216.33
TXN00848,2025-02-09,STR004,PRD020,12,97,717,0,5,0,No,Medium,2025-12-10,No,42064.8,12892.44
TXN00849,2025-04-19,STR003,PRD008,39,54,332,176,8,0,No,Low,2025-12-16,No,91171.08,28478.58
TXN00850,2025-05-22,STR004,PRD014,13,187,620,0,6,1,No,Low,2025-12-27,No,16976.83,5449.99
TXN00851,2025-05-24,STR002,PRD026,35,88,309,0,9,0,No,High,2025-12-16,No,58912.7,12286.05
TXN00852,2025-06-30,STR001,PRD011,12,89,803,0,8,0,Yes,High,2025-09-28,No,26704.56,4120.68
TXN00853,2025-02-28,STR002,PRD048,18,96,851,0,8,0,Yes,Low,2025-07-17,No,58966.56,10618.2
TXN00854,2025-05-11,STR002,PRD008,32,169,396,0,8,1,Yes,Low,2025-12-26,No,74807.04,23367.04
TXN00855,2025-06-12,STR003,PRD029,25,180,143,0,5,2,Yes,Medium,2026-05-15,No,47790.5,15500.0
TXN00856,2025-04-22,STR002,PRD031,21,0,277,87,5,1,No,Low,2026-03-29,Yes,66667.02,21318.15
TXN00857,2025-01-10,STR004,PRD006,30,208,460,0,5,0,No,High,2025-12-11,No,123443.1,35307.6
TXN00858,2025-01-15,STR003,PRD063,17,225,842,0,6,0,Yes,High,2025-10-25,No,43542.27,11429.27
TXN00859,2025-04-23,STR004,PRD005,20,31,920,0,4,0,No,Low,2025-06-09,No,35231.2,8679.2
TXN00860,2025-06-03,STR004,PRD010,17,113,578,0,9,2,Yes,High,2025-09-27,No,33454.81,6152.81
TXN00861,2025-06-22,STR003,PRD035,11,0,294,112,5,0,Yes,Low,2025-09-04,Yes,21945.77,7306.86
TXN00862,2025-03-12,STR003,PRD039,13,186,459,0,8,1,No,High,2025-10-30,No,40788.41,13571.48
TXN00863,2025-04-14,STR004,PRD053,9,141,255,0,4,1,Yes,High,2025-06-18,No,18382.5,2674.62
TXN00864,2025-01-24,STR001,PRD030,36,36,986,163,8,0,No,Medium,2025-07-14,No,161955.36,29684.16
TXN00865,2025-02-27,STR003,PRD053,19,136,249,0,4,0,No,Medium,2026-01-17,No,38807.5,5646.42
TXN00866,2025-01-02,STR003,PRD015,7,59,229,0,9,1,No,High,2025-03-27,No,29183.35,8921.22
TXN00867,2025-05-24,STR004,PRD052,16,2,351,148,3,0,No,Low,2026-03-12,Yes,47979.36,15883.2
TXN00868,2025-03-07,STR003,PRD037,14,210,600,0,6,1,No,High,2025-11-18,No,15633.94,4219.04
TXN00869,2025-04-07,STR001,PRD027,44,79,838,0,4,0,Yes,Medium,2025-12-27,No,213651.24,39974.44
TXN00870,2025-06-24,STR001,PRD024,25,92,968,0,6,0,Yes,Medium,2025-09-21,No,47572.5,11307.25
TXN00871,2025-03-08,STR004,PRD014,11,6,698,117,6,1,Yes,High,2025-08-02,No,14365.01,4611.53
TXN00872,2025-03-22,STR004,PRD016,17,88,411,0,4,0,Yes,High,2025-09-02,No,96824.86,20977.32
TXN00873,2025-03-05,STR003,PRD044,11,62,458,43,5,0,No,Low,2026-01-12,No,13211.33,1734.59
TXN00874,2025-02-15,STR002,PRD064,17,104,371,0,5,0,No,Low,2026-01-04,No,60065.08,7948.69
TXN00875,2025-03-10,STR002,PRD017,17,29,981,194,4,0,Yes,Medium,2025-07-20,No,71589.38,10194.05
TXN00876,2025-03-02,STR002,PRD002,25,198,321,0,4,1,Yes,Low,2025-07-13,No,43487.5,7212.75
TXN00877,2025-03-05,STR002,PRD051,21,193,683,0,8,0,No,Low,2025-05-28,No,44299.29,6005.16
TXN00878,2025-01-31,STR002,PRD057,12,223,130,0,4,0,No,High,2025-03-05,No,40817.88,10411.92
TXN00879,2025-05-19,STR004,PRD041,18,227,93,0,6,1,No,Medium,2026-05-01,No,8934.12,2562.84
TXN00880,2025-03-22,STR001,PRD008,35,194,952,0,8,0,No,Medium,2025-07-23,No,81820.2,25557.7
TXN00881,2025-05-11,STR001,PRD055,15,56,277,121,6,0,Yes,Low,2026-03-06,No,45515.7,6753.3
TXN00882,2025-04-19,STR004,PRD031,29,211,603,0,5,0,Yes,High,2025-11-12,No,92063.98,29439.35
TXN00883,2025-04-11,STR001,PRD007,23,94,173,0,6,0,No,Medium,2025-05-15,No,80756.68,14948.62
TXN00884,2025-01-04,STR003,PRD029,24,73,153,168,5,0,No,Medium,2025-12-13,No,45878.88,14880.0
TXN00885,2025-03-08,STR001,PRD004,20,120,319,0,4,0,Yes,Medium,2025-12-04,No,71416.4,9910.2
TXN00886,2025-06-06,STR004,PRD013,15,72,424,0,4,1,Yes,Medium,2026-02-08,No,86295.45,24892.95
TXN00887,2025-02-23,STR004,PRD040,18,89,767,0,8,0,No,Medium,2025-10-16,No,35834.22,9164.52
TXN00888,2025-03-13,STR001,PRD058,14,101,234,0,8,0,Yes,High,2025-08-07,No,53022.34,14101.36
TXN00889,2025-01-26,STR004,PRD054,14,170,326,0,6,0,Yes,High,2025-10-04,No,48906.76,7374.64
TXN00890,2025-04-08,STR004,PRD014,18,32,199,0,6,0,Yes,Medium,2025-05-12,No,23506.38,7546.14
TXN00891,2025-02-15,STR001,PRD024,13,94,561,0,6,2,Yes,High,2025-12-06,No,24737.7,5879.77
TXN00892,2025-05-17,STR004,PRD047,16,168,373,0,8,2,No,Medium,2025-10-22,No,88141.92,17878.88
TXN00893,2025-05-24,STR001,PRD036,15,204,631,0,9,0,Yes,Medium,2025-08-12,No,55580.55,16287.75
TXN00894,2025-06-26,STR002,PRD004,30,0,883,75,4,0,No,Medium,2026-06-13,Yes,107124.6,14865.3
TXN00895,2025-01-25,STR002,PRD053,18,97,812,0,4,2,No,Medium,2025-08-27,No,36765.0,5349.24
TXN00896,2025-04-03,STR001,PRD046,13,130,620,0,6,0,No,Medium,2025-05-13,No,66989.65,16533.79
TXN00897,2025-04-16,STR004,PRD017,18,13,938,109,4,0,Yes,High,2026-03-06,No,75800.52,10793.7
TXN00898,2025-06-16,STR001,PRD012,18,148,601,0,5,1,Yes,Medium,2026-01-13,No,45441.18,9671.58
TXN00899,2025-03-25,STR004,PRD054,12,160,572,0,6,1,No,High,2025-12-08,No,41920.08,6321.12
TXN00900,2025-01-21,STR002,PRD034,13,84,678,0,8,1,No,Medium,2026-01-09,No,40731.86,10654.54
TXN00901,2025-02-07,STR001,PRD058,14,208,221,0,8,0,No,Medium,2026-01-26,No,53022.34,14101.36
TXN00902,2025-06-06,STR004,PRD008,34,69,919,0,8,0,Yes,Low,2025-09-26,No,79482.48,24827.48
TXN00903,2025-03-29,STR001,PRD020,8,50,371,0,5,0,No,High,2025-09-24,No,28043.2,8594.96
TXN00904,2025-03-10,STR004,PRD026,36,129,454,0,9,0,No,Medium,2025-10-11,No,60595.92,12637.08
TXN00905,2025-05-31,STR002,PRD064,18,115,511,0,5,0,No,Low,2025-10-02,No,63598.32,8416.26
TXN00906,2025-01-06,STR004,PRD015,21,11,727,80,9,1,No,High,2025-03-17,No,87550.05,26763.66
TXN00907,2025-02-23,STR001,PRD057,21,21,155,121,4,1,Yes,Low,2025-11-22,No,71431.29,18220.86
TXN00908,2025-05-21,STR001,PRD064,14,0,839,26,5,1,No,High,2025-08-01,Yes,49465.36,6545.98
TXN00909,2025-01-27,STR004,PRD010,27,40,209,178,9,2,Yes,High,2025-09-13,No,53134.11,9772.11
TXN00910,2025-03-21,STR002,PRD024,13,45,303,0,6,0,No,Medium,2026-03-06,No,24737.7,5879.77
TXN00911,2025-02-02,STR003,PRD027,23,111,908,0,4,1,Yes,Low,2025-03-21,No,111681.33,20895.73
TXN00912,2025-06-19,STR001,PRD007,30,190,987,0,6,0,No,Medium,2026-03-15,No,105334.8,19498.2
TXN00913,2025-05-19,STR003,PRD002,24,116,505,0,4,0,Yes,High,2026-03-21,No,41748.0,6924.24
TXN00914,2025-02-15,STR002,PRD016,12,139,661,0,4,0,No,High,2026-02-05,No,68346.96,14807.52
TXN00915,2025-05-25,STR002,PRD026,32,102,705,0,9,0,No,Medium,2026-02-25,No,53863.04,11232.96
TXN00916,2025-05-19,STR003,PRD020,13,45,874,0,5,1,Yes,Medium,2025-11-22,No,45570.2,13966.81
TXN00917,2025-04-04,STR004,PRD016,16,89,316,0,4,0,Yes,Medium,2025-05-09,No,91129.28,19743.36
TXN00918,2025-01-01,STR004,PRD028,35,173,826,0,4,0,Yes,Medium,2025-06-26,No,184438.1,41507.9
TXN00919,2025-05-01,STR001,PRD026,27,0,994,196,9,1,No,Medium,2025-10-31,Yes,45446.94,9477.81
TXN00920,2025-01-03,STR002,PRD041,18,178,490,0,6,1,No,High,2025-05-31,No,8934.12,2562.84
TXN00921,2025-01-02,STR001,PRD013,22,118,432,0,4,1,Yes,Medium,2025-11-15,No,126566.66,36509.66
TXN00922,2025-04-22,STR003,PRD038,12,89,305,0,3,0,Yes,High,2026-04-17,No,57038.88,15059.76
TXN00923,2025-04-10,STR003,PRD043,13,199,437,0,5,1,Yes,Medium,2025-06-19,No,51203.49,8140.73
TXN00924,2025-04-19,STR001,PRD043,11,149,295,0,5,1,No,Medium,2026-04-16,No,43326.03,6888.31
TXN00925,2025-05-17,STR004,PRD062,10,197,325,0,4,1,No,Low,2025-07-21,No,29954.2,5734.4
TXN00926,2025-02-16,STR002,PRD030,18,56,163,0,8,0,No,High,2025-11-04,No,80977.68,14842.08
TXN00927,2025-03-11,STR004,PRD008,41,84,242,0,8,1,No,Low,2025-06-26,No,95846.52,29939.02
TXN00928,2025-01-13,STR004,PRD063,15,233,597,0,6,1,Yes,Low,2025-04-05,No,38419.65,10084.65
TXN00929,2025-03-14,STR002,PRD034,15,53,178,0,8,1,No,High,2025-04-17,No,46998.3,12293.7
TXN00930,2025-03-01,STR004,PRD062,14,9,65,58,4,0,No,Low,2025-09-22,No,41935.88,8028.16
TXN00931,2025-04-18,STR004,PRD024,13,66,854,0,6,0,No,Medium,2026-01-10,No,24737.7,5879.77
TXN00932,2025-06-28,STR001,PRD057,19,183,82,0,4,1,No,Low,2025-10-10,No,64628.31,16485.54
TXN00933,2025-01-15,STR002,PRD042,10,58,123,120,4,0,No,Low,2025-05-23,No,62990.2,18405.1
TXN00934,2025-03-06,STR004,PRD049,19,190,440,0,4,3,Yes,Low,2025-08-10,No,98791.64,24999.44
TXN00935,2025-04-09,STR004,PRD007,33,30,253,28,6,1,No,High,2025-06-26,No,115868.28,21448.02
TXN00936,2025-05-14,STR001,PRD030,31,90,448,0,8,1,No,Medium,2025-09-02,No,139461.56,25561.36
TXN00937,2025-06-11,STR002,PRD006,27,163,612,0,5,0,Yes,Medium,2026-03-14,No,111098.79,31776.84
TXN00938,2025-06-13,STR001,PRD013,14,62,253,0,4,0,No,Low,2025-11-01,No,80542.42,23233.42
TXN00939,2025-01-29,STR003,PRD049,17,43,494,182,4,1,No,Low,2025-05-24,No,88392.52,22367.92
TXN00940,2025-03-12,STR002,PRD064,9,140,172,0,5,0,No,Low,2025-04-15,No,31799.16,4208.13
TXN00941,2025-01-11,STR001,PRD006,32,168,757,0,5,1,No,High,2025-12-12,No,131672.64,37661.44
TXN00942,2025-02-09,STR002,PRD028,33,164,141,0,4,0,Yes,Low,2025-11-21,No,173898.78,39136.02
TXN00943,2025-01-24,STR003,PRD005,34,52,827,0,4,2,Yes,Low,2025-08-24,No,59893.04,14754.64
TXN00944,2025-06-15,STR004,PRD053,12,27,599,199,4,1,Yes,Low,2026-03-21,No,24510.0,3566.16
TXN00945,2025-03-01,STR002,PRD031,27,115,857,0,5,0,No,Medium,2025-07-07,No,85714.74,27409.05
TXN00946,2025-01-06,STR003,PRD064,17,159,436,0,5,0,No,High,2025-04-14,No,60065.08,7948.69
TXN00947,2025-03-06,STR003,PRD052,15,215,90,0,3,0,No,High,2025-11-15,No,44980.65,14890.5
TXN00948,2025-05-24,STR002,PRD024,21,54,605,0,6,0,No,Low,2026-04-09,No,39960.9,9498.09
TXN00949,2025-02-17,STR004,PRD019,12,127,406,0,4,2,No,High,2025-11-13,No,19830.24,3100.8
TXN00950,2025-03-12,STR004,PRD001,40,194,931,0,3,0,Yes,Low,2026-01-07,No,153201.6,20989.2
TXN00951,2025-02-09,STR001,PRD015,6,109,352,0,9,0,No,High,2025-09-14,No,25014.3,7646.76
TXN00952,2025-04-27,STR002,PRD002,22,176,703,0,4,0,No,High,2025-08-29,No,38269.0,6347.22
TXN00953,2025-01-05,STR002,PRD064,14,144,927,0,5,0,No,High,2025-06-06,No,49465.36,6545.98
TXN00954,2025-03-24,STR002,PRD023,13,171,114,0,4,0,No,Low,2026-01-16,No,49748.53,8630.57
TXN00955,2025-06-24,STR002,PRD038,12,115,834,0,3,1,Yes,High,2025-12-15,No,57038.88,15059.76
TXN00956,2025-03-24,STR001,PRD010,20,84,706,0,9,1,No,Low,2025-06-11,No,39358.6,7238.6
TXN00957,2025-05-14,STR001,PRD017,15,153,118,0,4,0,Yes,Low,2025-09-12,No,63167.1,8994.75
TXN00958,2025-01-09,STR001,PRD018,10,41,547,47,9,0,Yes,Low,2025-02-24,No,58797.8,19463.6
TXN00959,2025-05-27,STR003,PRD001,35,179,447,0,3,1,No,High,2026-05-11,No,134051.4,18365.55
TXN00960,2025-06-29,STR001,PRD057,15,136,312,0,4,0,Yes,Medium,2025-11-19,No,51022.35,13014.9
TXN00961,2025-06-05,STR001,PRD062,19,164,122,0,4,0,Yes,Low,2026-06-05,No,56912.98,10895.36
TXN00962,2025-05-06,STR002,PRD001,17,102,870,0,3,0,Yes,Medium,2026-03-17,No,65110.68,8920.41
TXN00963,2025-04-17,STR001,PRD016,11,199,427,0,4,0,Yes,High,2025-09-30,No,62651.38,13573.56
TXN00964,2025-05-16,STR002,PRD027,26,161,122,0,4,0,No,Low,2025-10-03,No,126248.46,23621.26
TXN00965,2025-05-13,STR002,PRD039,14,10,792,45,8,1,Yes,High,2025-12-26,No,43925.98,14615.44
TXN00966,2025-02-18,STR002,PRD046,11,38,588,0,6,0,Yes,High,2026-02-03,No,56683.55,13990.13
TXN00967,2025-02-15,STR004,PRD046,12,130,817,0,6,1,No,High,2025-05-10,No,61836.6,15261.96
TXN00968,2025-06-13,STR004,PRD060,24,123,416,0,4,0,No,High,2026-02-16,No,37634.4,7744.56
TXN00969,2025-01-27,STR003,PRD050,11,31,613,66,6,1,No,High,2025-08-17,No,75030.12,24040.28
TXN00970,2025-06-18,STR001,PRD037,15,25,664,156,6,0,No,Medium,2025-12-26,No,16750.65,4520.4
TXN00971,2025-05-21,STR002,PRD026,23,193,430,0,9,0,No,High,2026-01-26,No,38714.06,8073.69
TXN00972,2025-03-24,STR004,PRD022,12,143,296,0,9,0,Yes,Medium,2026-01-29,No,59991.24,16808.52
TXN00973,2025-03-07,STR004,PRD033,19,73,513,0,4,0,No,Medium,2025-04-06,No,69338.79,13508.62
TXN00974,2025-01-09,STR004,PRD037,12,60,66,172,6,0,Yes,Medium,2025-02-11,No,13400.52,3616.32
TXN00975,2025-03-18,STR003,PRD024,12,44,269,0,6,1,No,Low,2025-09-05,No,22834.8,5427.48
TXN00976,2025-05-22,STR004,PRD039,15,115,619,0,8,1,Yes,Low,2025-07-10,No,47063.55,15659.4
TXN00977,2025-04-28,STR004,PRD046,17,74,209,0,6,0,Yes,Medium,2025-12-01,No,87601.85,21621.11
TXN00978,2025-05-30,STR003,PRD054,13,50,312,79,6,1,No,Low,2026-04-17,No,45413.42,6847.88
TXN00979,2025-04-13,STR002,PRD045,14,131,989,0,6,0,Yes,High,2025-06-21,No,76805.82,14974.68
TXN00980,2025-03-25,STR004,PRD003,41,3,895,144,4,0,Yes,High,2026-03-18,Yes,208664.99,65964.9
TXN00981,2025-03-18,STR004,PRD013,14,0,440,167,4,0,Yes,Low,2025-10-05,Yes,80542.42,23233.42
TXN00982,2025-03-31,STR004,PRD024,18,207,886,0,6,0,No,Medium,2025-06-30,No,34252.2,8141.22
TXN00983,2025-02-28,STR002,PRD007,36,181,666,0,6,0,Yes,High,2026-02-16,No,126401.76,23397.84
TXN00984,2025-04-08,STR004,PRD045,18,0,586,98,6,0,Yes,Medium,2026-02-08,Yes,98750.34,19253.16
TXN00985,2025-05-25,STR001,PRD014,12,26,384,0,6,0,Yes,Low,2025-07-19,No,15670.92,5030.76
TXN00986,2025-06-22,STR004,PRD029,34,214,506,0,5,0,Yes,Low,2026-02-28,No,64995.08,21080.0
TXN00987,2025-03-16,STR003,PRD010,20,181,453,0,9,1,Yes,Low,2025-10-04,No,39358.6,7238.6
TXN00988,2025-01-22,STR004,PRD022,22,99,635,0,9,0,Yes,High,2025-09-13,No,109983.94,30815.62
TXN00989,2025-03-09,STR003,PRD004,21,81,563,0,4,0,No,High,2025-06-13,No,74987.22,10405.71
TXN00990,2025-02-04,STR002,PRD019,10,113,622,0,4,0,Yes,Medium,2025-09-24,No,16525.2,2584.0
TXN00991,2025-06-16,STR002,PRD028,39,11,680,163,4,1,Yes,Low,2025-08-21,No,205516.74,46251.66
TXN00992,2025-03-10,STR001,PRD023,19,179,490,0,4,0,No,High,2026-01-28,No,72709.39,12613.91
TXN00993,2025-01-23,STR001,PRD062,22,6,473,191,4,0,No,Medium,2025-08-19,No,65899.24,12615.68
TXN00994,2025-02-18,STR001,PRD064,18,64,658,108,5,0,Yes,Medium,2025-06-14,No,63598.32,8416.26
TXN00995,2025-03-31,STR004,PRD035,17,140,891,0,5,0,No,High,2025-07-13,No,33916.19,11292.42
TXN00996,2025-04-23,STR003,PRD024,15,0,254,79,6,1,No,Low,2025-07-05,Yes,28543.5,6784.35
TXN00997,2025-01-29,STR004,PRD021,15,174,105,0,6,1,Yes,High,2025-05-14,No,37431.0,6833.25
TXN00998,2025-03-15,STR002,PRD052,7,0,760,107,3,0,Yes,Medium,2025-11-30,Yes,20990.97,6948.9
TXN00999,2025-05-01,STR001,PRD064,5,0,264,104,5,0,Yes,Low,2026-03-06,Yes,17666.2,2337.85
TXN01000,2025-05-14,STR002,PRD007,31,109,544,0,6,1,Yes,High,2025-06-22,No,108845.96,20148.14
TXN01001,2025-04-07,STR001,PRD064,14,135,977,0,5,0,Yes,Medium,2025-08-02,No,49465.36,6545.98
TXN01002,2025-01-16,STR001,PRD021,12,60,255,0,6,1,No,Low,2025-10-11,No,29944.8,5466.6
TXN01003,2025-06-17,STR002,PRD005,20,0,726,119,4,0,No,High,2026-01-17,Yes,35231.2,8679.2
TXN01004,2025-01-28,STR002,PRD053,11,0,938,94,4,0,No,Low,2025-09-09,Yes,22467.5,3268.98
TXN01005,2025-05-11,STR004,PRD001,16,215,373,0,3,2,No,High,2026-03-09,No,61280.64,8395.68
TXN01006,2025-01-23,STR002,PRD029,24,26,518,148,5,0,Yes,Low,2025-06-28,No,45878.88,14880.0
TXN01007,2025-05-16,STR003,PRD011,25,53,391,0,8,0,No,Medium,2025-09-03,No,55634.5,8584.75
TXN01008,2025-01-05,STR001,PRD005,32,143,410,0,4,2,No,High,2025-07-08,No,56369.92,13886.72
TXN01009,2025-03-02,STR004,PRD056,9,241,563,0,9,0,No,Low,2026-02-15,No,30129.21,4895.73
TXN01010,2025-03-07,STR004,PRD005,29,198,884,0,4,1,Yes,High,2025-08-27,No,51085.24,12584.84
TXN01011,2025-02-27,STR004,PRD029,26,61,722,120,5,1,Yes,Low,2025-10-10,No,49702.12,16120.0
TXN01012,2025-05-14,STR004,PRD063,14,231,744,0,6,0,Yes,Medium,2025-10-14,No,35858.34,9412.34
TXN01013,2025-05-27,STR004,PRD014,17,22,369,129,6,0,No,Medium,2026-03-30,No,22200.47,7126.91
TXN01014,2025-02-03,STR003,PRD038,15,37,191,187,3,1,Yes,Low,2025-08-10,No,71298.6,18824.7
TXN01015,2025-06-26,STR004,PRD048,17,163,970,0,8,0,Yes,Medium,2025-10-08,No,55690.64,10028.3
TXN01016,2025-06-17,STR002,PRD041,19,219,628,0,6,1,Yes,Medium,2025-08-20,No,9430.46,2705.22
TXN01017,2025-05-23,STR002,PRD045,16,120,786,0,6,1,Yes,Low,2025-12-01,No,87778.08,17113.92
TXN01018,2025-02-07,STR004,PRD014,12,174,80,0,6,1,No,Medium,2025-10-05,No,15670.92,5030.76
TXN01019,2025-03-19,STR002,PRD031,29,161,891,0,5,0,No,Low,2025-07-23,No,92063.98,29439.35
TXN01020,2025-01-28,STR002,PRD023,19,14,76,67,4,1,No,High,2025-12-14,No,72709.39,12613.91
TXN01021,2025-06-06,STR003,PRD054,18,41,287,172,6,0,Yes,High,2025-07-19,No,62880.12,9481.68
TXN01022,2025-04-02,STR003,PRD038,18,2,848,196,3,1,No,Low,2026-01-14,Yes,85558.32,22589.64
TXN01023,2025-06-04,STR004,PRD063,17,103,779,0,6,1,No,Low,2026-01-18,No,43542.27,11429.27
TXN01024,2025-05-06,STR004,PRD022,15,106,190,0,9,0,Yes,Low,2025-09-28,No,74989.05,21010.65
TXN01025,2025-01-09,STR002,PRD062,13,91,832,0,4,0,Yes,Medium,2025-09-07,No,38940.46,7454.72
TXN01026,2025-02-26,STR002,PRD050,8,182,737,0,6,0,Yes,Low,2025-04-30,No,54567.36,17483.84
TXN01027,2025-02-15,STR001,PRD001,34,187,681,0,3,0,No,High,2025-08-30,No,130221.36,17840.82
TXN01028,2025-04-28,STR001,PRD048,8,219,302,0,8,1,No,Medium,2025-06-18,No,26207.36,4719.2
TXN01029,2025-06-05,STR004,PRD047,11,177,894,0,8,1,No,High,2025-12-12,No,60597.57,12291.73
TXN01030,2025-04-11,STR004,PRD052,17,139,810,0,3,0,Yes,High,2025-07-05,No,50978.07,16875.9
TXN01031,2025-04-26,STR004,PRD034,4,112,896,0,8,0,Yes,Low,2026-02-15,No,12532.88,3278.32
TXN01032,2025-05-18,STR001,PRD062,13,88,802,0,4,0,Yes,High,2026-01-01,No,38940.46,7454.72
TXN01033,2025-05-13,STR004,PRD002,50,196,100,0,4,0,Yes,Medium,2026-01-23,No,86975.0,14425.5
TXN01034,2025-04-12,STR003,PRD046,14,212,361,0,6,1,No,Medium,2025-08-05,No,72142.7,17805.62
TXN01035,2025-04-19,STR001,PRD027,36,120,991,0,4,0,Yes,High,2026-02-07,No,174805.56,32706.36
TXN01036,2025-02-06,STR003,PRD019,19,99,899,0,4,0,No,Low,2025-11-19,No,31397.88,4909.6
TXN01037,2025-01-29,STR002,PRD041,7,39,965,169,6,0,Yes,Medium,2025-09-27,No,3474.38,996.66
TXN01038,2025-03-24,STR001,PRD003,36,0,514,65,4,0,Yes,Medium,2025-06-08,Yes,183218.04,57920.4
TXN01039,2025-03-06,STR001,PRD041,6,76,758,0,6,0,Yes,High,2025-06-07,No,2978.04,854.28
TXN01040,2025-01-24,STR001,PRD047,13,16,510,200,8,1,No,Low,2025-11-18,No,71615.31,14526.59
TXN01041,2025-04-09,STR003,PRD011,8,178,860,0,8,0,Yes,Medium,2026-02-14,No,17803.04,2747.12
TXN01042,2025-04-08,STR003,PRD034,16,0,984,63,8,0,No,High,2025-07-23,Yes,50131.52,13113.28
TXN01043,2025-02-11,STR003,PRD044,15,207,198,0,5,0,Yes,High,2025-04-08,No,18015.45,2365.35
TXN01044,2025-04-18,STR001,PRD017,15,63,366,0,4,1,No,Medium,2026-04-03,No,63167.1,8994.75
TXN01045,2025-02-16,STR003,PRD050,25,5,257,53,6,0,Yes,High,2025-07-25,Yes,170523.0,54637.0
TXN01046,2025-01-04,STR003,PRD041,21,96,559,0,6,0,No,High,2025-02-05,No,10423.14,2989.98
TXN01047,2025-06-05,STR003,PRD050,8,217,555,0,6,0,Yes,Low,2026-05-02,No,54567.36,17483.84
TXN01048,2025-06-18,STR002,PRD012,11,110,514,0,5,1,No,Medium,2025-08-27,No,27769.61,5910.41
TXN01049,2025-06-03,STR002,PRD043,19,134,56,0,5,0,Yes,High,2025-11-22,No,74835.87,11897.99
TXN01050,2025-06-08,STR001,PRD009,17,143,620,0,4,0,Yes,Low,2025-10-10,No,96886.23,27401.28
TXN01051,2025-02-07,STR002,PRD040,12,2,407,187,8,1,Yes,Low,2025-03-25,Yes,23889.48,6109.68
TXN01052,2025-06-20,STR003,PRD026,36,178,667,0,9,2,No,Medium,2025-09-02,No,60595.92,12637.08
TXN01053,2025-01-13,STR004,PRD010,15,12,232,126,9,0,Yes,High,2025-07-07,No,29518.95,5428.95
TXN01054,2025-06-06,STR001,PRD002,36,110,856,0,4,1,Yes,Medium,2026-04-28,No,62622.0,10386.36
TXN01055,2025-04-03,STR002,PRD035,13,225,86,0,5,1,Yes,Medium,2025-10-15,No,25935.91,8635.38
TXN01056,2025-04-05,STR003,PRD011,15,214,438,0,8,0,Yes,Medium,2026-02-10,No,33380.7,5150.85
TXN01057,2025-01-17,STR001,PRD022,20,54,532,0,9,0,Yes,Low,2025-07-06,No,99985.4,28014.2
TXN01058,2025-03-26,STR001,PRD040,12,122,473,0,8,0,Yes,High,2025-08-10,No,23889.48,6109.68
TXN01059,2025-06-06,STR003,PRD012,13,1,635,47,5,1,Yes,Medium,2026-05-11,Yes,32818.63,6985.03
TXN01060,2025-06-30,STR002,PRD046,16,57,487,0,6,1,No,Medium,2026-04-25,No,82448.8,20349.28
TXN01061,2025-05-28,STR003,PRD055,21,138,412,0,6,0,Yes,High,2026-04-11,No,63721.98,9454.62
TXN01062,2025-05-08,STR002,PRD015,10,123,796,0,9,1,No,Medium,2025-09-07,No,41690.5,12744.6
TXN01063,2025-06-06,STR004,PRD009,17,42,775,0,4,0,No,Low,2025-07-06,No,96886.23,27401.28
TXN01064,2025-01-31,STR002,PRD016,25,0,690,139,4,0,Yes,High,2025-06-16,Yes,142389.5,30849.0
TXN01065,2025-06-07,STR001,PRD023,10,96,473,0,4,0,Yes,Medium,2026-01-02,No,38268.1,6638.9
TXN01066,2025-05-24,STR004,PRD044,12,194,702,0,5,0,Yes,Low,2026-05-16,No,14412.36,1892.28
TXN01067,2025-02-21,STR001,PRD033,12,164,338,0,4,1,No,Low,2025-08-27,No,43792.92,8531.76
TXN01068,2025-03-18,STR001,PRD064,17,112,613,0,5,1,No,Low,2025-06-14,No,60065.08,7948.69
TXN01069,2025-06-25,STR003,PRD001,27,60,455,0,3,0,Yes,Low,2025-11-01,No,103411.08,14167.71
TXN01070,2025-03-26,STR003,PRD051,21,192,396,0,8,0,No,Medium,2025-05-13,No,44299.29,6005.16
TXN01071,2025-06-15,STR001,PRD016,9,25,209,143,4,1,No,High,2026-01-02,No,51260.22,11105.64
TXN01072,2025-04-29,STR003,PRD028,36,201,810,0,4,2,Yes,High,2025-10-29,No,189707.76,42693.84
TXN01073,2025-05-25,STR002,PRD037,12,173,744,0,6,0,No,High,2026-03-25,No,13400.52,3616.32
TXN01074,2025-01-05,STR002,PRD054,16,37,751,167,6,0,No,Medium,2025-03-09,No,55893.44,8428.16
TXN01075,2025-02-08,STR003,PRD036,8,63,397,27,9,0,No,High,2025-12-08,No,29642.96,8686.8
TXN01076,2025-02-12,STR002,PRD004,35,120,448,0,4,0,Yes,High,2025-05-12,No,124978.7,17342.85
TXN01077,2025-03-20,STR002,PRD055,13,167,928,0,6,1,No,High,2025-05-05,No,39446.94,5852.86
TXN01078,2025-03-11,STR001,PRD032,28,0,948,147,4,0,Yes,Medium,2025-11-27,Yes,32611.6,5409.6
TXN01079,2025-03-19,STR003,PRD061,15,40,359,154,8,0,Yes,Low,2025-10-26,No,65579.25,15262.8
TXN01080,2025-01-10,STR004,PRD031,29,204,144,0,5,0,No,High,2025-02-21,No,92063.98,29439.35
TXN01081,2025-05-04,STR003,PRD009,13,218,562,0,4,0,Yes,Low,2025-11-24,No,74089.47,20953.92
TXN01082,2025-05-04,STR002,PRD045,18,169,944,0,6,1,No,Medium,2025-08-15,No,98750.34,19253.16
TXN01083,2025-01-26,STR003,PRD006,32,141,185,0,5,0,Yes,High,2025-03-15,No,131672.64,37661.44
TXN01084,2025-04-28,STR003,PRD049,21,78,780,0,4,0,Yes,Low,2025-11-03,No,109190.76,27630.96
TXN01085,2025-01-12,STR002,PRD049,15,160,918,0,4,1,Yes,Medium,2025-10-08,No,77993.4,19736.4
TXN01086,2025-01-12,STR002,PRD030,21,112,834,0,8,0,No,Low,2025-12-03,No,94473.96,17315.76
TXN01087,2025-03-21,STR001,PRD001,36,192,264,0,3,0,No,Low,2025-07-27,No,137881.44,18890.28
TXN01088,2025-03-15,STR001,PRD056,19,51,376,156,9,0,No,High,2025-06-13,No,63606.11,10335.43
TXN01089,2025-03-11,STR002,PRD036,16,22,330,60,9,0,Yes,Low,2026-02-22,No,59285.92,17373.6
TXN01090,2025-05-24,STR003,PRD050,16,115,154,0,6,1,Yes,High,2025-12-19,No,109134.72,34967.68
TXN01091,2025-05-21,STR003,PRD022,14,67,327,0,9,0,Yes,High,2025-11-12,No,69989.78,19609.94
TXN01092,2025-05-27,STR004,PRD063,16,46,225,0,6,1,Yes,Medium,2026-05-05,No,40980.96,10756.96
TXN01093,2025-03-28,STR004,PRD048,12,126,504,0,8,2,Yes,Low,2025-05-11,No,39311.04,7078.8
TXN01094,2025-05-01,STR003,PRD047,17,214,741,0,8,1,Yes,Low,2025-12-13,No,93650.79,18996.31
TXN01095,2025-01-14,STR001,PRD045,21,1,451,129,6,0,Yes,High,2025-12-15,Yes,115208.73,22462.02
TXN01096,2025-06-01,STR001,PRD049,14,147,906,0,4,0,No,High,2025-12-30,No,72793.84,18420.64
TXN01097,2025-03-21,STR004,PRD047,16,69,887,0,8,0,Yes,High,2026-01-18,No,88141.92,17878.88
TXN01098,2025-01-21,STR002,PRD048,15,234,994,0,8,1,No,High,2025-04-28,No,49138.8,8848.5
TXN01099,2025-01-24,STR003,PRD039,16,192,871,0,8,0,No,Low,2025-10-14,No,50201.12,16703.36
TXN01100,2025-03-21,STR003,PRD021,11,164,709,0,6,3,No,Medium,2025-08-16,No,27449.4,5011.05
TXN01101,2025-02-27,STR002,PRD030,22,198,967,0,8,0,No,Medium,2025-10-15,No,98972.72,18140.32
TXN01102,2025-02-16,STR003,PRD020,9,170,989,0,5,1,No,Medium,2025-11-05,No,31548.6,9669.33
TXN01103,2025-05-05,STR003,PRD060,13,0,536,36,4,0,Yes,Medium,2026-02-04,Yes,20385.3,4194.97
TXN01104,2025-04-29,STR001,PRD022,12,204,224,0,9,0,No,Medium,2026-04-03,No,59991.24,16808.52
TXN01105,2025-05-28,STR001,PRD010,9,23,155,150,9,0,No,High,2025-08-20,No,17711.37,3257.37
TXN01106,2025-03-25,STR001,PRD053,12,130,715,0,4,1,Yes,Medium,2026-01-21,No,24510.0,3566.16
TXN01107,2025-04-29,STR004,PRD015,15,87,654,0,9,0,No,Low,2026-04-11,No,62535.75,19116.9
TXN01108,2025-03-04,STR001,PRD028,38,2,443,143,4,0,Yes,Medium,2025-07-18,Yes,200247.08,45065.72
TXN01109,2025-06-27,STR002,PRD051,17,134,491,0,8,1,No,High,2026-01-18,No,35861.33,4861.32
TXN01110,2025-05-20,STR004,PRD038,16,161,291,0,3,0,Yes,High,2025-07-28,No,76051.84,20079.68
TXN01111,2025-05-27,STR004,PRD038,17,197,548,0,3,2,Yes,High,2026-04-27,No,80805.08,21334.66
TXN01112,2025-04-29,STR002,PRD027,28,114,149,0,4,1,No,Low,2025-11-02,No,135959.88,25438.28
TXN01113,2025-04-14,STR003,PRD042,22,0,161,173,4,1,No,Medium,2026-01-22,Yes,138578.44,40491.22
TXN01114,2025-06-15,STR002,PRD026,19,4,886,75,9,0,Yes,High,2026-06-05,Yes,31981.18,6669.57
TXN01115,2025-01-01,STR004,PRD025,25,144,202,0,4,1,No,High,2025-06-29,No,170058.5,46289.5
TXN01116,2025-04-10,STR001,PRD045,11,146,641,0,6,3,No,Low,2025-08-23,No,60347.43,11765.82
TXN01117,2025-06-24,STR002,PRD014,11,213,374,0,6,1,No,High,2025-12-26,No,14365.01,4611.53
TXN01118,2025-04-22,STR004,PRD045,18,165,987,0,6,0,No,Low,2026-03-16,No,98750.34,19253.16
TXN01119,2025-01-03,STR002,PRD037,15,141,572,0,6,0,No,Low,2025-07-02,No,16750.65,4520.4
TXN01120,2025-01-16,STR001,PRD018,10,84,972,0,9,1,Yes,Low,2025-11-28,No,58797.8,19463.6
TXN01121,2025-04-02,STR002,PRD045,21,7,936,92,6,0,Yes,Low,2025-12-09,No,115208.73,22462.02
TXN01122,2025-06-29,STR004,PRD033,13,138,453,0,4,0,No,High,2026-02-09,No,47442.33,9242.74
TXN01123,2025-04-14,STR003,PRD016,10,87,495,0,4,0,Yes,High,2025-08-10,No,56955.8,12339.6
TXN01124,2025-05-02,STR001,PRD053,19,16,618,68,4,0,No,Medium,2025-12-31,No,38807.5,5646.42
TXN01125,2025-02-09,STR001,PRD057,17,56,943,0,4,1,Yes,Low,2025-03-16,No,57825.33,14750.22
TXN01126,2025-01-19,STR004,PRD022,20,145,66,0,9,0,Yes,High,2025-10-25,No,99985.4,28014.2
TXN01127,2025-06-18,STR002,PRD028,34,215,189,0,4,1,Yes,Low,2026-06-11,No,179168.44,40321.96
TXN01128,2025-04-17,STR004,PRD046,16,204,516,0,6,2,No,High,2025-08-17,No,82448.8,20349.28
TXN01129,2025-04-27,STR004,PRD017,15,115,484,0,4,2,No,Medium,2025-11-24,No,63167.1,8994.75
TXN01130,2025-02-27,STR001,PRD026,26,82,669,0,9,1,Yes,High,2025-12-09,No,43763.72,9126.78
TXN01131,2025-03-02,STR003,PRD008,35,33,998,125,8,1,No,Low,2025-04-20,No,81820.2,25557.7
TXN01132,2025-05-26,STR002,PRD061,17,106,771,0,8,0,No,Low,2026-04-18,No,74323.15,17297.84
TXN01133,2025-05-04,STR001,PRD043,13,233,757,0,5,0,Yes,Low,2026-02-27,No,51203.49,8140.73
TXN01134,2025-03-13,STR004,PRD047,16,103,579,0,8,1,Yes,High,2026-02-18,No,88141.92,17878.88
TXN01135,2025-01-23,STR003,PRD044,19,43,695,140,5,1,Yes,High,2026-01-12,No,22819.57,2996.11
TXN01136,2025-05-19,STR002,PRD057,15,189,643,0,4,0,No,High,2025-07-15,No,51022.35,13014.9
TXN01137,2025-03-29,STR001,PRD049,13,123,847,0,4,0,Yes,Medium,2025-12-16,No,67594.28,17104.88
TXN01138,2025-05-12,STR004,PRD020,13,218,530,0,5,0,No,Medium,2025-12-08,No,45570.2,13966.81
TXN01139,2025-03-17,STR003,PRD035,15,59,221,0,5,0,Yes,High,2026-02-15,No,29926.05,9963.9
TXN01140,2025-03-19,STR003,PRD050,21,165,853,0,6,1,No,Low,2026-03-06,No,143239.32,45895.08
TXN01141,2025-05-02,STR001,PRD051,14,134,223,0,8,1,Yes,High,2025-10-28,No,29532.86,4003.44
TXN01142,2025-06-09,STR004,PRD028,21,52,546,0,4,0,Yes,Low,2026-03-24,No,110662.86,24904.74
TXN01143,2025-01-20,STR001,PRD059,17,200,852,0,4,0,No,Medium,2025-04-27,No,112185.89,32865.76
TXN01144,2025-06-07,STR002,PRD023,12,59,928,90,4,1,No,Low,2025-09-02,No,45921.72,7966.68
TXN01145,2025-06-04,STR002,PRD038,12,32,806,171,3,1,Yes,High,2026-02-17,No,57038.88,15059.76
TXN01146,2025-04-05,STR003,PRD049,21,185,229,0,4,0,No,High,2025-09-02,No,109190.76,27630.96
TXN01147,2025-05-05,STR004,PRD045,8,38,932,155,6,0,Yes,Medium,2025-07-17,No,43889.04,8556.96
TXN01148,2025-02-07,STR004,PRD021,15,137,891,0,6,0,Yes,Medium,2025-10-06,No,37431.0,6833.25
TXN01149,2025-04-09,STR003,PRD035,14,46,500,189,5,0,Yes,Low,2026-02-28,No,27930.98,9299.64
TXN01150,2025-03-30,STR003,PRD055,15,0,320,184,6,0,Yes,Low,2025-07-23,Yes,45515.7,6753.3
TXN01151,2025-04-29,STR004,PRD062,24,78,537,0,4,1,No,Medium,2026-02-25,No,71890.08,13762.56
TXN01152,2025-03-01,STR002,PRD064,14,83,749,0,5,1,No,Medium,2025-08-12,No,49465.36,6545.98
TXN01153,2025-02-07,STR003,PRD001,30,192,495,0,3,1,Yes,Medium,2025-10-24,No,114901.2,15741.9
TXN01154,2025-04-08,STR001,PRD064,14,159,373,0,5,1,Yes,Low,2026-02-04,No,49465.36,6545.98
TXN01155,2025-06-13,STR002,PRD049,21,69,914,0,4,1,No,High,2026-06-11,No,109190.76,27630.96
TXN01156,2025-03-11,STR004,PRD035,10,75,326,0,5,0,No,Low,2025-08-18,No,19950.7,6642.6
TXN01157,2025-06-17,STR002,PRD050,14,135,450,0,6,0,No,High,2025-11-17,No,95492.88,30596.72
TXN01158,2025-06-22,STR001,PRD045,21,129,838,0,6,1,Yes,High,2026-01-10,No,115208.73,22462.02
TXN01159,2025-06-23,STR002,PRD055,13,163,234,0,6,1,No,High,2025-07-28,No,39446.94,5852.86
TXN01160,2025-06-22,STR003,PRD025,26,186,119,0,4,0,Yes,Medium,2025-09-10,No,176860.84,48141.08
TXN01161,2025-05-15,STR001,PRD033,13,13,506,195,4,2,No,Low,2025-11-06,No,47442.33,9242.74
TXN01162,2025-03-06,STR002,PRD052,12,37,74,28,3,1,Yes,Low,2026-02-03,No,35984.52,11912.4
TXN01163,2025-06-18,STR003,PRD051,14,214,905,0,8,0,Yes,High,2026-06-09,No,29532.86,4003.44
TXN01164,2025-02-01,STR002,PRD028,23,0,183,174,4,1,No,High,2026-01-28,Yes,121202.18,27276.62
TXN01165,2025-05-25,STR003,PRD010,14,191,239,0,9,0,Yes,High,2025-09-26,No,27551.02,5067.02
TXN01166,2025-03-06,STR004,PRD054,22,53,726,139,6,1,Yes,High,2025-11-23,No,76853.48,11588.72
TXN01167,2025-03-12,STR001,PRD008,35,142,975,0,8,1,No,Medium,2025-07-02,No,81820.2,25557.7
TXN01168,2025-01-19,STR004,PRD037,6,64,441,35,6,0,No,Medium,2025-03-20,No,6700.26,1808.16
TXN01169,2025-03-08,STR003,PRD029,27,18,121,132,5,0,No,Low,2026-02-13,No,51613.74,16740.0
TXN01170,2025-04-11,STR002,PRD003,33,132,553,0,4,1,Yes,Low,2026-02-11,No,167949.87,53093.7
TXN01171,2025-04-21,STR004,PRD008,27,130,708,0,8,0,Yes,Medium,2025-09-30,No,63118.44,19715.94
TXN01172,2025-01-27,STR002,PRD013,19,0,122,38,4,1,No,Medium,2025-03-07,Yes,109307.57,31531.07
TXN01173,2025-05-08,STR003,PRD039,18,20,705,187,8,1,Yes,Low,2025-12-23,No,56476.26,18791.28
TXN01174,2025-03-10,STR003,PRD045,16,22,387,199,6,1,No,High,2025-04-10,No,87778.08,17113.92
TXN01175,2025-05-12,STR003,PRD062,18,163,839,0,4,0,No,Medium,2026-01-20,No,53917.56,10321.92
TXN01176,2025-04-14,STR002,PRD061,15,201,795,0,8,0,Yes,High,2025-09-06,No,65579.25,15262.8
TXN01177,2025-01-01,STR003,PRD045,15,83,755,0,6,1,No,Low,2025-11-17,No,82291.95,16044.3
TXN01178,2025-05-18,STR002,PRD057,12,227,417,0,4,0,No,High,2025-11-19,No,40817.88,10411.92
TXN01179,2025-04-13,STR004,PRD034,17,0,712,181,8,0,Yes,Medium,2026-02-10,Yes,53264.74,13932.86
TXN01180,2025-03-29,STR001,PRD036,18,2,828,137,9,0,No,High,2025-08-09,Yes,66696.66,19545.3
TXN01181,2025-02-15,STR004,PRD037,12,129,90,0,6,0,No,High,2025-06-22,No,13400.52,3616.32
TXN01182,2025-03-18,STR002,PRD054,18,160,449,0,6,2,Yes,High,2025-10-17,No,62880.12,9481.68
TXN01183,2025-05-05,STR002,PRD035,9,12,498,181,5,0,Yes,Low,2025-06-22,No,17955.63,5978.34
TXN01184,2025-02-19,STR003,PRD048,14,0,294,171,8,0,No,Medium,2025-04-22,Yes,45862.88,8258.6
TXN01185,2025-05-19,STR004,PRD064,16,148,365,0,5,1,No,High,2026-02-03,No,56531.84,7481.12
TXN01186,2025-01-05,STR003,PRD006,24,62,395,34,5,1,Yes,Medium,2025-04-05,No,98754.48,28246.08
TXN01187,2025-02-24,STR001,PRD012,14,192,719,0,5,1,No,High,2025-12-25,No,35343.14,7522.34
TXN01188,2025-02-08,STR001,PRD016,20,169,643,0,4,0,Yes,Low,2025-03-28,No,113911.6,24679.2
TXN01189,2025-02-06,STR002,PRD006,40,127,69,0,5,1,No,High,2025-03-31,No,164590.8,47076.8
TXN01190,2025-03-04,STR001,PRD018,15,164,714,0,9,0,Yes,Low,2025-06-30,No,88196.7,29195.4
TXN01191,2025-06-11,STR001,PRD034,22,0,890,98,8,0,Yes,Medium,2026-05-19,Yes,68930.84,18030.76
TXN01192,2025-02-13,STR001,PRD046,19,194,655,0,6,0,Yes,Low,2025-05-12,No,97907.95,24164.77
TXN01193,2025-05-08,STR002,PRD059,6,146,868,0,4,1,Yes,Low,2025-09-18,No,39595.02,11599.68
TXN01194,2025-04-20,STR002,PRD010,19,67,461,193,9,0,No,Low,2026-03-10,No,37390.67,6876.67
TXN01195,2025-05-20,STR003,PRD061,12,23,906,102,8,1,Yes,Low,2026-04-18,No,52463.4,12210.24
TXN01196,2025-02-14,STR001,PRD013,17,68,114,0,4,1,Yes,Medium,2025-05-27,No,97801.51,28212.01
TXN01197,2025-04-17,STR004,PRD015,11,32,428,198,9,0,Yes,Medium,2025-09-18,No,45859.55,14019.06
TXN01198,2025-05-29,STR001,PRD055,23,0,152,54,6,0,No,Low,2025-07-06,Yes,69790.74,10355.06
TXN01199,2025-05-05,STR002,PRD050,12,8,57,21,6,0,Yes,Low,2026-05-03,No,81851.04,26225.76
TXN01200,2025-06-01,STR003,PRD010,14,213,340,0,9,0,No,High,2026-03-01,No,27551.02,5067.02
TXN01201,2025-06-27,STR002,PRD034,10,22,196,72,8,1,No,High,2026-03-14,No,31332.2,8195.8
TXN01202,2025-04-16,STR001,PRD039,10,51,675,64,8,1,Yes,High,2025-08-16,No,31375.7,10439.6
TXN01203,2025-05-08,STR003,PRD047,17,139,140,0,8,0,No,Medium,2026-01-07,No,93650.79,18996.31
TXN01204,2025-01-02,STR004,PRD039,17,125,291,0,8,1,Yes,Low,2025-10-30,No,53338.69,17747.32
TXN01205,2025-01-25,STR001,PRD004,44,48,933,0,4,0,Yes,Medium,2026-01-10,No,157116.08,21802.44
TXN01206,2025-06-18,STR001,PRD003,24,46,104,0,4,1,Yes,Low,2025-10-02,No,122145.36,38613.6
TXN01207,2025-06-25,STR002,PRD011,13,203,983,0,8,0,No,Medium,2025-10-23,No,28929.94,4464.07
TXN01208,2025-02-10,STR004,PRD018,11,160,994,0,9,0,Yes,Low,2026-02-05,No,64677.58,21409.96
TXN01209,2025-04-04,STR003,PRD047,9,63,264,0,8,0,No,Medium,2025-10-22,No,49579.83,10056.87
TXN01210,2025-06-07,STR004,PRD052,16,190,961,0,3,1,No,Low,2025-08-29,No,47979.36,15883.2
TXN01211,2025-01-14,STR004,PRD006,34,11,854,60,5,0,Yes,Medium,2025-11-03,No,139902.18,40015.28
TXN01212,2025-01-30,STR002,PRD006,18,211,290,0,5,0,No,High,2025-12-22,No,74065.86,21184.56
TXN01213,2025-03-25,STR002,PRD064,14,93,253,0,5,1,No,Low,2025-06-19,No,49465.36,6545.98
TXN01214,2025-03-25,STR004,PRD044,15,43,292,45,5,0,No,Low,2025-11-02,No,18015.45,2365.35
TXN01215,2025-02-26,STR004,PRD037,14,4,649,140,6,0,No,Low,2025-11-06,Yes,15633.94,4219.04
TXN01216,2025-02-07,STR004,PRD063,7,48,1000,0,6,0,No,Low,2025-09-23,No,17929.17,4706.17
TXN01217,2025-04-06,STR003,PRD023,18,16,787,137,4,0,Yes,High,2025-11-05,No,68882.58,11950.02
TXN01218,2025-03-11,STR002,PRD003,25,60,180,0,4,3,Yes,High,2026-01-26,No,127234.75,40222.5
TXN01219,2025-01-16,STR001,PRD057,14,57,189,0,4,0,Yes,Medium,2025-10-07,No,47620.86,12147.24
TXN01220,2025-04-18,STR003,PRD020,21,22,275,107,5,1,No,High,2025-08-06,No,73613.4,22561.77
TXN01221,2025-06-13,STR004,PRD029,39,192,224,0,5,0,Yes,Low,2026-02-08,No,74553.18,24180.0
TXN01222,2025-05-14,STR001,PRD018,15,110,932,0,9,1,Yes,High,2026-02-10,No,88196.7,29195.4
TXN01223,2025-04-29,STR001,PRD046,16,55,64,0,6,1,No,High,2025-10-02,No,82448.8,20349.28
TXN01224,2025-03-05,STR004,PRD010,17,66,643,131,9,0,Yes,High,2025-06-19,No,33454.81,6152.81
TXN01225,2025-05-27,STR001,PRD055,17,212,55,0,6,1,No,Low,2025-07-16,No,51584.46,7653.74
TXN01226,2025-05-01,STR004,PRD060,10,177,837,0,4,2,Yes,Medium,2026-02-26,No,15681.0,3226.9
TXN01227,2025-04-11,STR001,PRD044,11,111,879,0,5,0,Yes,Medium,2026-01-19,No,13211.33,1734.59
TXN01228,2025-03-03,STR003,PRD005,20,122,821,0,4,1,Yes,High,2025-10-27,No,35231.2,8679.2
TXN01229,2025-02-25,STR004,PRD022,11,22,352,111,9,1,Yes,High,2025-05-12,No,54991.97,15407.81
TXN01230,2025-01-05,STR002,PRD046,13,109,735,0,6,1,No,Low,2025-09-27,No,66989.65,16533.79
TXN01231,2025-05-27,STR002,PRD040,18,173,647,0,8,0,Yes,Medium,2026-02-18,No,35834.22,9164.52
TXN01232,2025-02-05,STR001,PRD051,13,210,770,0,8,0,No,Low,2025-09-12,No,27423.37,3717.48
TXN01233,2025-06-10,STR001,PRD053,13,105,770,0,4,0,Yes,High,2025-08-15,No,26552.5,3863.34
TXN01234,2025-04-09,STR004,PRD044,14,214,757,0,5,0,No,High,2025-05-25,No,16814.42,2207.66
TXN01235,2025-03-17,STR004,PRD018,13,96,820,0,9,0,No,High,2026-02-23,No,76437.14,25302.68
TXN01236,2025-05-19,STR004,PRD003,37,166,262,0,4,1,Yes,High,2025-12-06,No,188307.43,59529.3
TXN01237,2025-01-15,STR002,PRD051,10,121,981,0,8,1,No,Low,2025-04-11,No,21094.9,2859.6
TXN01238,2025-04-09,STR001,PRD041,13,80,526,0,6,0,Yes,Medium,2025-11-12,No,6452.42,1850.94
TXN01239,2025-02-14,STR002,PRD026,37,106,771,0,9,0,Yes,High,2025-06-28,No,62279.14,12988.11
TXN01240,2025-02-05,STR002,PRD048,15,70,294,0,8,0,Yes,High,2025-11-06,No,49138.8,8848.5
TXN01241,2025-05-29,STR003,PRD031,30,162,812,0,5,0,Yes,Medium,2025-12-25,No,95238.6,30454.5
TXN01242,2025-03-10,STR001,PRD053,19,109,746,0,4,0,No,Medium,2025-05-06,No,38807.5,5646.42
TXN01243,2025-01-17,STR001,PRD028,29,59,513,0,4,0,No,High,2025-11-12,No,152820.14,34392.26
TXN01244,2025-02-01,STR004,PRD029,39,142,594,0,5,0,No,Medium,2026-01-14,No,74553.18,24180.0
TXN01245,2025-04-05,STR002,PRD058,11,193,739,0,8,1,Yes,Low,2025-12-25,No,41660.41,11079.64
TXN01246,2025-01-23,STR001,PRD009,15,5,969,120,4,0,Yes,Medium,2025-04-02,Yes,85487.85,24177.6
TXN01247,2025-01-28,STR002,PRD050,26,16,164,90,6,0,Yes,Medium,2025-05-15,No,177343.92,56822.48
TXN01248,2025-02-22,STR001,PRD025,40,203,692,0,4,0,Yes,Medium,2025-10-23,No,272093.6,74063.2
TXN01249,2025-06-24,STR004,PRD032,36,202,185,0,4,0,No,Medium,2026-02-24,No,41929.2,6955.2
TXN01250,2025-04-24,STR001,PRD028,45,0,243,94,4,0,Yes,Low,2025-09-19,Yes,237134.7,53367.3
TXN01251,2025-05-14,STR004,PRD030,45,40,642,125,8,2,No,High,2026-05-09,No,202444.2,37105.2
TXN01252,2025-03-25,STR003,PRD028,37,114,731,0,4,0,No,Medium,2025-09-26,No,194977.42,43879.78
TXN01253,2025-05-26,STR004,PRD001,19,210,858,0,3,0,No,Low,2025-11-05,No,72770.76,9969.87
TXN01254,2025-02-28,STR002,PRD024,11,112,430,0,6,0,No,Low,2025-06-13,No,20931.9,4975.19
TXN01255,2025-04-01,STR004,PRD058,17,55,516,0,8,0,Yes,High,2025-07-22,No,64384.27,17123.08
TXN01256,2025-05-18,STR004,PRD050,17,56,229,66,6,0,Yes,Low,2025-10-16,No,115955.64,37153.16
TXN01257,2025-01-30,STR004,PRD006,17,64,638,0,5,0,Yes,Medium,2025-07-12,No,69951.09,20007.64
TXN01258,2025-04-05,STR001,PRD060,12,35,625,72,4,0,Yes,High,2025-10-14,No,18817.2,3872.28
TXN01259,2025-03-30,STR003,PRD001,22,73,509,0,3,0,Yes,High,2025-09-30,No,84260.88,11544.06
TXN01260,2025-02-01,STR002,PRD022,12,223,75,0,9,1,No,Medium,2025-05-16,No,59991.24,16808.52
TXN01261,2025-04-28,STR004,PRD031,26,13,806,21,5,0,No,High,2025-10-26,No,82540.12,26393.9
TXN01262,2025-05-02,STR003,PRD001,27,221,822,0,3,0,Yes,High,2026-01-13,No,103411.08,14167.71
TXN01263,2025-03-28,STR002,PRD008,30,157,540,0,8,1,Yes,Low,2026-02-03,No,70131.6,21906.6
TXN01264,2025-01-30,STR003,PRD011,13,65,75,0,8,0,No,High,2025-06-21,No,28929.94,4464.07
TXN01265,2025-04-25,STR001,PRD057,15,76,144,0,4,2,No,Low,2026-04-01,No,51022.35,13014.9
TXN01266,2025-06-14,STR001,PRD008,22,127,589,0,8,0,Yes,Medium,2025-10-22,No,51429.84,16064.84
TXN01267,2025-01-06,STR002,PRD033,14,7,919,157,4,0,No,High,2025-03-21,No,51091.74,9953.72
TXN01268,2025-05-12,STR001,PRD008,33,16,375,145,8,0,Yes,High,2025-12-12,No,77144.76,24097.26
TXN01269,2025-04-12,STR003,PRD054,14,23,428,129,6,2,No,Medium,2025-05-18,No,48906.76,7374.64
TXN01270,2025-03-14,STR004,PRD023,10,78,409,0,4,0,No,Medium,2026-01-25,No,38268.1,6638.9
TXN01271,2025-01-23,STR001,PRD026,30,156,959,0,9,1,No,High,2025-09-22,No,50496.6,10530.9
TXN01272,2025-04-24,STR002,PRD038,11,62,217,0,3,1,No,High,2025-12-22,No,52285.64,13804.78
TXN01273,2025-02-05,STR004,PRD061,8,205,651,0,8,1,Yes,Low,2025-06-21,No,34975.6,8140.16
TXN01274,2025-03-19,STR001,PRD020,14,107,938,0,5,1,No,Low,2026-02-14,No,49075.6,15041.18
TXN01275,2025-04-07,STR002,PRD049,11,11,469,21,4,1,No,Medium,2025-08-04,No,57195.16,14473.36
TXN01276,2025-05-23,STR002,PRD046,12,106,777,0,6,0,Yes,Low,2025-09-25,No,61836.6,15261.96
TXN01277,2025-04-08,STR002,PRD020,13,61,617,0,5,0,No,Low,2025-10-09,No,45570.2,13966.81
TXN01278,2025-05-30,STR002,PRD031,35,91,622,0,5,0,No,Low,2025-07-12,No,111111.7,35530.25
TXN01279,2025-01-01,STR003,PRD045,17,22,357,87,6,0,No,Low,2025-12-31,No,93264.21,18183.54
TXN01280,2025-06-20,STR003,PRD026,26,80,233,0,9,2,No,High,2026-06-15,No,43763.72,9126.78
TXN01281,2025-03-04,STR004,PRD064,12,0,833,50,5,0,No,Medium,2025-05-07,Yes,42398.88,5610.84
TXN01282,2025-06-03,STR002,PRD059,15,175,420,0,4,0,No,High,2026-02-11,No,98987.55,28999.2
TXN01283,2025-03-08,STR002,PRD004,41,134,537,0,4,0,Yes,Medium,2025-12-25,No,146403.62,20315.91
TXN01284,2025-05-28,STR004,PRD003,17,199,315,0,4,1,Yes,High,2025-07-26,No,86519.63,27351.3
TXN01285,2025-02-07,STR002,PRD035,12,69,522,0,5,1,Yes,Medium,2025-05-31,No,23940.84,7971.12
TXN01286,2025-01-14,STR004,PRD022,6,63,419,0,9,0,No,High,2025-08-14,No,29995.62,8404.26
TXN01287,2025-01-13,STR004,PRD019,11,63,348,0,4,0,Yes,High,2025-05-22,No,18177.72,2842.4
TXN01288,2025-06-10,STR002,PRD025,26,169,146,0,4,1,Yes,High,2025-12-22,No,176860.84,48141.08
TXN01289,2025-03-22,STR003,PRD053,10,201,915,0,4,1,No,Medium,2025-10-23,No,20425.0,2971.8
TXN01290,2025-01-25,STR003,PRD031,37,111,410,0,5,1,Yes,Low,2025-05-05,No,117460.94,37560.55
TXN01291,2025-05-13,STR001,PRD012,15,57,431,0,5,0,No,Medium,2025-12-03,No,37867.65,8059.65
TXN01292,2025-02-11,STR001,PRD055,15,11,208,75,6,0,Yes,Low,2025-12-24,No,45515.7,6753.3
TXN01293,2025-06-07,STR004,PRD019,17,159,901,0,4,1,Yes,Medium,2026-02-27,No,28092.84,4392.8
TXN01294,2025-01-20,STR001,PRD027,23,186,184,0,4,2,Yes,Medium,2025-08-16,No,111681.33,20895.73
TXN01295,2025-03-21,STR001,PRD004,37,0,961,133,4,0,No,Low,2025-09-22,Yes,132120.34,18333.87
TXN01296,2025-01-08,STR001,PRD052,12,178,884,0,3,1,Yes,Low,2025-04-13,No,35984.52,11912.4
TXN01297,2025-06-27,STR004,PRD034,15,21,282,196,8,1,No,Low,2025-11-11,No,46998.3,12293.7
TXN01298,2025-02-03,STR002,PRD052,15,5,757,128,3,2,Yes,Low,2025-03-14,Yes,44980.65,14890.5
TXN01299,2025-05-04,STR001,PRD009,21,172,491,0,4,1,Yes,Low,2025-07-28,No,119682.99,33848.64
TXN01300,2025-01-09,STR004,PRD028,37,114,110,0,4,1,No,Low,2025-06-17,No,194977.42,43879.78
TXN01301,2025-01-12,STR004,PRD006,29,48,60,190,5,0,Yes,Low,2025-12-16,No,119328.33,34130.68
TXN01302,2025-02-22,STR003,PRD055,10,140,972,0,6,1,Yes,Low,2025-09-19,No,30343.8,4502.2
TXN01303,2025-01-08,STR003,PRD018,24,0,916,57,9,1,No,High,2025-08-04,Yes,141114.72,46712.64
TXN01304,2025-04-01,STR004,PRD053,8,33,849,148,4,0,Yes,High,2026-02-16,No,16340.0,2377.44
TXN01305,2025-01-18,STR002,PRD051,14,11,831,168,8,0,Yes,High,2025-06-08,No,29532.86,4003.44
TXN01306,2025-02-19,STR001,PRD035,14,232,338,0,5,0,Yes,High,2025-03-23,No,27930.98,9299.64
TXN01307,2025-01-26,STR004,PRD013,15,221,269,0,4,0,No,Medium,2025-12-23,No,86295.45,24892.95
TXN01308,2025-02-17,STR001,PRD059,8,104,739,0,4,0,Yes,Low,2025-09-16,No,52793.36,15466.24
TXN01309,2025-04-08,STR004,PRD058,14,94,269,0,8,2,Yes,Medium,2025-07-04,No,53022.34,14101.36
TXN01310,2025-03-22,STR001,PRD010,16,15,162,139,9,1,Yes,Medium,2025-10-22,No,31486.88,5790.88
TXN01311,2025-06-30,STR002,PRD022,11,62,620,0,9,1,Yes,Low,2026-01-13,No,54991.97,15407.81
TXN01312,2025-05-07,STR004,PRD038,15,14,340,118,3,1,No,High,2025-11-12,No,71298.6,18824.7
TXN01313,2025-06-25,STR001,PRD063,15,234,911,0,6,0,No,Low,2026-05-04,No,38419.65,10084.65
TXN01314,2025-04-15,STR002,PRD048,11,63,925,0,8,0,No,Low,2025-06-19,No,36035.12,6488.9
TXN01315,2025-05-02,STR002,PRD044,15,225,745,0,5,2,No,Low,2025-06-07,No,18015.45,2365.35
TXN01316,2025-06-22,STR001,PRD004,35,137,157,0,4,0,No,Medium,2026-04-15,No,124978.7,17342.85
TXN01317,2025-06-18,STR002,PRD018,24,149,137,0,9,0,Yes,Low,2026-02-05,No,141114.72,46712.64
TXN01318,2025-04-13,STR003,PRD004,38,212,154,0,4,1,Yes,Low,2025-11-15,No,135691.16,18829.38
TXN01319,2025-02-20,STR001,PRD053,11,75,659,71,4,0,No,Low,2025-07-19,No,22467.5,3268.98
TXN01320,2025-04-19,STR001,PRD031,33,38,657,168,5,1,No,High,2025-12-09,No,104762.46,33499.95
TXN01321,2025-04-02,STR003,PRD052,13,108,732,0,3,0,No,Medium,2026-01-18,No,38983.23,12905.1
TXN01322,2025-03-13,STR001,PRD057,18,19,160,136,4,0,Yes,Medium,2025-12-18,No,61226.82,15617.88
TXN01323,2025-05-08,STR003,PRD042,12,47,187,180,4,0,Yes,Low,2025-07-04,No,75588.24,22086.12
TXN01324,2025-01-18,STR003,PRD048,18,109,744,0,8,1,Yes,Low,2025-08-31,No,58966.56,10618.2
TXN01325,2025-06-04,STR002,PRD014,9,164,384,0,6,0,Yes,Medium,2026-05-18,No,11753.19,3773.07
TXN01326,2025-06-09,STR002,PRD037,14,10,726,39,6,0,No,Medium,2025-10-20,No,15633.94,4219.04
TXN01327,2025-03-17,STR002,PRD059,11,158,559,0,4,1,No,High,2025-08-27,No,72590.87,21266.08
TXN01328,2025-05-19,STR004,PRD040,18,69,609,158,8,0,Yes,Low,2026-01-24,No,35834.22,9164.52
TXN01329,2025-01-31,STR004,PRD010,18,80,510,0,9,0,No,Medium,2025-10-14,No,35422.74,6514.74
TXN01330,2025-04-28,STR001,PRD032,17,0,620,65,4,1,No,High,2025-08-20,Yes,19799.9,3284.4
TXN01331,2025-05-06,STR001,PRD016,14,96,187,0,4,0,No,High,2025-12-21,No,79738.12,17275.44
TXN01332,2025-05-05,STR001,PRD001,28,117,741,0,3,1,No,High,2026-03-14,No,107241.12,14692.44
TXN01333,2025-06-25,STR002,PRD013,13,125,635,0,4,1,No,Medium,2026-05-08,No,74789.39,21573.89
TXN01334,2025-02-10,STR004,PRD005,33,0,319,120,4,0,No,High,2025-09-21,Yes,58131.48,14320.68
TXN01335,2025-06-07,STR004,PRD056,13,160,411,0,9,1,No,Medium,2025-08-07,No,43519.97,7071.61
TXN01336,2025-01-08,STR002,PRD064,16,135,96,0,5,0,Yes,Medium,2025-08-04,No,56531.84,7481.12
TXN01337,2025-05-30,STR003,PRD040,20,0,399,180,8,0,No,Low,2026-02-03,Yes,39815.8,10182.8
TXN01338,2025-03-30,STR003,PRD034,15,76,471,0,8,0,No,Low,2025-09-01,No,46998.3,12293.7
TXN01339,2025-03-05,STR002,PRD040,21,39,369,185,8,0,Yes,High,2025-05-07,No,41806.59,10691.94
TXN01340,2025-03-20,STR004,PRD022,21,8,223,106,9,2,Yes,High,2025-10-02,No,104984.67,29414.91
TXN01341,2025-01-10,STR001,PRD027,31,137,934,0,4,0,No,High,2025-10-30,No,150527.01,28163.81
TXN01342,2025-04-18,STR003,PRD032,27,0,530,198,4,0,Yes,Medium,2025-11-27,Yes,31446.9,5216.4
TXN01343,2025-05-27,STR003,PRD010,13,86,380,0,9,2,Yes,Medium,2025-08-16,No,25583.09,4705.09
TXN01344,2025-06-26,STR003,PRD052,17,155,260,0,3,0,No,Medium,2026-04-09,No,50978.07,16875.9
TXN01345,2025-06-20,STR004,PRD037,11,75,220,0,6,0,No,Medium,2026-02-28,No,12283.81,3314.96
TXN01346,2025-02-21,STR003,PRD057,17,110,700,0,4,2,Yes,High,2025-07-10,No,57825.33,14750.22
TXN01347,2025-03-15,STR002,PRD039,12,55,98,0,8,0,No,High,2025-11-05,No,37650.84,12527.52
TXN01348,2025-02-27,STR002,PRD054,9,150,810,0,6,0,Yes,High,2026-01-19,No,31440.06,4740.84
TXN01349,2025-01-25,STR002,PRD003,38,48,329,0,4,1,Yes,High,2025-11-22,No,193396.82,61138.2
TXN01350,2025-05-02,STR003,PRD006,31,22,864,108,5,0,Yes,High,2025-11-02,No,127557.87,36484.52
TXN01351,2025-05-10,STR001,PRD026,24,86,729,0,9,0,No,Low,2026-01-07,No,40397.28,8424.72
TXN01352,2025-04-13,STR002,PRD054,14,50,577,179,6,0,No,High,2026-02-17,No,48906.76,7374.64
TXN01353,2025-02-16,STR003,PRD042,16,209,69,0,4,0,Yes,High,2025-11-28,No,100784.32,29448.16
TXN01354,2025-02-24,STR004,PRD039,16,153,893,0,8,1,No,Medium,2026-02-15,No,50201.12,16703.36
TXN01355,2025-05-17,STR001,PRD047,20,187,679,0,8,1,No,High,2026-05-02,No,110177.4,22348.6
TXN01356,2025-01-16,STR004,PRD064,18,115,255,0,5,0,No,Medium,2025-05-01,No,63598.32,8416.26
TXN01357,2025-03-03,STR001,PRD060,14,24,833,195,4,0,No,Medium,2025-10-29,No,21953.4,4517.66
TXN01358,2025-03-23,STR003,PRD053,19,201,900,0,4,0,Yes,High,2025-08-04,No,38807.5,5646.42
TXN01359,2025-04-16,STR003,PRD014,13,55,893,0,6,0,No,High,2025-08-06,No,16976.83,5449.99
TXN01360,2025-03-07,STR001,PRD061,10,165,665,0,8,1,Yes,Medium,2025-08-06,No,43719.5,10175.2
TXN01361,2025-01-30,STR004,PRD014,18,20,78,69,6,0,Yes,Medium,2025-10-24,No,23506.38,7546.14
TXN01362,2025-05-05,STR001,PRD064,19,124,496,0,5,0,No,High,2025-06-22,No,67131.56,8883.83
TXN01363,2025-02-21,STR002,PRD007,29,40,79,54,6,0,No,Medium,2025-12-29,No,101823.64,18848.26
TXN01364,2025-02-15,STR001,PRD054,23,141,922,0,6,1,Yes,High,2025-11-20,No,80346.82,12115.48
TXN01365,2025-01-06,STR004,PRD027,14,206,968,0,4,0,Yes,Medium,2025-12-10,No,67979.94,12719.14
TXN01366,2025-03-18,STR004,PRD008,23,207,466,0,8,1,No,High,2025-06-02,No,53767.56,16795.06
TXN01367,2025-04-12,STR004,PRD009,14,227,909,0,4,0,Yes,Low,2025-07-08,No,79788.66,22565.76
TXN01368,2025-05-27,STR002,PRD028,34,204,173,0,4,0,No,Medium,2025-08-11,No,179168.44,40321.96
TXN01369,2025-03-02,STR002,PRD012,11,142,175,0,5,1,No,Medium,2026-01-25,No,27769.61,5910.41
TXN01370,2025-04-10,STR004,PRD028,19,220,483,0,4,1,Yes,Low,2025-07-03,No,100123.54,22532.86
TXN01371,2025-02-14,STR001,PRD040,17,37,500,90,8,1,No,Medium,2026-01-11,No,33843.43,8655.38
TXN01372,2025-01-15,STR004,PRD003,34,102,433,0,4,0,Yes,Medium,2025-11-20,No,173039.26,54702.6
TXN01373,2025-04-19,STR002,PRD040,6,115,749,0,8,0,Yes,Medium,2025-08-01,No,11944.74,3054.84
TXN01374,2025-04-03,STR001,PRD026,34,149,426,0,9,1,No,Low,2026-03-29,No,57229.48,11935.02
TXN01375,2025-06-05,STR002,PRD022,19,0,868,189,9,1,Yes,High,2025-11-04,Yes,94986.13,26613.49
TXN01376,2025-03-06,STR002,PRD055,14,127,443,0,6,1,No,High,2025-10-07,No,42481.32,6303.08
TXN01377,2025-06-25,STR001,PRD056,20,11,937,156,9,0,Yes,Medium,2026-02-08,No,66953.8,10879.4
TXN01378,2025-01-03,STR001,PRD044,12,220,452,0,5,0,No,Medium,2025-03-20,No,14412.36,1892.28
TXN01379,2025-03-02,STR002,PRD052,19,57,930,73,3,1,Yes,Medium,2026-02-18,No,56975.49,18861.3
TXN01380,2025-03-23,STR004,PRD060,13,212,881,0,4,0,No,Low,2025-09-09,No,20385.3,4194.97
TXN01381,2025-01-21,STR002,PRD017,18,192,848,0,4,1,No,Medium,2025-09-19,No,75800.52,10793.7
TXN01382,2025-03-27,STR004,PRD014,17,166,482,0,6,0,Yes,Low,2025-09-06,No,22200.47,7126.91
TXN01383,2025-05-10,STR001,PRD026,23,67,666,127,9,0,No,Medium,2025-06-23,No,38714.06,8073.69
TXN01384,2025-01-14,STR003,PRD064,16,148,706,0,5,1,Yes,High,2025-09-28,No,56531.84,7481.12
TXN01385,2025-06-14,STR003,PRD055,19,15,460,20,6,1,Yes,High,2025-12-17,No,57653.22,8554.18
TXN01386,2025-03-22,STR004,PRD001,42,0,211,48,3,0,Yes,High,2026-03-19,Yes,160861.68,22038.66
TXN01387,2025-02-03,STR004,PRD045,12,204,658,0,6,0,No,Medium,2025-10-22,No,65833.56,12835.44
TXN01388,2025-05-03,STR003,PRD028,18,48,227,0,4,1,No,Medium,2025-09-11,No,94853.88,21346.92
TXN01389,2025-01-22,STR003,PRD028,34,60,236,0,4,0,No,Medium,2025-12-10,No,179168.44,40321.96
TXN01390,2025-02-27,STR004,PRD020,11,0,995,25,5,3,Yes,Low,2025-11-20,Yes,38559.4,11818.07
TXN01391,2025-02-20,STR003,PRD059,11,56,922,199,4,0,Yes,Low,2025-10-13,No,72590.87,21266.08
TXN01392,2025-06-08,STR003,PRD026,37,116,316,0,9,0,Yes,Low,2026-01-12,No,62279.14,12988.11
TXN01393,2025-02-13,STR004,PRD046,15,227,630,0,6,0,Yes,Low,2025-12-09,No,77295.75,19077.45
TXN01394,2025-04-22,STR002,PRD058,17,180,992,0,8,1,No,High,2026-01-30,No,64384.27,17123.08
TXN01395,2025-01-31,STR002,PRD018,13,44,245,72,9,1,No,Medium,2025-11-10,No,76437.14,25302.68
TXN01396,2025-04-08,STR003,PRD027,25,85,926,0,4,2,Yes,High,2025-08-26,No,121392.75,22712.75
TXN01397,2025-03-14,STR003,PRD050,20,166,743,0,6,0,Yes,Medium,2025-07-14,No,136418.4,43709.6
TXN01398,2025-04-15,STR004,PRD001,20,0,318,94,3,0,Yes,High,2025-12-31,Yes,76600.8,10494.6
TXN01399,2025-03-05,STR001,PRD031,27,122,750,0,5,0,No,Low,2025-04-09,No,85714.74,27409.05
TXN01400,2025-05-01,STR004,PRD011,13,21,759,102,8,0,No,High,2025-09-16,No,28929.94,4464.07
TXN01401,2025-04-09,STR003,PRD063,14,167,483,0,6,1,No,Low,2025-06-26,No,35858.34,9412.34
TXN01402,2025-05-23,STR004,PRD005,20,0,290,105,4,1,No,Medium,2026-04-28,Yes,35231.2,8679.2
TXN01403,2025-06-21,STR001,PRD054,13,234,871,0,6,1,Yes,Low,2025-11-27,No,45413.42,6847.88
TXN01404,2025-05-10,STR003,PRD010,15,143,440,0,9,1,No,Medium,2025-12-15,No,29518.95,5428.95
TXN01405,2025-02-03,STR004,PRD035,18,229,963,0,5,0,Yes,High,2025-06-04,No,35911.26,11956.68
TXN01406,2025-03-08,STR003,PRD044,14,29,554,148,5,1,No,Medium,2025-06-13,No,16814.42,2207.66
TXN01407,2025-01-23,STR003,PRD052,23,58,493,155,3,1,Yes,Medium,2025-04-22,No,68970.33,22832.1
TXN01408,2025-03-22,STR004,PRD023,8,3,561,52,4,0,No,High,2025-10-22,Yes,30614.48,5311.12
TXN01409,2025-04-21,STR003,PRD017,15,57,974,0,4,0,No,High,2025-10-03,No,63167.1,8994.75
TXN01410,2025-05-13,STR003,PRD062,17,63,496,0,4,0,Yes,Medium,2026-02-18,No,50922.14,9748.48
TXN01411,2025-02-08,STR002,PRD021,14,128,923,0,6,0,No,Low,2025-06-14,No,34935.6,6377.7
TXN01412,2025-02-08,STR002,PRD017,12,1,237,78,4,0,Yes,Medium,2025-07-21,Yes,50533.68,7195.8
TXN01413,2025-02-11,STR002,PRD026,30,81,168,0,9,0,No,Low,2025-10-25,No,50496.6,10530.9
TXN01414,2025-04-02,STR003,PRD027,40,84,518,0,4,2,No,Low,2025-07-16,No,194228.4,36340.4
TXN01415,2025-02-01,STR004,PRD050,14,75,145,0,6,0,Yes,Medium,2025-06-03,No,95492.88,30596.72
TXN01416,2025-02-13,STR002,PRD047,16,175,570,0,8,0,No,High,2026-01-08,No,88141.92,17878.88
TXN01417,2025-02-24,STR004,PRD034,7,142,54,0,8,1,Yes,Medium,2025-05-04,No,21932.54,5737.06
TXN01418,2025-03-05,STR002,PRD020,7,189,560,0,5,1,Yes,Medium,2025-04-17,No,24537.8,7520.59
TXN01419,2025-03-14,STR001,PRD056,10,164,746,0,9,1,Yes,Medium,2025-10-21,No,33476.9,5439.7
TXN01420,2025-06-01,STR003,PRD053,13,224,158,0,4,1,No,Low,2025-07-15,No,26552.5,3863.34
TXN01421,2025-01-21,STR003,PRD024,15,102,900,0,6,0,No,Medium,2026-01-07,No,28543.5,6784.35
TXN01422,2025-03-10,STR004,PRD018,16,136,723,0,9,2,Yes,Medium,2025-05-01,No,94076.48,31141.76
TXN01423,2025-06-17,STR001,PRD026,40,203,513,0,9,0,No,High,2026-05-04,No,67328.8,14041.2
TXN01424,2025-02-03,STR002,PRD005,34,186,99,0,4,1,No,Medium,2025-04-02,No,59893.04,14754.64
TXN01425,2025-01-19,STR001,PRD057,23,117,666,0,4,0,No,Low,2025-09-10,No,78234.27,19956.18
TXN01426,2025-03-07,STR003,PRD029,27,34,141,122,5,0,Yes,Low,2025-06-28,No,51613.74,16740.0
TXN01427,2025-04-10,STR004,PRD020,19,180,462,0,5,0,No,High,2026-04-09,No,66602.6,20413.03
TXN01428,2025-02-09,STR001,PRD020,13,17,552,96,5,2,No,High,2025-08-16,No,45570.2,13966.81
TXN01429,2025-06-25,STR001,PRD049,10,144,184,0,4,1,No,High,2025-09-12,No,51995.6,13157.6
TXN01430,2025-04-05,STR003,PRD009,13,118,254,0,4,0,No,Medium,2025-11-19,No,74089.47,20953.92
TXN01431,2025-05-02,STR001,PRD032,28,116,664,0,4,0,No,Low,2026-01-03,No,32611.6,5409.6
TXN01432,2025-04-05,STR003,PRD038,10,147,240,0,3,1,No,High,2025-12-09,No,47532.4,12549.8
TXN01433,2025-01-24,STR001,PRD020,9,1,399,151,5,0,No,High,2025-06-17,Yes,31548.6,9669.33
TXN01434,2025-06-15,STR003,PRD043,11,164,780,0,5,0,Yes,Medium,2026-04-10,No,43326.03,6888.31
TXN01435,2025-06-11,STR002,PRD036,14,151,587,0,9,0,Yes,Medium,2026-03-07,No,51875.18,15201.9
TXN01436,2025-04-22,STR001,PRD015,12,8,357,142,9,1,Yes,Low,2025-10-22,No,50028.6,15293.52
TXN01437,2025-03-05,STR001,PRD028,33,76,352,0,4,0,Yes,High,2025-05-13,No,173898.78,39136.02
TXN01438,2025-01-12,STR004,PRD059,11,120,160,0,4,0,No,Medium,2025-03-31,No,72590.87,21266.08
TXN01439,2025-04-29,STR003,PRD018,12,157,787,0,9,1,No,Medium,2025-10-06,No,70557.36,23356.32
TXN01440,2025-05-30,STR003,PRD032,25,171,565,0,4,0,Yes,Low,2026-02-20,No,29117.5,4830.0
TXN01441,2025-02-15,STR003,PRD030,21,194,452,0,8,0,Yes,Low,2025-10-16,No,94473.96,17315.76
TXN01442,2025-06-30,STR004,PRD044,13,63,651,100,5,0,No,High,2026-03-17,No,15613.39,2049.97
TXN01443,2025-06-09,STR001,PRD042,14,192,321,0,4,1,No,Low,2025-10-25,No,88186.28,25767.14
TXN01444,2025-02-17,STR004,PRD055,13,7,315,174,6,0,Yes,Medium,2025-12-17,No,39446.94,5852.86
TXN01445,2025-01-05,STR001,PRD019,12,0,169,121,4,2,Yes,Low,2026-01-05,Yes,19830.24,3100.8
TXN01446,2025-05-03,STR003,PRD043,11,106,758,0,5,1,No,High,2026-04-06,No,43326.03,6888.31
TXN01447,2025-05-05,STR002,PRD027,22,136,882,0,4,0,No,High,2025-12-23,No,106825.62,19987.22
TXN01448,2025-03-19,STR004,PRD036,11,11,188,52,9,0,Yes,Low,2025-06-14,No,40759.07,11944.35
TXN01449,2025-01-05,STR002,PRD021,17,161,242,0,6,0,Yes,Low,2025-10-08,No,42421.8,7744.35
TXN01450,2025-06-16,STR003,PRD016,8,29,297,186,4,0,No,High,2026-04-17,No,45564.64,9871.68
TXN01451,2025-02-18,STR004,PRD062,14,8,838,97,4,1,No,Low,2025-11-17,No,41935.88,8028.16
TXN01452,2025-04-19,STR002,PRD022,15,0,220,49,9,0,Yes,High,2026-01-01,Yes,74989.05,21010.65
TXN01453,2025-05-05,STR002,PRD058,16,104,70,0,8,1,No,High,2025-10-06,No,60596.96,16115.84
TXN01454,2025-02-21,STR003,PRD054,11,64,899,165,6,0,No,Low,2025-09-09,No,38426.74,5794.36
TXN01455,2025-01-03,STR004,PRD027,29,132,917,0,4,1,No,Medium,2025-10-13,No,140815.59,26346.79
TXN01456,2025-05-29,STR002,PRD026,30,157,617,0,9,0,No,Low,2026-03-04,No,50496.6,10530.9
TXN01457,2025-04-13,STR004,PRD045,10,114,575,0,6,0,No,Low,2025-06-13,No,54861.3,10696.2
TXN01458,2025-05-16,STR002,PRD028,18,90,640,0,4,0,No,High,2025-07-17,No,94853.88,21346.92
TXN01459,2025-03-10,STR003,PRD053,15,213,713,0,4,2,No,Medium,2025-06-07,No,30637.5,4457.7
TXN01460,2025-05-07,STR003,PRD056,8,151,711,0,9,0,No,Medium,2026-01-15,No,26781.52,4351.76
TXN01461,2025-01-06,STR004,PRD055,11,30,793,93,6,0,Yes,Medium,2025-07-31,No,33378.18,4952.42
TXN01462,2025-04-23,STR002,PRD012,23,36,569,0,5,0,Yes,High,2025-11-12,No,58063.73,12358.13
TXN01463,2025-06-04,STR003,PRD036,17,201,912,0,9,0,No,Low,2025-12-01,No,62991.29,18459.45
TXN01464,2025-04-10,STR004,PRD016,10,235,476,0,4,0,No,Medium,2025-07-31,No,56955.8,12339.6
TXN01465,2025-06-09,STR001,PRD023,12,41,757,92,4,0,Yes,High,2026-03-13,No,45921.72,7966.68
TXN01466,2025-02-03,STR004,PRD052,20,24,210,71,3,2,No,Low,2025-10-03,No,59974.2,19854.0
TXN01467,2025-05-07,STR004,PRD018,17,60,264,80,9,1,Yes,Low,2025-12-06,No,99956.26,33088.12
TXN01468,2025-03-08,STR004,PRD048,14,77,743,0,8,0,Yes,Low,2025-12-20,No,45862.88,8258.6
TXN01469,2025-01-09,STR002,PRD053,11,195,115,0,4,0,No,Medium,2025-04-07,No,22467.5,3268.98
TXN01470,2025-06-08,STR002,PRD001,29,1,279,163,3,1,No,Medium,2025-12-29,Yes,111071.16,15217.17
TXN01471,2025-04-01,STR003,PRD051,18,178,97,0,8,1,No,Low,2026-01-19,No,37970.82,5147.28
TXN01472,2025-06-04,STR003,PRD062,15,156,156,0,4,1,Yes,Medium,2026-02-23,No,44931.3,8601.6
TXN01473,2025-01-29,STR001,PRD040,12,237,158,0,8,0,Yes,High,2025-03-21,No,23889.48,6109.68
TXN01474,2025-05-10,STR002,PRD034,17,9,695,62,8,0,Yes,Low,2025-12-11,No,53264.74,13932.86
TXN01475,2025-02-10,STR002,PRD048,18,168,349,0,8,2,No,High,2025-11-22,No,58966.56,10618.2
TXN01476,2025-01-26,STR003,PRD055,18,21,422,185,6,0,No,Low,2025-04-28,No,54618.84,8103.96
TXN01477,2025-02-21,STR003,PRD060,6,106,475,0,4,0,Yes,Low,2025-11-20,No,9408.6,1936.14
TXN01478,2025-03-29,STR001,PRD053,14,59,225,149,4,1,Yes,Medium,2025-11-04,No,28595.0,4160.52
TXN01479,2025-04-17,STR004,PRD006,42,119,730,0,5,1,Yes,Low,2026-02-12,No,172820.34,49430.64
TXN01480,2025-04-18,STR002,PRD037,23,178,283,0,6,1,Yes,Medium,2025-12-15,No,25684.33,6931.28
TXN01481,2025-04-15,STR004,PRD061,7,222,519,0,8,0,No,Low,2025-12-27,No,30603.65,7122.64
TXN01482,2025-02-07,STR001,PRD019,13,184,60,0,4,0,Yes,Low,2025-08-29,No,21482.76,3359.2
TXN01483,2025-03-22,STR003,PRD061,14,88,840,0,8,0,Yes,Medium,2025-05-22,No,61207.3,14245.28
TXN01484,2025-04-11,STR003,PRD042,12,182,87,0,4,0,Yes,High,2025-06-09,No,75588.24,22086.12
TXN01485,2025-06-11,STR002,PRD017,14,236,780,0,4,0,No,Medium,2026-02-01,No,58955.96,8395.1
TXN01486,2025-06-24,STR003,PRD029,34,189,361,0,5,1,No,Medium,2025-07-28,No,64995.08,21080.0
TXN01487,2025-03-13,STR003,PRD051,15,215,590,0,8,1,Yes,High,2025-11-04,No,31642.35,4289.4
TXN01488,2025-04-25,STR001,PRD009,13,151,260,0,4,1,No,High,2025-11-17,No,74089.47,20953.92
TXN01489,2025-06-16,STR001,PRD004,32,166,252,0,4,0,No,Low,2025-08-03,No,114266.24,15856.32
TXN01490,2025-05-18,STR003,PRD050,21,64,449,0,6,0,Yes,High,2026-03-20,No,143239.32,45895.08
TXN01491,2025-03-14,STR001,PRD046,13,41,145,0,6,1,No,High,2025-10-04,No,66989.65,16533.79
TXN01492,2025-06-12,STR002,PRD036,13,27,78,25,9,1,No,Low,2025-12-14,No,48169.81,14116.05
TXN01493,2025-04-19,STR003,PRD002,37,0,911,35,4,1,No,Medium,2026-04-05,Yes,64361.5,10674.87
TXN01494,2025-05-10,STR002,PRD030,32,0,824,32,8,0,Yes,Medium,2025-11-08,Yes,143960.32,26385.92
TXN01495,2025-05-27,STR002,PRD044,17,171,55,0,5,1,No,Medium,2025-10-24,No,20417.51,2680.73
TXN01496,2025-05-29,STR004,PRD060,12,132,781,0,4,0,Yes,Medium,2025-11-28,No,18817.2,3872.28
TXN01497,2025-03-14,STR001,PRD012,20,150,853,0,5,3,Yes,High,2025-10-23,No,50490.2,10746.2
TXN01498,2025-05-14,STR003,PRD010,8,180,303,0,9,1,Yes,Medium,2026-03-04,No,15743.44,2895.44
TXN01499,2025-05-30,STR002,PRD030,23,187,847,0,8,0,No,Medium,2025-08-18,No,103471.48,18964.88
TXN01500,2025-02-07,STR003,PRD021,17,165,485,0,6,0,No,Low,2025-04-25,No,42421.8,7744.35
TXN01501,2025-01-16,STR002,PRD029,32,195,183,0,5,0,No,Low,2025-10-01,No,61171.84,19840.0
TXN01502,2025-01-20,STR003,PRD029,29,144,588,0,5,0,No,High,2025-12-02,No,55436.98,17980.0
TXN01503,2025-05-13,STR003,PRD027,39,184,320,0,4,1,No,High,2026-01-14,No,189372.69,35431.89
TXN01504,2025-04-23,STR002,PRD045,20,156,551,0,6,0,No,Low,2025-08-04,No,109722.6,21392.4
TXN01505,2025-05-10,STR002,PRD049,16,16,778,144,4,0,No,Low,2026-02-26,No,83192.96,21052.16
TXN01506,2025-05-16,STR001,PRD011,12,18,267,197,8,2,No,Medium,2025-07-01,No,26704.56,4120.68
TXN01507,2025-02-10,STR004,PRD063,16,225,622,0,6,1,No,Low,2026-01-14,No,40980.96,10756.96
TXN01508,2025-04-15,STR004,PRD060,21,7,428,50,4,1,No,Low,2026-02-06,No,32930.1,6776.49
TXN01509,2025-02-09,STR004,PRD005,18,77,362,0,4,1,No,Medium,2025-08-08,No,31708.08,7811.28
TXN01510,2025-05-05,STR003,PRD057,12,0,195,56,4,0,No,Low,2025-11-07,Yes,40817.88,10411.92
TXN01511,2025-03-14,STR003,PRD033,14,41,888,66,4,0,No,Low,2025-06-14,No,51091.74,9953.72
TXN01512,2025-05-21,STR004,PRD051,21,68,941,37,8,1,Yes,Medium,2026-02-21,No,44299.29,6005.16
TXN01513,2025-05-27,STR003,PRD044,15,64,513,164,5,1,No,Medium,2026-02-24,No,18015.45,2365.35
TXN01514,2025-06-05,STR004,PRD058,20,13,566,55,8,1,No,Medium,2026-02-19,No,75746.2,20144.8
TXN01515,2025-02-08,STR004,PRD043,18,203,795,0,5,0,No,Low,2026-01-23,No,70897.14,11271.78
TXN01516,2025-06-20,STR004,PRD057,16,143,469,0,4,3,No,Low,2026-02-07,No,54423.84,13882.56
TXN01517,2025-03-28,STR004,PRD036,16,122,96,0,9,1,No,High,2025-09-16,No,59285.92,17373.6
TXN01518,2025-06-15,STR004,PRD036,20,2,774,62,9,0,Yes,High,2026-06-02,Yes,74107.4,21717.0
TXN01519,2025-03-21,STR003,PRD057,21,122,710,0,4,1,Yes,High,2026-01-31,No,71431.29,18220.86
TXN01520,2025-01-22,STR001,PRD053,19,30,604,178,4,1,Yes,High,2025-11-15,No,38807.5,5646.42
TXN01521,2025-02-18,STR004,PRD012,13,179,537,0,5,0,Yes,Low,2025-12-17,No,32818.63,6985.03
TXN01522,2025-02-16,STR002,PRD027,20,50,855,0,4,2,Yes,Low,2026-01-08,No,97114.2,18170.2
TXN01523,2025-04-24,STR004,PRD061,9,12,671,156,8,1,No,Medium,2026-03-21,No,39347.55,9157.68
TXN01524,2025-01-12,STR002,PRD003,25,195,73,0,4,1,No,Medium,2025-05-14,No,127234.75,40222.5
TXN01525,2025-04-17,STR003,PRD042,18,0,374,155,4,1,No,Medium,2025-07-02,Yes,113382.36,33129.18
TXN01526,2025-01-30,STR003,PRD043,11,239,151,0,5,0,Yes,Medium,2025-05-13,No,43326.03,6888.31
TXN01527,2025-02-16,STR002,PRD040,14,51,207,42,8,1,No,Medium,2025-06-12,No,27871.06,7127.96
TXN01528,2025-01-16,STR001,PRD024,15,142,383,0,6,0,Yes,Low,2025-03-16,No,28543.5,6784.35
TXN01529,2025-03-18,STR001,PRD040,13,86,151,0,8,0,No,Low,2025-11-14,No,25880.27,6618.82
TXN01530,2025-03-24,STR001,PRD056,13,53,897,116,9,1,Yes,Low,2025-08-04,No,43519.97,7071.61
TXN01531,2025-03-03,STR002,PRD055,28,164,661,0,6,0,Yes,Medium,2025-12-18,No,84962.64,12606.16
TXN01532,2025-05-10,STR001,PRD016,14,84,167,0,4,0,No,Low,2025-11-18,No,79738.12,17275.44
TXN01533,2025-04-29,STR004,PRD038,15,126,466,0,3,1,Yes,Medium,2025-06-12,No,71298.6,18824.7
TXN01534,2025-04-15,STR004,PRD040,20,142,289,0,8,0,Yes,Medium,2026-02-22,No,39815.8,10182.8
TXN01535,2025-05-31,STR003,PRD006,22,41,717,162,5,2,Yes,Medium,2026-04-16,No,90524.94,25892.24
TXN01536,2025-04-15,STR002,PRD016,13,101,135,0,4,0,Yes,Low,2025-11-22,No,74042.54,16041.48
TXN01537,2025-05-19,STR002,PRD064,12,31,600,82,5,1,No,High,2026-02-04,No,42398.88,5610.84
TXN01538,2025-01-11,STR003,PRD034,16,0,899,138,8,0,No,High,2025-05-06,Yes,50131.52,13113.28
TXN01539,2025-01-01,STR001,PRD004,21,217,993,0,4,2,No,Medium,2025-12-03,No,74987.22,10405.71
TXN01540,2025-03-06,STR002,PRD060,20,194,746,0,4,0,No,Medium,2026-02-22,No,31362.0,6453.8
TXN01541,2025-02-24,STR004,PRD039,16,133,910,0,8,1,No,Low,2025-06-16,No,50201.12,16703.36
TXN01542,2025-05-17,STR003,PRD050,13,131,121,0,6,0,No,Low,2026-01-04,No,88671.96,28411.24
TXN01543,2025-06-28,STR003,PRD016,15,16,792,55,4,0,No,Medium,2025-11-12,No,85433.7,18509.4
TXN01544,2025-06-06,STR004,PRD059,5,124,871,0,4,0,No,High,2025-12-28,No,32995.85,9666.4
TXN01545,2025-06-12,STR002,PRD052,15,51,329,135,3,0,Yes,High,2025-12-23,No,44980.65,14890.5
TXN01546,2025-03-29,STR001,PRD045,10,43,663,137,6,0,No,Low,2025-07-05,No,54861.3,10696.2
TXN01547,2025-06-15,STR002,PRD002,14,141,537,0,4,0,Yes,Low,2025-10-11,No,24353.0,4039.14
TXN01548,2025-04-16,STR003,PRD053,12,130,966,0,4,0,No,Medium,2026-02-15,No,24510.0,3566.16
TXN01549,2025-01-21,STR002,PRD027,47,119,129,0,4,1,Yes,High,2025-10-05,No,228218.37,42699.97
TXN01550,2025-06-22,STR002,PRD025,29,61,882,0,4,2,No,High,2026-01-21,No,197267.86,53695.82
TXN01551,2025-04-10,STR001,PRD060,21,24,58,198,4,1,Yes,Medium,2025-11-15,No,32930.1,6776.49
TXN01552,2025-02-19,STR002,PRD058,9,104,59,0,8,0,Yes,High,2025-03-31,No,34085.79,9065.16
TXN01553,2025-03-13,STR001,PRD043,9,165,993,0,5,0,No,Low,2025-05-28,No,35448.57,5635.89
TXN01554,2025-06-07,STR003,PRD057,19,141,360,0,4,0,Yes,Low,2026-03-16,No,64628.31,16485.54
TXN01555,2025-04-03,STR002,PRD025,17,54,976,146,4,0,Yes,Low,2025-08-11,No,115639.78,31476.86
TXN01556,2025-06-13,STR001,PRD051,18,83,163,0,8,0,No,High,2026-03-26,No,37970.82,5147.28
TXN01557,2025-05-07,STR003,PRD056,13,30,248,161,9,0,Yes,Low,2026-04-03,No,43519.97,7071.61
TXN01558,2025-02-02,STR004,PRD039,18,172,116,0,8,0,Yes,Medium,2025-12-20,No,56476.26,18791.28
TXN01559,2025-02-28,STR003,PRD022,21,204,585,0,9,0,No,Low,2025-04-10,No,104984.67,29414.91
TXN01560,2025-06-27,STR003,PRD023,10,163,595,0,4,1,No,High,2026-05-09,No,38268.1,6638.9
TXN01561,2025-04-27,STR002,PRD031,18,222,487,0,5,0,Yes,Medium,2026-01-03,No,57143.16,18272.7
TXN01562,2025-04-15,STR001,PRD041,9,61,746,51,6,0,No,Medium,2025-11-16,No,4467.06,1281.42
TXN01563,2025-05-13,STR001,PRD024,8,186,94,0,6,0,Yes,Low,2025-11-01,No,15223.2,3618.32
TXN01564,2025-04-18,STR003,PRD062,13,123,509,0,4,0,No,Low,2025-12-04,No,38940.46,7454.72
TXN01565,2025-02-19,STR004,PRD001,30,0,877,166,3,0,Yes,High,2025-07-14,Yes,114901.2,15741.9
TXN01566,2025-06-26,STR004,PRD041,10,98,126,0,6,0,Yes,Low,2025-10-18,No,4963.4,1423.8
TXN01567,2025-03-26,STR004,PRD049,12,67,691,36,4,0,Yes,Low,2025-12-26,No,62394.72,15789.12
TXN01568,2025-04-21,STR004,PRD007,22,129,866,0,6,1,No,Medium,2025-09-24,No,77245.52,14298.68
TXN01569,2025-01-28,STR002,PRD053,17,104,294,0,4,0,No,Low,2025-08-16,No,34722.5,5052.06
TXN01570,2025-05-14,STR004,PRD025,27,214,124,0,4,2,No,Low,2026-04-29,No,183663.18,49992.66
TXN01571,2025-04-25,STR002,PRD020,18,130,177,0,5,2,Yes,Low,2025-06-11,No,63097.2,19338.66
TXN01572,2025-04-07,STR003,PRD003,24,203,918,0,4,0,Yes,Low,2025-06-07,No,122145.36,38613.6
TXN01573,2025-04-24,STR001,PRD052,20,0,675,97,3,0,No,Low,2025-07-15,Yes,59974.2,19854.0
TXN01574,2025-06-23,STR001,PRD055,17,0,103,163,6,0,No,Medium,2026-02-13,Yes,51584.46,7653.74
TXN01575,2025-01-25,STR003,PRD030,33,159,470,0,8,0,Yes,High,2026-01-09,No,148459.08,27210.48
TXN01576,2025-01-03,STR002,PRD040,10,106,443,0,8,0,No,Medium,2025-12-16,No,19907.9,5091.4
TXN01577,2025-06-08,STR002,PRD059,19,6,716,106,4,0,Yes,Medium,2026-03-29,No,125384.23,36732.32
TXN01578,2025-03-26,STR003,PRD029,34,15,155,47,5,0,Yes,High,2025-05-29,No,64995.08,21080.0
TXN01579,2025-06-01,STR001,PRD033,9,193,910,0,4,0,Yes,High,2025-09-03,No,32844.69,6398.82
TXN01580,2025-06-13,STR001,PRD041,10,120,312,0,6,0,No,Medium,2026-03-16,No,4963.4,1423.8
TXN01581,2025-06-08,STR001,PRD012,16,97,240,0,5,0,Yes,Low,2025-07-30,No,40392.16,8596.96
TXN01582,2025-01-16,STR002,PRD054,17,15,648,99,6,1,No,High,2026-01-14,No,59386.78,8954.92
TXN01583,2025-04-02,STR002,PRD064,10,69,647,0,5,0,Yes,Low,2025-12-28,No,35332.4,4675.7
TXN01584,2025-03-21,STR003,PRD030,41,46,427,94,8,0,Yes,High,2026-02-14,No,184449.16,33806.96
TXN01585,2025-06-18,STR001,PRD045,18,155,198,0,6,0,Yes,Low,2026-04-03,No,98750.34,19253.16
TXN01586,2025-05-24,STR004,PRD056,15,204,105,0,9,1,No,Medium,2025-10-01,No,50215.35,8159.55
TXN01587,2025-02-21,STR002,PRD051,16,147,980,0,8,1,Yes,Low,2025-09-13,No,33751.84,4575.36
TXN01588,2025-02-18,STR002,PRD025,34,143,758,0,4,0,No,High,2025-09-05,No,231279.56,62953.72
TXN01589,2025-05-29,STR002,PRD036,17,127,393,0,9,1,No,Medium,2025-12-13,No,62991.29,18459.45
TXN01590,2025-02-11,STR002,PRD050,10,16,947,136,6,0,Yes,Medium,2025-07-03,No,68209.2,21854.8
TXN01591,2025-01-01,STR004,PRD056,13,150,278,0,9,0,Yes,Medium,2025-12-16,No,43519.97,7071.61
TXN01592,2025-02-24,STR002,PRD047,13,48,802,143,8,0,No,High,2025-10-04,No,71615.31,14526.59
TXN01593,2025-02-22,STR002,PRD045,13,89,238,0,6,1,Yes,Medium,2025-03-29,No,71319.69,13905.06
TXN01594,2025-01-19,STR002,PRD014,12,79,80,0,6,1,Yes,Low,2025-07-16,No,15670.92,5030.76
TXN01595,2025-04-23,STR002,PRD048,16,33,649,181,8,1,No,Low,2025-06-07,No,52414.72,9438.4
TXN01596,2025-02-20,STR001,PRD049,9,41,228,92,4,1,Yes,Medium,2025-06-19,No,46796.04,11841.84
TXN01597,2025-03-28,STR001,PRD062,20,196,617,0,4,0,Yes,Low,2025-08-05,No,59908.4,11468.8
TXN01598,2025-01-06,STR002,PRD005,19,196,318,0,4,0,Yes,Low,2025-04-16,No,33469.64,8245.24
TXN01599,2025-04-08,STR002,PRD014,20,147,856,0,6,0,Yes,Medium,2025-08-23,No,26118.2,8384.6
TXN01600,2025-03-20,STR001,PRD060,25,91,295,0,4,0,No,Medium,2025-07-15,No,39202.5,8067.25
TXN01601,2025-05-15,STR004,PRD019,13,237,868,0,4,1,No,High,2025-07-17,No,21482.76,3359.2
TXN01602,2025-01-31,STR001,PRD002,24,201,996,0,4,0,Yes,Low,2025-06-08,No,41748.0,6924.24
TXN01603,2025-05-17,STR002,PRD061,21,75,761,0,8,0,No,Medium,2026-04-18,No,91810.95,21367.92
TXN01604,2025-04-20,STR001,PRD009,18,232,701,0,4,2,Yes,Low,2026-03-31,No,102585.42,29013.12
TXN01605,2025-05-31,STR004,PRD028,31,187,598,0,4,1,No,Low,2025-12-14,No,163359.46,36764.14
TXN01606,2025-03-05,STR004,PRD048,16,0,864,181,8,1,No,Low,2025-12-20,Yes,52414.72,9438.4
TXN01607,2025-05-30,STR002,PRD050,18,208,550,0,6,1,Yes,High,2025-08-09,No,122776.56,39338.64
TXN01608,2025-05-01,STR004,PRD059,16,186,729,0,4,0,Yes,Low,2026-02-15,No,105586.72,30932.48
TXN01609,2025-04-10,STR004,PRD026,47,145,571,0,9,1,No,Medium,2026-01-30,No,79111.34,16498.41
TXN01610,2025-04-29,STR001,PRD038,9,36,779,102,3,0,No,High,2026-01-31,No,42779.16,11294.82
TXN01611,2025-05-07,STR002,PRD002,36,32,645,0,4,1,No,High,2026-03-31,No,62622.0,10386.36
TXN01612,2025-06-16,STR002,PRD019,14,0,274,73,4,1,Yes,Medium,2025-11-13,Yes,23135.28,3617.6
TXN01613,2025-04-12,STR002,PRD032,32,46,960,128,4,2,No,High,2025-07-31,No,37270.4,6182.4
TXN01614,2025-04-06,STR003,PRD007,31,109,136,0,6,0,Yes,Low,2025-10-04,No,108845.96,20148.14
TXN01615,2025-04-24,STR002,PRD022,14,118,410,0,9,1,Yes,High,2025-06-14,No,69989.78,19609.94
TXN01616,2025-04-30,STR004,PRD008,32,127,394,0,8,1,No,Medium,2026-01-24,No,74807.04,23367.04
TXN01617,2025-04-21,STR002,PRD061,21,83,426,0,8,1,No,Medium,2025-10-07,No,91810.95,21367.92
TXN01618,2025-04-08,STR003,PRD053,16,0,502,65,4,1,Yes,Medium,2026-04-03,Yes,32680.0,4754.88
TXN01619,2025-01-20,STR001,PRD022,8,83,973,0,9,0,Yes,Medium,2025-11-02,No,39994.16,11205.68
TXN01620,2025-05-12,STR003,PRD041,16,123,709,0,6,1,Yes,Medium,2025-10-05,No,7941.44,2278.08
TXN01621,2025-01-26,STR002,PRD062,10,20,418,38,4,0,Yes,High,2025-06-07,No,29954.2,5734.4
TXN01622,2025-03-27,STR002,PRD060,11,39,387,192,4,0,No,Medium,2025-09-13,No,17249.1,3549.59
TXN01623,2025-02-18,STR002,PRD039,13,167,668,0,8,0,Yes,High,2025-12-23,No,40788.41,13571.48
TXN01624,2025-03-08,STR003,PRD005,31,166,356,0,4,0,No,Medium,2025-10-30,No,54608.36,13452.76
TXN01625,2025-04-14,STR002,PRD025,37,156,721,0,4,0,Yes,Medium,2026-04-13,No,251686.58,68508.46
TXN01626,2025-05-12,STR003,PRD064,10,184,202,0,5,2,No,Low,2025-10-05,No,35332.4,4675.7
TXN01627,2025-02-23,STR003,PRD037,18,103,289,0,6,0,No,High,2025-11-16,No,20100.78,5424.48
TXN01628,2025-03-29,STR002,PRD056,22,180,137,0,9,0,No,Low,2025-12-03,No,73649.18,11967.34
TXN01629,2025-06-28,STR003,PRD004,28,25,499,0,4,0,No,High,2025-08-12,No,99982.96,13874.28
TXN01630,2025-04-06,STR001,PRD040,12,23,944,167,8,1,Yes,Medium,2025-05-10,No,23889.48,6109.68
TXN01631,2025-05-08,STR003,PRD030,28,58,280,0,8,1,No,Medium,2025-12-30,No,125965.28,23087.68
TXN01632,2025-06-26,STR002,PRD018,17,120,356,0,9,0,No,High,2025-08-06,No,99956.26,33088.12
TXN01633,2025-05-26,STR003,PRD058,20,181,82,0,8,0,Yes,Low,2025-12-11,No,75746.2,20144.8
TXN01634,2025-05-26,STR002,PRD009,9,152,868,0,4,0,No,Medium,2025-10-07,No,51292.71,14506.56
TXN01635,2025-04-11,STR004,PRD015,13,3,445,156,9,0,Yes,Medium,2025-07-05,Yes,54197.65,16567.98
TXN01636,2025-03-26,STR003,PRD037,10,135,512,0,6,0,No,Low,2025-07-21,No,11167.1,3013.6
TXN01637,2025-01-27,STR001,PRD014,17,155,616,0,6,2,Yes,Low,2025-12-31,No,22200.47,7126.91
TXN01638,2025-05-06,STR003,PRD020,18,0,253,67,5,2,Yes,Medium,2025-10-28,Yes,63097.2,19338.66
TXN01639,2025-02-22,STR003,PRD003,24,50,725,0,4,0,Yes,Medium,2025-04-22,No,122145.36,38613.6
TXN01640,2025-04-05,STR003,PRD028,36,0,384,63,4,1,No,Medium,2025-07-24,Yes,189707.76,42693.84
TXN01641,2025-01-29,STR003,PRD005,24,113,478,0,4,0,No,High,2025-04-04,No,42277.44,10415.04
TXN01642,2025-04-10,STR003,PRD044,16,228,975,0,5,2,Yes,Low,2025-08-23,No,19216.48,2523.04
TXN01643,2025-03-21,STR001,PRD051,13,97,887,0,8,0,No,Low,2026-02-23,No,27423.37,3717.48
TXN01644,2025-05-28,STR002,PRD020,18,222,367,0,5,0,Yes,High,2026-02-16,No,63097.2,19338.66
TXN01645,2025-03-12,STR003,PRD027,30,0,506,56,4,0,Yes,Medium,2026-02-14,Yes,145671.3,27255.3
TXN01646,2025-03-05,STR002,PRD051,17,117,386,0,8,0,No,Medium,2025-11-26,No,35861.33,4861.32
TXN01647,2025-05-28,STR002,PRD015,14,0,344,43,9,0,No,Medium,2025-11-26,Yes,58366.7,17842.44
TXN01648,2025-04-11,STR004,PRD045,14,142,893,0,6,1,Yes,Medium,2025-09-15,No,76805.82,14974.68
TXN01649,2025-02-15,STR002,PRD055,18,212,682,0,6,1,No,Medium,2025-09-29,No,54618.84,8103.96
TXN01650,2025-06-18,STR003,PRD039,21,25,632,198,8,1,Yes,Medium,2025-08-09,No,65888.97,21923.16
TXN01651,2025-03-03,STR002,PRD056,16,210,941,0,9,0,Yes,Medium,2026-02-17,No,53563.04,8703.52
TXN01652,2025-05-18,STR001,PRD010,12,62,988,190,9,0,Yes,High,2025-10-06,No,23615.16,4343.16
TXN01653,2025-05-07,STR002,PRD043,14,91,830,0,5,0,Yes,Medium,2025-07-15,No,55142.22,8766.94
TXN01654,2025-01-27,STR002,PRD055,7,122,834,0,6,0,No,Medium,2025-10-14,No,21240.66,3151.54
TXN01655,2025-02-12,STR004,PRD061,11,53,262,0,8,1,Yes,Medium,2025-03-27,No,48091.45,11192.72
TXN01656,2025-01-19,STR004,PRD017,12,151,761,0,4,1,No,Medium,2025-08-12,No,50533.68,7195.8
TXN01657,2025-04-13,STR004,PRD051,15,204,249,0,8,0,No,Low,2025-05-18,No,31642.35,4289.4
TXN01658,2025-03-06,STR004,PRD058,13,16,384,54,8,0,No,Medium,2025-11-27,No,49235.03,13094.12
TXN01659,2025-01-18,STR004,PRD003,21,119,722,0,4,0,Yes,High,2025-09-29,No,106877.19,33786.9
TXN01660,2025-02-05,STR002,PRD035,15,105,890,0,5,1,No,Low,2025-06-02,No,29926.05,9963.9
TXN01661,2025-01-05,STR004,PRD009,18,137,152,0,4,0,Yes,Medium,2025-04-08,No,102585.42,29013.12
TXN01662,2025-05-17,STR003,PRD043,23,166,450,0,5,0,Yes,Low,2025-06-21,No,90590.79,14402.83
TXN01663,2025-06-23,STR003,PRD042,17,52,501,59,4,2,No,Low,2025-11-10,No,107083.34,31288.67
TXN01664,2025-01-09,STR002,PRD021,15,213,741,0,6,2,Yes,Medium,2025-03-04,No,37431.0,6833.25
TXN01665,2025-06-12,STR001,PRD062,21,186,585,0,4,0,Yes,Medium,2025-12-16,No,62903.82,12042.24
TXN01666,2025-04-24,STR001,PRD017,14,0,54,173,4,0,Yes,Medium,2025-09-04,Yes,58955.96,8395.1
TXN01667,2025-03-05,STR001,PRD048,8,87,980,0,8,0,Yes,Low,2025-05-20,No,26207.36,4719.2
TXN01668,2025-01-05,STR002,PRD040,20,87,78,0,8,0,Yes,Medium,2025-05-13,No,39815.8,10182.8
TXN01669,2025-06-24,STR001,PRD026,29,27,866,44,9,1,Yes,High,2025-10-17,No,48813.38,10179.87
TXN01670,2025-01-12,STR001,PRD047,19,87,574,0,8,0,Yes,Medium,2025-07-26,No,104668.53,21231.17
TXN01671,2025-05-24,STR003,PRD034,14,146,244,0,8,2,Yes,High,2026-01-11,No,43865.08,11474.12
TXN01672,2025-04-20,STR002,PRD014,20,10,268,79,6,0,Yes,Medium,2025-11-01,No,26118.2,8384.6
TXN01673,2025-02-14,STR004,PRD033,15,0,719,122,4,0,No,Low,2025-10-01,Yes,54741.15,10664.7
TXN01674,2025-02-24,STR004,PRD051,17,100,275,0,8,0,Yes,High,2025-08-15,No,35861.33,4861.32
TXN01675,2025-06-16,STR002,PRD013,16,143,427,0,4,0,Yes,Low,2025-11-04,No,92048.48,26552.48
TXN01676,2025-04-16,STR001,PRD003,36,160,663,0,4,2,No,Low,2026-02-14,No,183218.04,57920.4
TXN01677,2025-05-26,STR004,PRD005,23,41,147,0,4,0,No,High,2026-01-09,No,40515.88,9981.08
TXN01678,2025-06-23,STR002,PRD035,10,226,839,0,5,0,Yes,Medium,2025-10-20,No,19950.7,6642.6
TXN01679,2025-06-12,STR003,PRD058,18,176,955,0,8,0,No,High,2026-03-15,No,68171.58,18130.32
TXN01680,2025-01-18,STR002,PRD053,15,70,673,24,4,0,No,Medium,2025-11-05,No,30637.5,4457.7
TXN01681,2025-06-13,STR001,PRD039,16,173,288,0,8,0,Yes,Low,2025-07-23,No,50201.12,16703.36
TXN01682,2025-06-07,STR001,PRD061,14,180,968,0,8,0,Yes,Medium,2025-11-05,No,61207.3,14245.28
TXN01683,2025-04-20,STR002,PRD018,19,174,299,0,9,2,Yes,Low,2025-07-29,No,111715.82,36980.84
TXN01684,2025-04-06,STR002,PRD023,18,109,353,0,4,1,Yes,Low,2025-11-14,No,68882.58,11950.02
TXN01685,2025-02-22,STR001,PRD005,38,0,995,80,4,0,No,High,2025-09-08,Yes,66939.28,16490.48
TXN01686,2025-02-04,STR002,PRD012,12,59,375,0,5,1,Yes,High,2025-10-04,No,30294.12,6447.72
TXN01687,2025-06-15,STR004,PRD046,20,188,345,0,6,0,Yes,Low,2025-12-31,No,103061.0,25436.6
TXN01688,2025-03-29,STR001,PRD006,18,34,105,158,5,1,Yes,High,2025-08-19,No,74065.86,21184.56
TXN01689,2025-06-05,STR002,PRD024,17,206,440,0,6,0,No,Low,2026-02-16,No,32349.3,7688.93
TXN01690,2025-06-11,STR003,PRD026,20,0,121,145,9,2,Yes,Low,2026-05-31,Yes,33664.4,7020.6
TXN01691,2025-02-06,STR001,PRD052,11,229,259,0,3,0,Yes,Low,2025-06-04,No,32985.81,10919.7
TXN01692,2025-06-01,STR004,PRD001,39,173,864,0,3,0,Yes,Low,2026-03-17,No,149371.56,20464.47
TXN01693,2025-01-21,STR002,PRD017,11,98,792,0,4,0,No,Medium,2025-05-15,No,46322.54,6596.15
TXN01694,2025-02-20,STR002,PRD019,19,43,484,0,4,0,Yes,High,2025-07-27,No,31397.88,4909.6
TXN01695,2025-03-19,STR004,PRD001,31,116,509,0,3,0,Yes,Medium,2025-12-20,No,118731.24,16266.63
TXN01696,2025-01-21,STR003,PRD008,35,66,221,116,8,1,No,Medium,2025-09-24,No,81820.2,25557.7
TXN01697,2025-05-10,STR002,PRD044,16,140,802,0,5,0,No,Low,2026-02-10,No,19216.48,2523.04
TXN01698,2025-01-06,STR003,PRD064,12,183,440,0,5,1,No,Low,2025-07-08,No,42398.88,5610.84
TXN01699,2025-06-02,STR004,PRD040,19,118,206,0,8,0,Yes,Medium,2026-01-12,No,37825.01,9673.66
TXN01700,2025-04-29,STR002,PRD054,15,63,340,136,6,1,No,High,2026-04-04,No,52400.1,7901.4
TXN01701,2025-05-04,STR001,PRD063,17,1,189,105,6,0,No,Low,2025-08-21,Yes,43542.27,11429.27
TXN01702,2025-02-18,STR002,PRD013,14,0,932,23,4,0,No,Medium,2025-10-13,Yes,80542.42,23233.42
TXN01703,2025-04-17,STR004,PRD043,24,216,454,0,5,1,No,Medium,2026-01-22,No,94529.52,15029.04
TXN01704,2025-03-20,STR003,PRD050,15,149,652,0,6,2,Yes,Medium,2025-05-08,No,102313.8,32782.2
TXN01705,2025-02-01,STR004,PRD036,17,81,629,0,9,0,Yes,Low,2025-10-12,No,62991.29,18459.45
TXN01706,2025-03-07,STR002,PRD021,15,182,985,0,6,0,No,High,2025-12-12,No,37431.0,6833.25
TXN01707,2025-06-12,STR002,PRD016,13,163,427,0,4,0,Yes,High,2026-01-25,No,74042.54,16041.48
TXN01708,2025-04-19,STR002,PRD059,17,171,302,0,4,0,Yes,Medium,2025-06-05,No,112185.89,32865.76
TXN01709,2025-04-03,STR002,PRD034,7,154,773,0,8,0,Yes,High,2026-03-29,No,21932.54,5737.06
TXN01710,2025-02-07,STR001,PRD044,18,48,516,174,5,0,Yes,Medium,2025-07-13,No,21618.54,2838.42
TXN01711,2025-06-04,STR002,PRD032,43,200,728,0,4,1,Yes,Low,2025-09-01,No,50082.1,8307.6
TXN01712,2025-01-24,STR002,PRD020,21,143,778,0,5,0,No,Medium,2025-12-20,No,73613.4,22561.77
TXN01713,2025-01-21,STR001,PRD004,43,189,243,0,4,0,No,Low,2025-09-26,No,153545.26,21306.93
TXN01714,2025-03-06,STR001,PRD053,12,165,359,0,4,0,No,High,2025-09-09,No,24510.0,3566.16
TXN01715,2025-04-16,STR004,PRD006,20,7,636,182,5,0,No,Low,2025-09-30,No,82295.4,23538.4
TXN01716,2025-02-23,STR001,PRD043,19,219,816,0,5,1,No,High,2025-08-29,No,74835.87,11897.99
TXN01717,2025-01-02,STR002,PRD038,20,23,51,145,3,0,Yes,Low,2025-09-02,No,95064.8,25099.6
TXN01718,2025-05-15,STR004,PRD030,28,139,345,0,8,0,No,Low,2025-09-12,No,125965.28,23087.68
TXN01719,2025-04-06,STR002,PRD001,24,156,187,0,3,2,Yes,Medium,2025-08-07,No,91920.96,12593.52
TXN01720,2025-05-09,STR004,PRD028,18,97,630,0,4,0,Yes,Low,2025-09-18,No,94853.88,21346.92
TXN01721,2025-01-16,STR004,PRD056,14,177,237,0,9,2,Yes,Medium,2025-09-12,No,46867.66,7615.58
TXN01722,2025-04-23,STR004,PRD050,18,142,984,0,6,0,Yes,High,2025-08-16,No,122776.56,39338.64
TXN01723,2025-01-21,STR004,PRD011,14,61,137,0,8,1,No,Low,2025-07-11,No,31155.32,4807.46
TXN01724,2025-01-17,STR001,PRD007,31,0,290,169,6,0,No,Medium,2025-04-08,Yes,108845.96,20148.14
TXN01725,2025-01-03,STR003,PRD050,12,3,819,88,6,0,Yes,High,2025-11-27,Yes,81851.04,26225.76
TXN01726,2025-01-11,STR001,PRD010,18,6,584,74,9,0,Yes,Medium,2025-12-15,No,35422.74,6514.74
TXN01727,2025-05-14,STR001,PRD032,28,210,547,0,4,0,No,Medium,2026-04-18,No,32611.6,5409.6
TXN01728,2025-04-20,STR001,PRD008,31,63,961,194,8,1,No,Medium,2025-09-19,No,72469.32,22636.82
TXN01729,2025-04-03,STR004,PRD023,23,147,458,0,4,1,No,High,2025-06-01,No,88016.63,15269.47
TXN01730,2025-04-02,STR001,PRD002,31,175,152,0,4,1,Yes,Medium,2025-11-23,No,53924.5,8943.81
TXN01731,2025-02-05,STR001,PRD016,16,0,175,174,4,0,No,High,2025-07-12,Yes,91129.28,19743.36
TXN01732,2025-04-05,STR003,PRD022,16,99,683,0,9,0,No,High,2025-12-02,No,79988.32,22411.36
TXN01733,2025-06-19,STR003,PRD062,11,37,53,0,4,1,No,Low,2026-06-08,No,32949.62,6307.84
TXN01734,2025-04-03,STR003,PRD037,17,206,96,0,6,0,No,High,2025-12-16,No,18984.07,5123.12
TXN01735,2025-03-01,STR002,PRD022,9,146,546,0,9,0,No,High,2026-02-07,No,44993.43,12606.39
TXN01736,2025-01-21,STR002,PRD029,32,77,537,0,5,1,Yes,High,2025-09-05,No,61171.84,19840.0
TXN01737,2025-03-17,STR004,PRD032,36,13,940,56,4,0,Yes,Low,2025-12-26,No,41929.2,6955.2
TXN01738,2025-01-23,STR001,PRD041,15,62,611,192,6,0,No,Low,2025-10-08,No,7445.1,2135.7
TXN01739,2025-01-30,STR001,PRD040,16,107,728,0,8,0,Yes,Low,2025-06-17,No,31852.64,8146.24
TXN01740,2025-02-13,STR004,PRD026,17,10,782,131,9,1,Yes,Low,2025-08-29,No,28614.74,5967.51
TXN01741,2025-04-09,STR002,PRD035,18,178,337,0,5,0,Yes,High,2025-09-17,No,35911.26,11956.68
TXN01742,2025-06-20,STR002,PRD064,15,106,969,0,5,0,Yes,High,2025-09-27,No,52998.6,7013.55
TXN01743,2025-05-17,STR001,PRD011,18,144,792,0,8,0,No,Low,2025-12-03,No,40056.84,6181.02
TXN01744,2025-02-27,STR002,PRD043,25,213,639,0,5,0,Yes,High,2025-09-20,No,98468.25,15655.25
TXN01745,2025-04-07,STR003,PRD050,19,214,784,0,6,0,No,High,2026-03-31,No,129597.48,41524.12
TXN01746,2025-05-24,STR001,PRD017,22,225,926,0,4,0,No,Low,2025-10-15,No,92645.08,13192.3
TXN01747,2025-03-08,STR004,PRD039,12,17,139,94,8,0,Yes,Low,2025-09-28,No,37650.84,12527.52
TXN01748,2025-06-01,STR002,PRD057,13,226,242,0,4,0,Yes,High,2026-01-05,No,44219.37,11279.58
TXN01749,2025-02-02,STR004,PRD004,22,222,439,0,4,2,Yes,Medium,2025-04-04,No,78558.04,10901.22
TXN01750,2025-06-01,STR003,PRD014,7,130,244,0,6,0,No,Medium,2025-12-11,No,9141.37,2934.61
TXN01751,2025-04-04,STR004,PRD038,16,188,745,0,3,0,Yes,High,2026-03-08,No,76051.84,20079.68
TXN01752,2025-06-01,STR003,PRD012,15,41,159,0,5,1,No,Low,2026-04-02,No,37867.65,8059.65
TXN01753,2025-04-28,STR004,PRD059,9,71,198,0,4,1,No,Low,2026-02-07,No,59392.53,17399.52
TXN01754,2025-06-24,STR002,PRD052,15,101,200,0,3,1,No,Low,2025-08-10,No,44980.65,14890.5
TXN01755,2025-06-03,STR003,PRD022,16,65,366,0,9,0,Yes,Medium,2026-04-22,No,79988.32,22411.36
TXN01756,2025-05-03,STR002,PRD016,15,146,898,0,4,1,Yes,Medium,2025-10-29,No,85433.7,18509.4
TXN01757,2025-06-30,STR002,PRD056,14,233,435,0,9,2,Yes,Medium,2025-10-16,No,46867.66,7615.58
TXN01758,2025-02-23,STR003,PRD023,12,205,800,0,4,0,Yes,High,2025-04-20,No,45921.72,7966.68
TXN01759,2025-02-15,STR001,PRD043,17,202,549,0,5,1,No,Medium,2025-06-06,No,66958.41,10645.57
TXN01760,2025-01-06,STR004,PRD006,40,60,482,106,5,0,No,Medium,2025-08-24,No,164590.8,47076.8
TXN01761,2025-04-11,STR003,PRD020,10,8,794,155,5,2,No,Medium,2025-08-18,No,35054.0,10743.7
TXN01762,2025-06-29,STR004,PRD004,30,70,149,0,4,0,Yes,Medium,2026-05-22,No,107124.6,14865.3
TXN01763,2025-01-14,STR003,PRD026,27,90,720,0,9,0,Yes,High,2025-04-24,No,45446.94,9477.81
TXN01764,2025-04-24,STR003,PRD004,35,39,968,0,4,0,Yes,Low,2025-09-12,No,124978.7,17342.85
TXN01765,2025-02-20,STR003,PRD008,40,0,793,112,8,0,Yes,High,2025-06-05,Yes,93508.8,29208.8
TXN01766,2025-04-07,STR002,PRD054,17,226,487,0,6,0,Yes,Low,2025-06-25,No,59386.78,8954.92
TXN01767,2025-04-02,STR003,PRD021,14,235,535,0,6,0,Yes,Low,2025-07-01,No,34935.6,6377.7
TXN01768,2025-05-12,STR002,PRD020,11,155,396,0,5,0,No,Low,2026-04-28,No,38559.4,11818.07
TXN01769,2025-04-14,STR004,PRD056,11,51,171,28,9,0,Yes,Medium,2026-01-19,No,36824.59,5983.67
TXN01770,2025-03-19,STR001,PRD048,16,160,660,0,8,0,Yes,High,2025-10-27,No,52414.72,9438.4
TXN01771,2025-06-27,STR002,PRD030,20,179,524,0,8,1,No,Medium,2026-06-15,No,89975.2,16491.2
TXN01772,2025-06-17,STR002,PRD006,31,63,172,22,5,0,Yes,Low,2025-09-17,No,127557.87,36484.52
TXN01773,2025-05-06,STR001,PRD013,20,144,734,0,4,1,Yes,Low,2026-04-01,No,115060.6,33190.6
TXN01774,2025-05-27,STR004,PRD021,14,132,541,0,6,1,No,High,2025-08-13,No,34935.6,6377.7
TXN01775,2025-06-01,STR001,PRD014,15,31,443,0,6,1,No,High,2026-02-08,No,19588.65,6288.45
TXN01776,2025-03-18,STR004,PRD041,16,130,178,0,6,0,Yes,Medium,2025-05-19,No,7941.44,2278.08
TXN01777,2025-05-18,STR003,PRD024,13,34,882,123,6,1,Yes,Medium,2026-03-28,No,24737.7,5879.77
TXN01778,2025-05-18,STR004,PRD050,13,187,881,0,6,0,No,Low,2026-03-09,No,88671.96,28411.24
TXN01779,2025-05-30,STR001,PRD045,13,124,780,0,6,0,Yes,Low,2025-08-28,No,71319.69,13905.06
TXN01780,2025-02-16,STR001,PRD044,17,203,663,0,5,0,Yes,Low,2025-12-27,No,20417.51,2680.73
TXN01781,2025-04-25,STR004,PRD056,13,191,371,0,9,1,Yes,Low,2025-07-29,No,43519.97,7071.61
TXN01782,2025-05-28,STR001,PRD011,15,37,718,0,8,0,Yes,Low,2026-04-10,No,33380.7,5150.85
TXN01783,2025-03-07,STR001,PRD048,20,197,821,0,8,1,Yes,Low,2025-06-08,No,65518.4,11798.0
TXN01784,2025-05-10,STR002,PRD005,39,54,607,0,4,0,Yes,Medium,2025-06-09,No,68700.84,16924.44
TXN01785,2025-03-05,STR002,PRD048,16,60,97,0,8,0,No,High,2026-01-02,No,52414.72,9438.4
TXN01786,2025-04-24,STR002,PRD007,25,122,552,0,6,0,No,High,2025-11-20,No,87779.0,16248.5
TXN01787,2025-06-05,STR002,PRD051,20,117,572,0,8,0,Yes,High,2025-08-24,No,42189.8,5719.2
TXN01788,2025-06-19,STR002,PRD005,21,39,87,0,4,0,Yes,Low,2025-12-19,No,36992.76,9113.16
TXN01789,2025-02-25,STR002,PRD012,22,223,187,0,5,2,Yes,High,2025-09-26,No,55539.22,11820.82
TXN01790,2025-03-13,STR003,PRD035,19,13,482,179,5,0,Yes,High,2025-08-20,No,37906.33,12620.94
TXN01791,2025-03-08,STR003,PRD015,8,89,715,0,9,1,Yes,Medium,2025-11-26,No,33352.4,10195.68
TXN01792,2025-01-22,STR002,PRD024,15,226,310,0,6,1,No,High,2025-05-05,No,28543.5,6784.35
TXN01793,2025-05-18,STR004,PRD026,21,0,800,181,9,1,No,High,2026-05-13,Yes,35347.62,7371.63
TXN01794,2025-02-19,STR002,PRD045,9,173,431,0,6,1,Yes,Medium,2025-06-07,No,49375.17,9626.58
TXN01795,2025-03-22,STR004,PRD001,33,64,76,0,3,0,Yes,Low,2025-09-06,No,126391.32,17316.09
TXN01796,2025-02-01,STR004,PRD032,38,0,611,195,4,2,No,Low,2025-08-18,Yes,44258.6,7341.6
TXN01797,2025-06-13,STR001,PRD058,7,15,981,112,8,0,No,Medium,2025-09-25,No,26511.17,7050.68
TXN01798,2025-02-27,STR002,PRD055,17,53,150,22,6,1,No,Low,2025-10-08,No,51584.46,7653.74
TXN01799,2025-01-27,STR004,PRD061,17,183,997,0,8,0,Yes,Low,2025-11-22,No,74323.15,17297.84
TXN01800,2025-03-20,STR002,PRD003,35,175,876,0,4,1,No,Low,2026-01-14,No,178128.65,56311.5
TXN01801,2025-03-31,STR002,PRD021,16,163,635,0,6,2,No,High,2025-09-15,No,39926.4,7288.8
TXN01802,2025-06-05,STR003,PRD040,16,9,224,32,8,0,No,Medium,2025-10-05,No,31852.64,8146.24
TXN01803,2025-03-30,STR004,PRD034,16,190,809,0,8,0,No,Medium,2026-02-26,No,50131.52,13113.28
TXN01804,2025-02-02,STR001,PRD049,12,54,753,22,4,1,Yes,High,2025-05-07,No,62394.72,15789.12
TXN01805,2025-02-06,STR004,PRD024,18,78,631,0,6,0,No,Low,2026-01-29,No,34252.2,8141.22
TXN01806,2025-04-05,STR004,PRD032,33,140,673,0,4,0,No,High,2025-12-25,No,38435.1,6375.6
TXN01807,2025-02-16,STR003,PRD036,13,99,412,0,9,1,No,High,2025-08-11,No,48169.81,14116.05
TXN01808,2025-03-12,STR003,PRD047,17,226,488,0,8,0,Yes,Medium,2026-03-02,No,93650.79,18996.31
TXN01809,2025-01-23,STR001,PRD023,18,224,362,0,4,0,No,Medium,2025-04-09,No,68882.58,11950.02
TXN01810,2025-06-12,STR002,PRD030,27,0,145,81,8,1,Yes,High,2025-08-10,Yes,121466.52,22263.12
TXN01811,2025-01-22,STR001,PRD030,28,113,554,0,8,1,Yes,Medium,2025-11-08,No,125965.28,23087.68
TXN01812,2025-02-04,STR002,PRD040,13,109,559,0,8,1,Yes,Medium,2025-03-13,No,25880.27,6618.82
TXN01813,2025-06-07,STR001,PRD047,18,30,781,21,8,0,No,High,2026-04-06,No,99159.66,20113.74
TXN01814,2025-03-30,STR004,PRD051,13,49,992,189,8,0,Yes,High,2025-12-14,No,27423.37,3717.48
TXN01815,2025-02-13,STR002,PRD046,10,162,953,0,6,0,Yes,Low,2025-04-22,No,51530.5,12718.3
TXN01816,2025-04-04,STR001,PRD019,17,197,186,0,4,0,No,Low,2025-12-06,No,28092.84,4392.8
TXN01817,2025-05-07,STR001,PRD057,12,85,224,0,4,0,No,Low,2025-11-26,No,40817.88,10411.92
TXN01818,2025-06-23,STR003,PRD030,26,186,602,0,8,0,Yes,Medium,2025-12-23,No,116967.76,21438.56
TXN01819,2025-05-04,STR001,PRD003,29,38,268,0,4,1,Yes,High,2026-04-22,No,147592.31,46658.1
TXN01820,2025-05-26,STR003,PRD016,12,88,272,0,4,3,No,High,2026-03-15,No,68346.96,14807.52
TXN01821,2025-01-10,STR004,PRD004,30,198,682,0,4,1,No,Low,2025-08-10,No,107124.6,14865.3
TXN01822,2025-01-02,STR004,PRD023,9,148,521,0,4,0,No,Medium,2025-08-01,No,34441.29,5975.01
TXN01823,2025-01-28,STR004,PRD023,14,0,961,109,4,0,Yes,Medium,2025-08-27,Yes,53575.34,9294.46
TXN01824,2025-01-03,STR004,PRD026,22,88,553,0,9,0,Yes,Low,2025-10-30,No,37030.84,7722.66
TXN01825,2025-05-12,STR004,PRD002,28,77,176,0,4,0,No,Low,2025-08-29,No,48706.0,8078.28
TXN01826,2025-06-18,STR002,PRD028,32,25,531,0,4,1,No,Medium,2025-12-18,No,168629.12,37950.08
TXN01827,2025-04-04,STR003,PRD005,29,199,236,0,4,1,No,Low,2025-12-14,No,51085.24,12584.84
TXN01828,2025-06-18,STR001,PRD012,13,201,499,0,5,1,Yes,Low,2026-01-15,No,32818.63,6985.03
TXN01829,2025-04-22,STR001,PRD029,15,76,954,0,5,0,Yes,Low,2025-08-27,No,28674.3,9300.0
TXN01830,2025-03-14,STR002,PRD039,17,0,454,54,8,2,No,High,2025-09-29,Yes,53338.69,17747.32
TXN01831,2025-01-09,STR004,PRD037,10,31,253,190,6,0,No,High,2025-06-24,No,11167.1,3013.6
TXN01832,2025-01-31,STR002,PRD023,15,92,550,0,4,0,No,High,2025-05-06,No,57402.15,9958.35
TXN01833,2025-03-25,STR004,PRD025,30,98,793,0,4,0,No,Low,2025-06-19,No,204070.2,55547.4
TXN01834,2025-01-28,STR002,PRD041,11,191,71,0,6,1,Yes,Low,2025-08-22,No,5459.74,1566.18
TXN01835,2025-05-09,STR004,PRD054,8,0,292,195,6,0,Yes,High,2025-11-30,Yes,27946.72,4214.08
TXN01836,2025-04-20,STR003,PRD057,20,229,661,0,4,1,Yes,Medium,2026-01-20,No,68029.8,17353.2
TXN01837,2025-03-16,STR002,PRD018,14,58,134,144,9,1,No,Low,2026-02-25,No,82316.92,27249.04
TXN01838,2025-02-09,STR003,PRD045,16,170,573,0,6,0,Yes,Low,2025-08-01,No,87778.08,17113.92
TXN01839,2025-01-30,STR002,PRD034,9,212,319,0,8,0,Yes,High,2025-10-06,No,28198.98,7376.22
TXN01840,2025-02-20,STR003,PRD041,14,107,773,0,6,1,Yes,High,2025-12-04,No,6948.76,1993.32
TXN01841,2025-06-06,STR002,PRD051,9,37,925,68,8,0,Yes,Low,2025-09-05,No,18985.41,2573.64
TXN01842,2025-02-03,STR001,PRD054,6,96,89,0,6,2,No,Low,2025-05-18,No,20960.04,3160.56
TXN01843,2025-04-20,STR004,PRD027,20,137,254,0,4,1,Yes,Low,2025-11-30,No,97114.2,18170.2
TXN01844,2025-04-15,STR003,PRD048,14,120,363,0,8,1,Yes,Low,2025-11-03,No,45862.88,8258.6
TXN01845,2025-04-20,STR003,PRD056,21,101,112,0,9,0,No,High,2025-06-15,No,70301.49,11423.37
TXN01846,2025-03-19,STR004,PRD001,23,45,422,0,3,1,No,Medium,2025-11-18,No,88090.92,12068.79
TXN01847,2025-03-05,STR004,PRD005,28,201,98,0,4,0,Yes,Low,2025-04-04,No,49323.68,12150.88
TXN01848,2025-01-14,STR003,PRD055,10,159,812,0,6,0,No,Low,2025-07-09,No,30343.8,4502.2
TXN01849,2025-05-01,STR001,PRD058,14,57,980,0,8,2,Yes,Medium,2025-09-02,No,53022.34,14101.36
TXN01850,2025-03-06,STR004,PRD008,46,47,361,105,8,0,Yes,Low,2025-04-11,No,107535.12,33590.12
TXN01851,2025-06-24,STR002,PRD017,13,128,838,0,4,0,Yes,Medium,2026-01-24,No,54744.82,7795.45
TXN01852,2025-04-03,STR003,PRD003,34,101,669,0,4,0,No,Low,2026-03-31,No,173039.26,54702.6
TXN01853,2025-03-12,STR003,PRD006,23,126,443,0,5,0,Yes,Low,2025-06-16,No,94639.71,27069.16
TXN01854,2025-06-11,STR003,PRD018,17,173,666,0,9,0,Yes,Low,2026-05-07,No,99956.26,33088.12
TXN01855,2025-06-17,STR002,PRD048,20,189,245,0,8,0,Yes,High,2026-03-02,No,65518.4,11798.0
TXN01856,2025-01-26,STR004,PRD022,8,11,683,159,9,1,No,Medium,2025-10-25,No,39994.16,11205.68
TXN01857,2025-02-21,STR003,PRD020,13,123,788,0,5,0,Yes,Low,2025-05-27,No,45570.2,13966.81
TXN01858,2025-02-19,STR001,PRD051,21,86,613,0,8,0,No,High,2025-09-14,No,44299.29,6005.16
TXN01859,2025-04-04,STR002,PRD061,14,100,694,0,8,1,Yes,Medium,2025-06-07,No,61207.3,14245.28
TXN01860,2025-05-04,STR004,PRD010,11,96,586,0,9,1,Yes,Low,2026-04-05,No,21647.23,3981.23
TXN01861,2025-03-12,STR001,PRD025,22,52,629,31,4,0,Yes,High,2025-07-17,No,149651.48,40734.76
TXN01862,2025-04-12,STR001,PRD013,7,119,751,0,4,0,Yes,Low,2025-12-22,No,40271.21,11616.71
TXN01863,2025-05-11,STR003,PRD061,10,88,625,0,8,1,No,Medium,2026-04-16,No,43719.5,10175.2
TXN01864,2025-03-11,STR004,PRD002,23,24,213,20,4,0,Yes,High,2025-04-14,No,40008.5,6635.73
TXN01865,2025-05-12,STR002,PRD024,21,95,565,0,6,1,No,Medium,2025-10-01,No,39960.9,9498.09
TXN01866,2025-03-17,STR002,PRD044,16,165,324,0,5,0,Yes,Low,2025-08-08,No,19216.48,2523.04
TXN01867,2025-01-12,STR001,PRD037,10,126,293,0,6,1,No,Low,2026-01-04,No,11167.1,3013.6
TXN01868,2025-02-07,STR003,PRD026,25,212,186,0,9,2,No,Low,2026-01-31,No,42080.5,8775.75
TXN01869,2025-03-05,STR004,PRD006,24,112,168,0,5,0,Yes,High,2025-09-28,No,98754.48,28246.08
TXN01870,2025-06-11,STR002,PRD056,22,132,427,0,9,2,No,Low,2026-04-18,No,73649.18,11967.34
TXN01871,2025-03-09,STR001,PRD062,8,176,186,0,4,1,No,High,2025-09-05,No,23963.36,4587.52
TXN01872,2025-03-25,STR002,PRD002,21,139,885,0,4,1,Yes,Medium,2025-08-14,No,36529.5,6058.71
TXN01873,2025-03-13,STR002,PRD023,18,27,66,85,4,1,Yes,High,2025-10-24,No,68882.58,11950.02
TXN01874,2025-06-17,STR001,PRD059,10,55,699,180,4,0,Yes,Medium,2025-11-06,No,65991.7,19332.8
TXN01875,2025-03-25,STR004,PRD010,18,50,645,72,9,0,No,Low,2025-12-08,No,35422.74,6514.74
TXN01876,2025-03-01,STR002,PRD059,16,170,793,0,4,0,No,Medium,2025-06-14,No,105586.72,30932.48
TXN01877,2025-05-03,STR004,PRD016,15,8,235,146,4,0,No,Low,2025-08-31,No,85433.7,18509.4
TXN01878,2025-02-18,STR001,PRD004,46,79,796,0,4,0,Yes,High,2025-08-11,No,164257.72,22793.46
TXN01879,2025-01-06,STR004,PRD002,27,14,887,65,4,0,No,High,2025-12-13,No,46966.5,7789.77
TXN01880,2025-02-18,STR004,PRD004,30,6,486,38,4,0,Yes,Medium,2026-02-13,No,107124.6,14865.3
TXN01881,2025-04-14,STR003,PRD018,12,13,190,154,9,0,Yes,High,2025-07-04,No,70557.36,23356.32
TXN01882,2025-04-07,STR004,PRD050,19,79,71,0,6,0,Yes,Low,2026-04-01,No,129597.48,41524.12
TXN01883,2025-01-12,STR001,PRD001,20,43,838,0,3,0,Yes,Medium,2025-04-25,No,76600.8,10494.6
TXN01884,2025-06-10,STR004,PRD003,42,0,860,22,4,1,Yes,High,2025-12-30,Yes,213754.38,67573.8
TXN01885,2025-01-22,STR003,PRD046,19,32,192,0,6,0,No,High,2025-10-06,No,97907.95,24164.77
TXN01886,2025-02-11,STR001,PRD048,12,66,389,0,8,0,No,Low,2025-07-15,No,39311.04,7078.8
TXN01887,2025-01-15,STR004,PRD064,20,119,758,0,5,0,No,High,2025-11-19,No,70664.8,9351.4
TXN01888,2025-02-01,STR002,PRD032,20,191,95,0,4,2,Yes,High,2025-08-01,No,23294.0,3864.0
TXN01889,2025-01-27,STR002,PRD013,10,120,957,0,4,0,No,Low,2025-02-26,No,57530.3,16595.3
TXN01890,2025-02-27,STR001,PRD025,28,30,444,129,4,2,Yes,Medium,2026-02-27,No,190465.52,51844.24
TXN01891,2025-03-15,STR004,PRD014,15,42,993,0,6,1,No,High,2025-06-10,No,19588.65,6288.45
TXN01892,2025-05-06,STR004,PRD048,16,27,279,48,8,0,Yes,Medium,2025-12-04,No,52414.72,9438.4
TXN01893,2025-01-20,STR004,PRD028,35,50,171,0,4,1,No,Low,2025-03-13,No,184438.1,41507.9
TXN01894,2025-06-04,STR002,PRD033,12,26,488,65,4,0,No,High,2025-10-04,No,43792.92,8531.76
TXN01895,2025-06-23,STR003,PRD026,31,7,753,190,9,0,No,High,2025-12-16,No,52179.82,10881.93
TXN01896,2025-03-31,STR003,PRD037,13,211,156,0,6,1,No,Medium,2025-11-04,No,14517.23,3917.68
TXN01897,2025-03-09,STR003,PRD035,15,192,978,0,5,2,Yes,Low,2025-06-23,No,29926.05,9963.9
TXN01898,2025-06-17,STR002,PRD017,7,30,201,101,4,1,No,Medium,2026-03-18,No,29477.98,4197.55
TXN01899,2025-01-18,STR001,PRD031,21,126,487,0,5,0,No,Low,2025-04-04,No,66667.02,21318.15
TXN01900,2025-03-24,STR001,PRD015,18,14,835,66,9,0,No,Medium,2025-10-03,No,75042.9,22940.28
TXN01901,2025-05-07,STR003,PRD038,20,88,542,0,3,0,No,High,2026-04-27,No,95064.8,25099.6
TXN01902,2025-03-27,STR004,PRD033,10,25,993,187,4,1,Yes,Medium,2025-11-26,No,36494.1,7109.8
TXN01903,2025-05-21,STR001,PRD024,15,112,601,0,6,0,No,High,2026-03-21,No,28543.5,6784.35
TXN01904,2025-02-28,STR002,PRD052,14,84,135,0,3,0,No,High,2026-01-19,No,41981.94,13897.8
TXN01905,2025-06-27,STR002,PRD044,14,193,816,0,5,1,Yes,High,2025-09-09,No,16814.42,2207.66
TXN01906,2025-03-02,STR003,PRD009,15,77,52,0,4,0,Yes,Low,2025-10-03,No,85487.85,24177.6
TXN01907,2025-05-23,STR003,PRD042,17,104,186,0,4,1,Yes,Low,2025-12-17,No,107083.34,31288.67
TXN01908,2025-04-03,STR004,PRD064,13,204,919,0,5,1,Yes,Medium,2025-12-24,No,45932.12,6078.41
TXN01909,2025-02-06,STR003,PRD035,15,198,923,0,5,2,No,Low,2025-06-23,No,29926.05,9963.9
TXN01910,2025-02-27,STR001,PRD020,9,5,170,55,5,1,Yes,Medium,2025-04-11,Yes,31548.6,9669.33
TXN01911,2025-06-28,STR002,PRD031,32,63,105,0,5,0,Yes,High,2026-05-21,No,101587.84,32484.8
TXN01912,2025-01-19,STR003,PRD013,13,109,907,0,4,0,Yes,Low,2025-05-04,No,74789.39,21573.89
TXN01913,2025-04-04,STR003,PRD052,17,19,300,40,3,0,Yes,Low,2026-02-19,No,50978.07,16875.9
TXN01914,2025-04-17,STR003,PRD022,20,18,531,66,9,1,Yes,High,2026-02-11,No,99985.4,28014.2
TXN01915,2025-06-28,STR003,PRD031,29,91,471,0,5,2,No,Medium,2026-06-23,No,92063.98,29439.35
TXN01916,2025-06-27,STR002,PRD013,16,0,163,93,4,1,Yes,Low,2026-06-20,Yes,92048.48,26552.48
TXN01917,2025-01-09,STR004,PRD055,15,139,819,0,6,1,Yes,High,2025-05-01,No,45515.7,6753.3
TXN01918,2025-01-03,STR003,PRD021,13,88,902,0,6,0,No,High,2025-09-22,No,32440.2,5922.15
TXN01919,2025-05-22,STR002,PRD011,16,166,899,0,8,0,No,High,2026-03-04,No,35606.08,5494.24
TXN01920,2025-03-20,STR003,PRD006,32,76,210,0,5,0,No,Low,2026-01-11,No,131672.64,37661.44
TXN01921,2025-04-07,STR001,PRD063,15,235,178,0,6,0,Yes,Medium,2026-03-19,No,38419.65,10084.65
TXN01922,2025-01-15,STR004,PRD008,24,76,238,0,8,1,Yes,High,2025-10-11,No,56105.28,17525.28
TXN01923,2025-05-03,STR004,PRD003,35,132,707,0,4,0,No,Medium,2025-08-25,No,178128.65,56311.5
TXN01924,2025-01-14,STR001,PRD039,18,187,430,0,8,2,No,Low,2025-07-01,No,56476.26,18791.28
TXN01925,2025-01-28,STR001,PRD031,32,0,667,112,5,0,No,Low,2025-06-29,Yes,101587.84,32484.8
TXN01926,2025-03-14,STR004,PRD055,16,25,159,158,6,1,Yes,Low,2026-02-12,No,48550.08,7203.52
TXN01927,2025-01-03,STR002,PRD031,27,21,256,161,5,0,Yes,Low,2025-06-19,No,85714.74,27409.05
TXN01928,2025-01-22,STR004,PRD061,12,238,633,0,8,1,Yes,High,2025-10-26,No,52463.4,12210.24
TXN01929,2025-01-12,STR002,PRD005,19,61,145,0,4,1,No,Low,2025-08-12,No,33469.64,8245.24
TXN01930,2025-03-14,STR002,PRD020,12,233,457,0,5,1,Yes,Medium,2025-10-30,No,42064.8,12892.44
TXN01931,2025-04-02,STR003,PRD036,14,235,182,0,9,0,Yes,Medium,2025-11-26,No,51875.18,15201.9
TXN01932,2025-05-09,STR001,PRD051,11,14,876,148,8,3,Yes,Low,2026-04-04,No,23204.39,3145.56
TXN01933,2025-04-08,STR001,PRD003,37,113,939,0,4,0,Yes,Medium,2025-07-29,No,188307.43,59529.3
TXN01934,2025-02-08,STR003,PRD003,38,0,145,180,4,0,Yes,Low,2026-02-07,Yes,193396.82,61138.2
TXN01935,2025-02-06,STR001,PRD042,24,172,785,0,4,1,Yes,High,2025-11-27,No,151176.48,44172.24
TXN01936,2025-06-05,STR002,PRD015,15,151,585,0,9,0,No,Medium,2025-09-10,No,62535.75,19116.9
TXN01937,2025-03-28,STR004,PRD054,15,59,688,112,6,0,No,Low,2025-11-11,No,52400.1,7901.4
TXN01938,2025-03-03,STR003,PRD030,25,131,671,0,8,1,Yes,Low,2026-01-17,No,112469.0,20614.0
TXN01939,2025-06-10,STR002,PRD048,10,117,149,0,8,2,Yes,Low,2025-12-15,No,32759.2,5899.0
TXN01940,2025-05-21,STR002,PRD051,9,213,866,0,8,0,Yes,Medium,2025-08-07,No,18985.41,2573.64
TXN01941,2025-04-27,STR004,PRD033,15,65,223,0,4,1,No,Low,2025-06-30,No,54741.15,10664.7
TXN01942,2025-03-13,STR004,PRD050,19,128,422,0,6,0,No,Low,2025-05-18,No,129597.48,41524.12
TXN01943,2025-02-15,STR002,PRD048,16,165,840,0,8,3,No,Medium,2025-11-14,No,52414.72,9438.4
TXN01944,2025-03-07,STR001,PRD013,16,179,947,0,4,1,No,High,2025-06-16,No,92048.48,26552.48
TXN01945,2025-02-01,STR002,PRD019,17,231,632,0,4,0,No,Low,2025-09-05,No,28092.84,4392.8
TXN01946,2025-03-15,STR004,PRD008,33,71,927,0,8,0,Yes,Medium,2025-10-18,No,77144.76,24097.26
TXN01947,2025-05-12,STR002,PRD016,16,200,689,0,4,1,No,Medium,2025-07-23,No,91129.28,19743.36
TXN01948,2025-06-24,STR003,PRD044,13,92,568,0,5,0,No,Medium,2025-08-14,No,15613.39,2049.97
TXN01949,2025-06-08,STR002,PRD060,10,240,709,0,4,2,Yes,High,2025-11-10,No,15681.0,3226.9
TXN01950,2025-06-29,STR001,PRD063,13,197,624,0,6,2,Yes,Low,2025-09-20,No,33297.03,8740.03
TXN01951,2025-03-16,STR002,PRD040,14,82,212,0,8,1,No,Low,2025-08-07,No,27871.06,7127.96
TXN01952,2025-04-10,STR004,PRD033,11,212,523,0,4,1,Yes,Medium,2026-01-03,No,40143.51,7820.78
TXN01953,2025-04-30,STR002,PRD016,9,155,597,0,4,0,No,Low,2025-07-12,No,51260.22,11105.64
TXN01954,2025-02-16,STR002,PRD013,13,174,160,0,4,1,No,Medium,2025-06-28,No,74789.39,21573.89
TXN01955,2025-04-13,STR004,PRD057,19,65,116,0,4,1,No,Medium,2026-03-18,No,64628.31,16485.54
TXN01956,2025-05-05,STR003,PRD043,26,28,809,199,5,1,No,Low,2025-10-24,No,102406.98,16281.46
TXN01957,2025-04-27,STR004,PRD054,14,0,209,159,6,0,No,Low,2026-04-19,Yes,48906.76,7374.64
TXN01958,2025-02-24,STR003,PRD061,20,61,631,0,8,1,Yes,High,2025-10-06,No,87439.0,20350.4
TXN01959,2025-01-16,STR002,PRD007,41,161,490,0,6,0,No,Low,2025-03-14,No,143957.56,26647.54
TXN01960,2025-02-24,STR004,PRD033,13,209,73,0,4,0,No,Medium,2025-08-02,No,47442.33,9242.74
TXN01961,2025-06-12,STR002,PRD057,15,30,195,41,4,0,Yes,Medium,2026-02-04,No,51022.35,13014.9
TXN01962,2025-01-21,STR002,PRD020,15,61,944,0,5,1,No,Medium,2025-11-15,No,52581.0,16115.55
TXN01963,2025-02-24,STR002,PRD009,11,160,964,0,4,0,No,Low,2025-04-22,No,62691.09,17730.24
TXN01964,2025-01-24,STR001,PRD003,44,43,821,0,4,0,No,Low,2025-06-04,No,223933.16,70791.6
TXN01965,2025-03-31,STR003,PRD022,16,225,479,0,9,1,No,Medium,2026-01-29,No,79988.32,22411.36
TXN01966,2025-06-26,STR004,PRD058,18,182,214,0,8,0,No,Medium,2026-05-14,No,68171.58,18130.32
TXN01967,2025-04-10,STR002,PRD043,12,198,60,0,5,0,Yes,Low,2026-03-02,No,47264.76,7514.52
TXN01968,2025-06-07,STR003,PRD013,11,26,730,102,4,0,No,Low,2025-09-22,No,63283.33,18254.83
TXN01969,2025-04-28,STR004,PRD008,26,101,935,0,8,0,No,Low,2025-12-22,No,60780.72,18985.72
TXN01970,2025-03-09,STR001,PRD006,33,151,53,0,5,0,No,Low,2026-02-26,No,135787.41,38838.36
TXN01971,2025-04-26,STR001,PRD036,17,146,642,0,9,0,Yes,Low,2025-09-14,No,62991.29,18459.45
TXN01972,2025-02-18,STR004,PRD026,25,153,609,0,9,0,Yes,High,2025-09-29,No,42080.5,8775.75
TXN01973,2025-02-25,STR004,PRD005,29,24,245,0,4,1,Yes,Medium,2025-09-29,No,51085.24,12584.84
TXN01974,2025-01-05,STR002,PRD027,29,200,364,0,4,0,Yes,High,2025-10-17,No,140815.59,26346.79
TXN01975,2025-06-16,STR002,PRD029,33,72,410,125,5,0,No,High,2026-02-19,No,63083.46,20460.0
TXN01976,2025-05-14,STR003,PRD064,13,236,833,0,5,0,No,Low,2025-09-11,No,45932.12,6078.41
TXN01977,2025-04-28,STR004,PRD004,33,62,231,0,4,1,Yes,High,2026-01-06,No,117837.06,16351.83
TXN01978,2025-04-08,STR001,PRD061,11,61,915,0,8,0,No,High,2025-09-30,No,48091.45,11192.72
TXN01979,2025-06-29,STR004,PRD035,10,148,997,0,5,0,Yes,Low,2025-09-20,No,19950.7,6642.6
TXN01980,2025-01-23,STR004,PRD022,12,154,66,0,9,0,No,Low,2025-11-03,No,59991.24,16808.52
TXN01981,2025-06-09,STR001,PRD017,10,227,607,0,4,1,Yes,High,2026-02-21,No,42111.4,5996.5
TXN01982,2025-05-09,STR004,PRD052,13,135,875,0,3,0,Yes,High,2025-11-03,No,38983.23,12905.1
TXN01983,2025-04-18,STR001,PRD003,21,36,845,0,4,0,No,High,2025-11-29,No,106877.19,33786.9
TXN01984,2025-01-30,STR001,PRD017,11,39,926,0,4,0,No,Low,2025-08-27,No,46322.54,6596.15
TXN01985,2025-04-29,STR003,PRD039,10,95,979,0,8,1,No,Low,2025-12-06,No,31375.7,10439.6
TXN01986,2025-02-27,STR004,PRD049,15,114,340,0,4,2,No,High,2025-08-11,No,77993.4,19736.4
TXN01987,2025-03-20,STR004,PRD060,13,201,974,0,4,0,No,High,2025-08-20,No,20385.3,4194.97
TXN01988,2025-01-02,STR002,PRD018,16,214,980,0,9,1,No,Low,2025-02-08,No,94076.48,31141.76
TXN01989,2025-01-07,STR001,PRD002,21,181,433,0,4,0,No,Medium,2025-05-04,No,36529.5,6058.71
TXN01990,2025-05-27,STR004,PRD017,13,97,297,0,4,0,No,Low,2026-05-07,No,54744.82,7795.45
TXN01991,2025-06-14,STR001,PRD024,12,88,898,0,6,0,Yes,High,2026-02-18,No,22834.8,5427.48
TXN01992,2025-02-02,STR003,PRD056,16,224,701,0,9,0,No,High,2025-05-31,No,53563.04,8703.52
TXN01993,2025-04-14,STR004,PRD016,12,219,375,0,4,1,Yes,Medium,2025-09-09,No,68346.96,14807.52
TXN01994,2025-01-26,STR001,PRD023,10,171,870,0,4,2,Yes,High,2025-04-26,No,38268.1,6638.9
TXN01995,2025-06-11,STR003,PRD063,16,131,853,0,6,0,No,High,2025-11-21,No,40980.96,10756.96
TXN01996,2025-05-22,STR003,PRD007,24,218,380,0,6,0,Yes,Low,2025-08-07,No,84267.84,15598.56
TXN01997,2025-01-07,STR002,PRD006,26,0,838,180,5,0,Yes,Low,2025-12-19,Yes,106984.02,30599.92
TXN01998,2025-05-20,STR002,PRD038,18,217,130,0,3,0,No,Low,2025-08-24,No,85558.32,22589.64
TXN01999,2025-04-27,STR004,PRD026,37,124,846,0,9,1,No,Low,2025-09-26,No,62279.14,12988.11
TXN02000,2025-06-17,STR002,PRD019,16,213,277,0,4,2,No,Low,2026-04-17,No,26440.32,4134.4
TXN02001,2025-03-04,STR002,PRD056,10,175,848,0,9,1,No,Medium,2025-04-29,No,33476.9,5439.7
TXN02002,2025-03-12,STR004,PRD053,13,8,692,56,4,1,Yes,High,2026-02-01,No,26552.5,3863.34
TXN02003,2025-01-27,STR001,PRD002,22,95,999,0,4,0,Yes,Low,2025-05-09,No,38269.0,6347.22
TXN02004,2025-03-14,STR003,PRD033,15,52,145,66,4,2,Yes,Medium,2025-10-15,No,54741.15,10664.7
TXN02005,2025-02-23,STR004,PRD008,33,0,864,145,8,1,Yes,Medium,2025-05-01,Yes,77144.76,24097.26
TXN02006,2025-05-05,STR001,PRD008,37,0,753,73,8,0,No,Medium,2025-11-11,Yes,86495.64,27018.14
TXN02007,2025-06-12,STR001,PRD056,14,218,511,0,9,0,Yes,Low,2025-12-11,No,46867.66,7615.58
TXN02008,2025-01-03,STR002,PRD056,11,220,232,0,9,0,Yes,Low,2025-07-27,No,36824.59,5983.67
TXN02009,2025-03-30,STR001,PRD020,7,116,678,0,5,0,Yes,Low,2026-01-21,No,24537.8,7520.59
TXN02010,2025-03-07,STR001,PRD025,23,26,80,175,4,1,Yes,High,2025-12-24,No,156453.82,42586.34
TXN02011,2025-02-09,STR001,PRD031,26,195,423,0,5,0,Yes,Low,2025-03-26,No,82540.12,26393.9
TXN02012,2025-03-25,STR001,PRD005,29,27,135,0,4,1,Yes,Medium,2025-09-11,No,51085.24,12584.84
TXN02013,2025-05-04,STR001,PRD055,20,31,406,43,6,0,No,Medium,2026-02-11,No,60687.6,9004.4
TXN02014,2025-04-22,STR003,PRD045,14,117,459,0,6,1,Yes,Medium,2025-08-18,No,76805.82,14974.68
TXN02015,2025-02-20,STR002,PRD034,17,158,916,0,8,0,No,Medium,2025-05-13,No,53264.74,13932.86
TXN02016,2025-05-30,STR003,PRD056,14,189,834,0,9,0,No,Low,2025-10-12,No,46867.66,7615.58
TXN02017,2025-05-05,STR002,PRD031,40,186,506,0,5,0,No,High,2025-10-21,No,126984.8,40606.0
TXN02018,2025-03-23,STR003,PRD037,19,140,160,0,6,3,No,Medium,2025-08-02,No,21217.49,5725.84
TXN02019,2025-05-26,STR003,PRD014,11,79,432,0,6,0,Yes,Medium,2025-09-18,No,14365.01,4611.53
TXN02020,2025-01-09,STR001,PRD017,16,229,573,0,4,0,No,High,2025-09-05,No,67378.24,9594.4
TXN02021,2025-03-17,STR001,PRD059,15,139,896,0,4,1,No,Medium,2025-05-01,No,98987.55,28999.2
TXN02022,2025-01-30,STR003,PRD023,15,31,489,102,4,0,Yes,Medium,2025-07-04,No,57402.15,9958.35
TXN02023,2025-01-19,STR001,PRD019,11,44,722,0,4,1,No,Medium,2025-05-03,No,18177.72,2842.4
TXN02024,2025-03-22,STR004,PRD041,20,11,376,22,6,0,Yes,High,2025-10-06,No,9926.8,2847.6
TXN02025,2025-02-24,STR004,PRD043,18,101,631,0,5,1,No,Low,2026-01-07,No,70897.14,11271.78
TXN02026,2025-01-17,STR003,PRD036,17,81,340,0,9,1,Yes,High,2025-06-07,No,62991.29,18459.45
TXN02027,2025-01-27,STR001,PRD005,37,34,783,0,4,0,Yes,High,2026-01-22,No,65177.72,16056.52
TXN02028,2025-04-18,STR003,PRD009,22,152,824,0,4,2,No,Medium,2025-10-28,No,125382.18,35460.48
TXN02029,2025-02-20,STR001,PRD007,22,0,560,146,6,0,Yes,Medium,2025-10-23,Yes,77245.52,14298.68
TXN02030,2025-01-31,STR003,PRD006,18,97,225,0,5,1,No,High,2025-09-14,No,74065.86,21184.56
TXN02031,2025-03-02,STR001,PRD013,23,124,71,0,4,0,No,Low,2026-02-24,No,132319.69,38169.19
TXN02032,2025-05-28,STR002,PRD001,22,211,522,0,3,1,No,Low,2026-01-19,No,84260.88,11544.06
TXN02033,2025-01-10,STR004,PRD052,11,218,596,0,3,0,Yes,Medium,2026-01-05,No,32985.81,10919.7
TXN02034,2025-01-05,STR004,PRD033,14,3,147,140,4,0,No,High,2025-07-08,Yes,51091.74,9953.72
TXN02035,2025-03-12,STR004,PRD061,15,66,821,0,8,1,No,Medium,2025-05-21,No,65579.25,15262.8
TXN02036,2025-05-23,STR001,PRD013,13,185,370,0,4,0,No,High,2025-07-16,No,74789.39,21573.89
TXN02037,2025-04-11,STR004,PRD009,12,64,763,0,4,0,No,Medium,2026-04-04,No,68390.28,19342.08
TXN02038,2025-02-01,STR001,PRD058,13,202,432,0,8,1,Yes,Low,2025-06-25,No,49235.03,13094.12
TXN02039,2025-01-13,STR004,PRD004,24,11,380,46,4,0,No,Low,2025-05-10,No,85699.68,11892.24
TXN02040,2025-01-23,STR001,PRD021,11,37,791,0,6,0,No,High,2025-02-24,No,27449.4,5011.05
TXN02041,2025-06-26,STR002,PRD041,19,203,103,0,6,0,No,Low,2025-09-20,No,9430.46,2705.22
TXN02042,2025-01-13,STR001,PRD031,32,0,387,87,5,1,No,Medium,2025-05-10,Yes,101587.84,32484.8
TXN02043,2025-02-05,STR002,PRD009,13,136,521,0,4,0,Yes,Low,2025-08-17,No,74089.47,20953.92
TXN02044,2025-02-07,STR002,PRD037,18,174,648,0,6,0,No,High,2025-10-23,No,20100.78,5424.48
TXN02045,2025-06-21,STR003,PRD052,16,15,590,153,3,0,Yes,High,2026-03-22,No,47979.36,15883.2
TXN02046,2025-06-19,STR001,PRD056,12,113,337,0,9,0,No,High,2026-03-23,No,40172.28,6527.64
TXN02047,2025-02-27,STR003,PRD044,20,3,834,87,5,0,No,High,2025-05-10,Yes,24020.6,3153.8
TXN02048,2025-04-01,STR001,PRD020,13,129,905,0,5,0,Yes,High,2026-03-28,No,45570.2,13966.81
TXN02049,2025-02-22,STR004,PRD049,20,157,129,0,4,0,Yes,Medium,2025-04-23,No,103991.2,26315.2
TXN02050,2025-02-24,STR001,PRD051,15,0,271,191,8,0,No,Medium,2025-06-30,Yes,31642.35,4289.4
TXN02051,2025-05-05,STR004,PRD002,20,67,263,0,4,1,No,Medium,2026-01-22,No,34790.0,5770.2
TXN02052,2025-06-17,STR002,PRD021,20,19,158,149,6,0,Yes,Low,2026-01-19,No,49908.0,9111.0
TXN02053,2025-04-09,STR003,PRD016,9,240,513,0,4,1,Yes,Medium,2025-08-13,No,51260.22,11105.64
TXN02054,2025-01-18,STR004,PRD030,28,80,218,0,8,1,No,High,2026-01-14,No,125965.28,23087.68
TXN02055,2025-01-27,STR002,PRD059,23,14,947,138,4,1,Yes,High,2025-04-23,No,151780.91,44465.44
TXN02056,2025-03-03,STR004,PRD048,13,0,241,137,8,2,No,Low,2025-12-01,Yes,42586.96,7668.7
TXN02057,2025-06-19,STR002,PRD008,37,78,410,0,8,1,No,Low,2026-04-26,No,86495.64,27018.14
TXN02058,2025-01-22,STR003,PRD033,19,71,491,0,4,0,Yes,Low,2025-09-12,No,69338.79,13508.62
TXN02059,2025-05-09,STR003,PRD053,16,94,570,0,4,0,No,Low,2026-01-19,No,32680.0,4754.88
TXN02060,2025-03-11,STR001,PRD039,21,73,150,0,8,0,Yes,High,2025-10-22,No,65888.97,21923.16
TXN02061,2025-04-19,STR004,PRD029,27,48,462,68,5,2,Yes,High,2025-10-07,No,51613.74,16740.0
TXN02062,2025-05-16,STR003,PRD028,42,84,581,0,4,0,No,Low,2025-07-10,No,221325.72,49809.48
TXN02063,2025-06-15,STR003,PRD051,17,46,274,48,8,1,Yes,Low,2025-08-02,No,35861.33,4861.32
TXN02064,2025-05-28,STR001,PRD035,12,56,294,0,5,0,Yes,High,2025-08-17,No,23940.84,7971.12
TXN02065,2025-03-12,STR001,PRD058,12,45,953,0,8,0,No,Medium,2025-10-29,No,45447.72,12086.88
TXN02066,2025-01-26,STR003,PRD042,12,44,324,197,4,0,No,Low,2025-05-23,No,75588.24,22086.12
TXN02067,2025-02-22,STR001,PRD019,9,79,702,0,4,0,No,High,2026-01-23,No,14872.68,2325.6
TXN02068,2025-03-15,STR002,PRD042,17,170,53,0,4,0,Yes,Low,2025-12-27,No,107083.34,31288.67
TXN02069,2025-06-29,STR003,PRD019,18,141,538,0,4,0,No,High,2025-11-28,No,29745.36,4651.2
TXN02070,2025-02-13,STR003,PRD002,23,151,121,0,4,0,Yes,Low,2025-09-01,No,40008.5,6635.73
TXN02071,2025-04-27,STR001,PRD012,16,20,732,23,5,0,No,Medium,2025-11-14,No,40392.16,8596.96
TXN02072,2025-01-06,STR001,PRD039,17,28,952,87,8,1,Yes,Low,2025-02-09,No,53338.69,17747.32
TXN02073,2025-06-02,STR001,PRD015,19,71,535,0,9,1,Yes,Medium,2025-11-05,No,79211.95,24214.74
TXN02074,2025-05-01,STR001,PRD047,9,19,888,31,8,1,Yes,High,2025-10-26,No,49579.83,10056.87
TXN02075,2025-02-28,STR001,PRD015,13,121,565,0,9,0,Yes,Low,2025-05-17,No,54197.65,16567.98
TXN02076,2025-01-26,STR002,PRD018,20,57,513,105,9,0,No,High,2025-08-23,No,117595.6,38927.2
TXN02077,2025-05-20,STR004,PRD017,14,51,729,0,4,0,No,Medium,2025-12-22,No,58955.96,8395.1
TXN02078,2025-04-28,STR001,PRD031,23,188,411,0,5,0,No,High,2025-11-14,No,73016.26,23348.45
TXN02079,2025-05-13,STR003,PRD045,10,188,729,0,6,0,No,Low,2025-10-28,No,54861.3,10696.2
TXN02080,2025-06-25,STR001,PRD006,26,160,705,0,5,1,Yes,Low,2026-02-20,No,106984.02,30599.92
TXN02081,2025-02-26,STR004,PRD012,16,152,195,0,5,0,No,Medium,2025-04-12,No,40392.16,8596.96
TXN02082,2025-03-04,STR003,PRD012,16,131,808,0,5,1,No,Medium,2025-07-17,No,40392.16,8596.96
TXN02083,2025-01-23,STR003,PRD046,16,33,992,0,6,0,No,High,2025-04-18,No,82448.8,20349.28
TXN02084,2025-03-12,STR003,PRD041,14,210,691,0,6,1,No,High,2025-07-09,No,6948.76,1993.32
TXN02085,2025-03-09,STR004,PRD060,20,213,745,0,4,0,No,Medium,2025-10-25,No,31362.0,6453.8
TXN02086,2025-05-31,STR003,PRD028,39,202,332,0,4,0,No,Low,2025-07-21,No,205516.74,46251.66
TXN02087,2025-05-29,STR004,PRD008,34,145,401,0,8,0,Yes,Medium,2026-02-15,No,79482.48,24827.48
TXN02088,2025-05-26,STR002,PRD011,10,237,861,0,8,0,No,Medium,2025-08-20,No,22253.8,3433.9
TXN02089,2025-01-03,STR003,PRD008,35,202,751,0,8,0,Yes,Medium,2025-04-19,No,81820.2,25557.7
TXN02090,2025-05-14,STR004,PRD018,13,234,346,0,9,2,Yes,Medium,2026-02-17,No,76437.14,25302.68
TXN02091,2025-03-15,STR002,PRD025,27,177,351,0,4,0,Yes,Medium,2025-05-04,No,183663.18,49992.66
TXN02092,2025-02-25,STR001,PRD064,9,63,176,171,5,0,Yes,Medium,2025-08-30,No,31799.16,4208.13
TXN02093,2025-01-02,STR002,PRD030,28,62,726,0,8,0,Yes,Low,2025-06-09,No,125965.28,23087.68
TXN02094,2025-02-05,STR002,PRD006,25,199,340,0,5,0,Yes,Low,2025-07-23,No,102869.25,29423.0
TXN02095,2025-02-06,STR004,PRD057,19,168,251,0,4,1,No,High,2025-04-18,No,64628.31,16485.54
TXN02096,2025-03-16,STR002,PRD063,12,44,82,0,6,1,No,Medium,2025-08-20,No,30735.72,8067.72
TXN02097,2025-06-23,STR004,PRD029,42,56,458,128,5,2,Yes,Medium,2025-12-24,No,80288.04,26040.0
TXN02098,2025-06-02,STR001,PRD032,26,18,496,164,4,0,No,High,2025-09-11,No,30282.2,5023.2
TXN02099,2025-06-24,STR004,PRD056,9,187,254,0,9,1,No,Low,2026-02-22,No,30129.21,4895.73
TXN02100,2025-05-22,STR004,PRD008,27,50,137,98,8,0,No,High,2026-05-08,No,63118.44,19715.94
TXN02101,2025-04-29,STR002,PRD005,37,9,851,116,4,0,No,Low,2025-08-07,No,65177.72,16056.52
TXN02102,2025-05-15,STR002,PRD044,10,103,760,0,5,0,No,High,2025-12-14,No,12010.3,1576.9
TXN02103,2025-04-30,STR003,PRD040,21,69,527,129,8,0,No,Medium,2026-01-21,No,41806.59,10691.94
TXN02104,2025-01-08,STR003,PRD002,45,0,140,127,4,0,Yes,High,2025-07-11,Yes,78277.5,12982.95
TXN02105,2025-03-04,STR002,PRD036,17,131,574,0,9,2,No,Low,2026-02-14,No,62991.29,18459.45
TXN02106,2025-05-20,STR002,PRD030,31,193,350,0,8,1,Yes,Medium,2025-08-22,No,139461.56,25561.36
TXN02107,2025-04-14,STR004,PRD031,26,92,876,0,5,1,No,Low,2025-06-26,No,82540.12,26393.9
TXN02108,2025-01-15,STR002,PRD047,17,52,159,186,8,0,No,High,2025-04-04,No,93650.79,18996.31
TXN02109,2025-03-16,STR003,PRD054,24,120,543,0,6,0,No,Low,2025-06-16,No,83840.16,12642.24
TXN02110,2025-05-30,STR003,PRD047,12,160,573,0,8,0,Yes,High,2025-10-11,No,66106.44,13409.16
TXN02111,2025-05-13,STR001,PRD047,21,15,808,163,8,0,No,Low,2025-10-04,No,115686.27,23466.03
TXN02112,2025-06-22,STR003,PRD016,16,147,922,0,4,1,Yes,Medium,2026-06-08,No,91129.28,19743.36
TXN02113,2025-03-21,STR004,PRD031,15,191,546,0,5,2,Yes,Low,2025-05-24,No,47619.3,15227.25
TXN02114,2025-01-01,STR004,PRD008,26,128,951,0,8,1,Yes,High,2025-03-21,No,60780.72,18985.72
TXN02115,2025-03-05,STR002,PRD007,33,0,75,141,6,0,No,Medium,2025-05-02,Yes,115868.28,21448.02
TXN02116,2025-02-01,STR002,PRD050,14,62,464,0,6,0,No,Low,2025-07-01,No,95492.88,30596.72
TXN02117,2025-05-20,STR002,PRD030,28,182,677,0,8,0,No,High,2026-04-30,No,125965.28,23087.68
TXN02118,2025-02-01,STR004,PRD051,16,94,199,0,8,1,Yes,Low,2025-05-14,No,33751.84,4575.36
TXN02119,2025-06-18,STR001,PRD002,31,12,809,150,4,1,Yes,Medium,2026-03-20,No,53924.5,8943.81
TXN02120,2025-03-16,STR004,PRD046,14,60,733,0,6,1,Yes,High,2025-12-23,No,72142.7,17805.62
TXN02121,2025-04-05,STR001,PRD031,27,73,445,0,5,1,Yes,Medium,2025-12-04,No,85714.74,27409.05
TXN02122,2025-04-19,STR003,PRD052,12,25,340,27,3,0,No,Low,2026-03-03,No,35984.52,11912.4
TXN02123,2025-04-10,STR001,PRD012,17,0,360,168,5,2,Yes,High,2026-04-08,Yes,42916.67,9134.27
TXN02124,2025-06-18,STR002,PRD041,15,143,505,0,6,0,Yes,Medium,2025-09-27,No,7445.1,2135.7
TXN02125,2025-04-30,STR003,PRD006,37,33,212,22,5,0,No,High,2026-02-11,No,152246.49,43546.04
TXN02126,2025-02-23,STR002,PRD053,12,77,974,0,4,0,No,High,2025-04-26,No,24510.0,3566.16
TXN02127,2025-02-14,STR003,PRD063,15,152,205,0,6,0,No,High,2025-12-29,No,38419.65,10084.65
TXN02128,2025-03-28,STR002,PRD033,16,101,782,0,4,0,Yes,Medium,2025-09-29,No,58390.56,11375.68
TXN02129,2025-04-11,STR001,PRD047,20,0,545,185,8,2,No,Medium,2026-03-17,Yes,110177.4,22348.6
TXN02130,2025-06-18,STR001,PRD064,16,30,775,167,5,0,No,Low,2025-12-30,No,56531.84,7481.12
TXN02131,2025-05-31,STR003,PRD010,15,229,644,0,9,0,No,High,2026-05-12,No,29518.95,5428.95
TXN02132,2025-04-14,STR004,PRD061,23,0,80,31,8,2,Yes,Low,2025-07-02,Yes,100554.85,23402.96
TXN02133,2025-06-20,STR004,PRD044,14,13,745,147,5,1,No,Medium,2025-11-15,No,16814.42,2207.66
TXN02134,2025-03-02,STR002,PRD035,10,16,795,64,5,1,No,Medium,2025-05-03,No,19950.7,6642.6
TXN02135,2025-01-16,STR001,PRD054,17,139,306,0,6,1,Yes,Low,2025-03-24,No,59386.78,8954.92
TXN02136,2025-04-24,STR002,PRD034,15,180,433,0,8,1,Yes,Low,2025-11-04,No,46998.3,12293.7
TXN02137,2025-01-28,STR003,PRD006,38,58,702,54,5,0,Yes,Low,2025-07-06,No,156361.26,44722.96
TXN02138,2025-05-06,STR004,PRD007,34,139,342,0,6,0,Yes,Low,2025-08-26,No,119379.44,22097.96
TXN02139,2025-04-22,STR004,PRD054,13,195,591,0,6,1,Yes,Low,2026-03-16,No,45413.42,6847.88
TXN02140,2025-01-07,STR001,PRD014,14,147,734,0,6,2,Yes,Low,2025-02-23,No,18282.74,5869.22
TXN02141,2025-02-05,STR004,PRD029,24,68,631,124,5,2,Yes,Medium,2025-06-09,No,45878.88,14880.0
TXN02142,2025-06-24,STR003,PRD013,11,175,982,0,4,0,No,Low,2025-11-07,No,63283.33,18254.83
TXN02143,2025-05-27,STR003,PRD042,14,197,535,0,4,0,No,Medium,2026-05-08,No,88186.28,25767.14
TXN02144,2025-05-24,STR001,PRD002,24,181,118,0,4,0,No,Medium,2026-05-09,No,41748.0,6924.24
TXN02145,2025-04-07,STR002,PRD038,18,205,122,0,3,0,Yes,Low,2026-01-26,No,85558.32,22589.64
TXN02146,2025-03-18,STR003,PRD011,15,10,560,50,8,0,Yes,Low,2026-02-18,No,33380.7,5150.85
TXN02147,2025-05-19,STR001,PRD042,9,75,73,0,4,2,Yes,Medium,2025-10-24,No,56691.18,16564.59
TXN02148,2025-04-10,STR003,PRD010,14,166,416,0,9,0,Yes,Low,2025-10-04,No,27551.02,5067.02
TXN02149,2025-01-20,STR001,PRD012,15,121,639,0,5,0,Yes,High,2025-12-28,No,37867.65,8059.65
TXN02150,2025-05-09,STR003,PRD039,15,64,458,0,8,0,Yes,High,2025-08-03,No,47063.55,15659.4
TXN02151,2025-05-30,STR004,PRD020,14,106,989,0,5,1,No,High,2025-07-14,No,49075.6,15041.18
TXN02152,2025-01-09,STR004,PRD029,36,71,255,86,5,0,No,Low,2025-04-20,No,68818.32,22320.0
TXN02153,2025-02-22,STR004,PRD044,10,130,886,0,5,1,No,High,2025-04-24,No,12010.3,1576.9
TXN02154,2025-03-02,STR004,PRD054,18,108,124,0,6,1,Yes,Medium,2025-05-07,No,62880.12,9481.68
TXN02155,2025-04-17,STR001,PRD051,11,142,807,0,8,1,Yes,High,2026-01-17,No,23204.39,3145.56
TXN02156,2025-02-03,STR003,PRD037,19,50,156,30,6,0,Yes,Medium,2025-11-19,No,21217.49,5725.84
TXN02157,2025-02-27,STR004,PRD038,14,152,408,0,3,0,No,Medium,2025-08-31,No,66545.36,17569.72
TXN02158,2025-02-28,STR002,PRD020,12,0,76,34,5,0,Yes,High,2026-02-04,Yes,42064.8,12892.44
TXN02159,2025-04-08,STR002,PRD043,12,162,750,0,5,0,Yes,High,2026-01-09,No,47264.76,7514.52
TXN02160,2025-01-14,STR002,PRD038,10,89,834,0,3,1,No,High,2025-04-18,No,47532.4,12549.8
TXN02161,2025-04-21,STR001,PRD029,41,99,191,0,5,1,Yes,Medium,2025-07-20,No,78376.42,25420.0
TXN02162,2025-06-07,STR003,PRD028,33,57,248,0,4,1,No,Medium,2025-08-05,No,173898.78,39136.02
TXN02163,2025-03-02,STR004,PRD045,17,42,652,43,6,0,Yes,Low,2025-10-29,No,93264.21,18183.54
TXN02164,2025-05-18,STR003,PRD052,6,139,96,0,3,1,Yes,High,2025-10-22,No,17992.26,5956.2
TXN02165,2025-01-15,STR002,PRD062,17,2,179,34,4,0,No,Low,2025-07-08,Yes,50922.14,9748.48
TXN02166,2025-01-12,STR001,PRD046,13,67,408,0,6,0,Yes,Medium,2025-04-18,No,66989.65,16533.79
TXN02167,2025-06-05,STR002,PRD029,28,94,723,0,5,1,Yes,High,2025-08-13,No,53525.36,17360.0
TXN02168,2025-01-20,STR002,PRD011,12,52,606,0,8,0,Yes,Medium,2025-08-20,No,26704.56,4120.68
TXN02169,2025-02-26,STR003,PRD042,20,93,780,0,4,1,No,Medium,2026-01-04,No,125980.4,36810.2
TXN02170,2025-03-16,STR001,PRD033,22,200,719,0,4,0,Yes,High,2025-08-29,No,80287.02,15641.56
TXN02171,2025-03-23,STR001,PRD033,17,161,604,0,4,2,Yes,Low,2025-10-16,No,62039.97,12086.66
TXN02172,2025-04-16,STR002,PRD054,8,172,686,0,6,1,No,Medium,2025-06-25,No,27946.72,4214.08
TXN02173,2025-02-22,STR003,PRD054,22,211,190,0,6,0,Yes,Medium,2026-01-01,No,76853.48,11588.72
TXN02174,2025-02-23,STR002,PRD062,15,16,792,115,4,2,Yes,Low,2025-07-23,No,44931.3,8601.6
TXN02175,2025-06-28,STR002,PRD048,15,97,715,0,8,0,No,Low,2025-08-07,No,49138.8,8848.5
TXN02176,2025-05-08,STR004,PRD022,19,195,84,0,9,1,No,Medium,2026-04-04,No,94986.13,26613.49
TXN02177,2025-04-09,STR002,PRD022,18,58,897,0,9,0,Yes,Low,2025-09-28,No,89986.86,25212.78
TXN02178,2025-06-06,STR003,PRD061,16,82,557,0,8,1,Yes,Medium,2026-01-18,No,69951.2,16280.32
TXN02179,2025-04-24,STR001,PRD036,11,0,260,77,9,0,No,Low,2025-12-30,Yes,40759.07,11944.35
TXN02180,2025-05-17,STR004,PRD046,14,0,362,189,6,0,Yes,High,2025-12-11,Yes,72142.7,17805.62
TXN02181,2025-01-07,STR001,PRD051,14,218,673,0,8,0,No,Medium,2025-12-05,No,29532.86,4003.44
TXN02182,2025-02-25,STR004,PRD042,15,178,78,0,4,1,No,High,2026-02-08,No,94485.3,27607.65
TXN02183,2025-04-22,STR002,PRD031,29,171,796,0,5,1,Yes,Low,2026-03-01,No,92063.98,29439.35
TXN02184,2025-04-10,STR004,PRD039,15,228,788,0,8,2,No,High,2026-01-02,No,47063.55,15659.4
TXN02185,2025-04-19,STR002,PRD055,16,130,786,0,6,1,No,Low,2025-11-30,No,48550.08,7203.52
TXN02186,2025-04-30,STR004,PRD059,12,178,996,0,4,0,Yes,Low,2025-06-06,No,79190.04,23199.36
TXN02187,2025-03-13,STR003,PRD008,29,0,839,83,8,1,No,Medium,2026-01-29,Yes,67793.88,21176.38
TXN02188,2025-04-12,STR002,PRD040,15,0,330,177,8,1,No,Medium,2025-09-17,Yes,29861.85,7637.1
TXN02189,2025-06-17,STR004,PRD032,42,0,364,51,4,1,No,Medium,2025-10-16,Yes,48917.4,8114.4
TXN02190,2025-04-24,STR002,PRD059,19,99,67,0,4,1,No,Low,2026-01-17,No,125384.23,36732.32
TXN02191,2025-01-10,STR002,PRD057,17,230,417,0,4,0,No,High,2025-11-20,No,57825.33,14750.22
TXN02192,2025-02-25,STR001,PRD003,29,0,131,168,4,0,No,High,2026-01-03,Yes,147592.31,46658.1
TXN02193,2025-03-22,STR001,PRD050,19,225,115,0,6,0,No,Low,2025-08-31,No,129597.48,41524.12
TXN02194,2025-03-12,STR004,PRD003,29,193,556,0,4,1,Yes,Low,2026-02-27,No,147592.31,46658.1
TXN02195,2025-02-14,STR003,PRD036,13,24,721,178,9,0,Yes,Low,2025-05-13,No,48169.81,14116.05
TXN02196,2025-06-17,STR001,PRD037,15,0,750,67,6,1,No,High,2025-12-26,Yes,16750.65,4520.4
TXN02197,2025-01-11,STR003,PRD058,22,119,784,0,8,1,Yes,Low,2025-06-22,No,83320.82,22159.28
TXN02198,2025-03-07,STR004,PRD035,13,0,915,193,5,0,No,High,2025-04-28,Yes,25935.91,8635.38
TXN02199,2025-06-03,STR004,PRD027,32,57,161,0,4,1,Yes,High,2026-02-15,No,155382.72,29072.32
TXN02200,2025-01-29,STR003,PRD056,18,112,129,0,9,1,Yes,Low,2025-08-13,No,60258.42,9791.46
TXN02201,2025-05-27,STR003,PRD053,22,73,475,194,4,1,Yes,High,2026-01-30,No,44935.0,6537.96
TXN02202,2025-03-14,STR003,PRD023,15,21,384,26,4,0,No,Medium,2025-11-07,No,57402.15,9958.35
TXN02203,2025-06-16,STR002,PRD011,13,82,531,0,8,0,No,High,2025-07-31,No,28929.94,4464.07
TXN02204,2025-02-11,STR001,PRD046,20,74,95,0,6,1,No,Low,2026-01-09,No,103061.0,25436.6
TXN02205,2025-01-07,STR002,PRD021,20,7,266,175,6,1,No,High,2025-10-24,No,49908.0,9111.0
TXN02206,2025-05-29,STR001,PRD006,29,211,270,0,5,0,No,High,2025-07-14,No,119328.33,34130.68
TXN02207,2025-06-18,STR002,PRD033,12,173,203,0,4,0,No,High,2025-08-27,No,43792.92,8531.76
TXN02208,2025-01-20,STR002,PRD032,22,122,565,0,4,0,No,High,2025-04-22,No,25623.4,4250.4
TXN02209,2025-05-16,STR001,PRD045,22,182,102,0,6,0,No,High,2026-03-10,No,120694.86,23531.64
TXN02210,2025-05-14,STR003,PRD011,8,104,374,0,8,0,No,Low,2026-04-03,No,17803.04,2747.12
TXN02211,2025-03-17,STR002,PRD013,16,217,299,0,4,0,No,Low,2025-10-18,No,92048.48,26552.48
TXN02212,2025-03-01,STR004,PRD026,32,48,759,49,9,1,Yes,Medium,2025-10-26,No,53863.04,11232.96
TXN02213,2025-04-03,STR002,PRD058,13,7,623,110,8,2,Yes,Medium,2026-04-02,No,49235.03,13094.12
TXN02214,2025-05-04,STR004,PRD064,12,142,285,0,5,3,No,Medium,2025-09-28,No,42398.88,5610.84
TXN02215,2025-05-26,STR002,PRD049,24,187,896,0,4,0,Yes,High,2025-10-28,No,124789.44,31578.24
TXN02216,2025-04-15,STR003,PRD061,14,158,648,0,8,2,Yes,High,2025-09-25,No,61207.3,14245.28
TXN02217,2025-03-15,STR001,PRD028,34,46,170,0,4,0,Yes,Medium,2025-11-15,No,179168.44,40321.96
TXN02218,2025-05-10,STR004,PRD018,13,24,556,167,9,0,Yes,Low,2026-01-27,No,76437.14,25302.68
TXN02219,2025-01-04,STR001,PRD023,19,23,478,50,4,1,No,High,2025-10-01,No,72709.39,12613.91
TXN02220,2025-01-26,STR004,PRD040,12,20,903,28,8,0,No,Low,2025-05-21,No,23889.48,6109.68
TXN02221,2025-01-19,STR001,PRD055,19,14,937,151,6,2,No,Medium,2025-08-18,No,57653.22,8554.18
TXN02222,2025-02-02,STR001,PRD058,10,92,763,0,8,0,Yes,High,2025-08-01,No,37873.1,10072.4
TXN02223,2025-01-31,STR002,PRD019,22,64,968,0,4,1,No,High,2026-01-07,No,36355.44,5684.8
TXN02224,2025-06-07,STR002,PRD022,17,10,125,31,9,1,No,Medium,2026-02-01,No,84987.59,23812.07
TXN02225,2025-06-11,STR001,PRD019,14,101,808,0,4,0,No,Medium,2026-03-12,No,23135.28,3617.6
TXN02226,2025-06-29,STR004,PRD039,14,20,791,66,8,1,Yes,Low,2025-08-01,No,43925.98,14615.44
TXN02227,2025-06-01,STR001,PRD058,13,138,428,0,8,0,No,Medium,2025-12-12,No,49235.03,13094.12
TXN02228,2025-04-23,STR004,PRD008,25,105,789,0,8,0,No,Low,2025-09-18,No,58443.0,18255.5
TXN02229,2025-03-18,STR004,PRD049,7,119,399,0,4,2,Yes,High,2026-01-07,No,36396.92,9210.32
TXN02230,2025-05-15,STR002,PRD051,12,136,570,0,8,1,No,Medium,2025-11-26,No,25313.88,3431.52
TXN02231,2025-04-09,STR001,PRD017,9,72,825,0,4,0,Yes,Low,2025-05-30,No,37900.26,5396.85
TXN02232,2025-02-23,STR001,PRD013,13,97,581,0,4,0,No,High,2026-02-03,No,74789.39,21573.89
TXN02233,2025-03-22,STR003,PRD002,24,64,341,0,4,0,Yes,Low,2025-09-15,No,41748.0,6924.24
TXN02234,2025-03-12,STR003,PRD005,43,69,279,0,4,0,Yes,Medium,2025-08-21,No,75747.08,18660.28
TXN02235,2025-06-05,STR003,PRD033,27,165,158,0,4,0,Yes,High,2025-11-24,No,98534.07,19196.46
TXN02236,2025-02-06,STR001,PRD030,23,29,908,161,8,0,Yes,Low,2026-01-08,No,103471.48,18964.88
TXN02237,2025-01-11,STR001,PRD057,16,229,962,0,4,0,Yes,Low,2025-10-18,No,54423.84,13882.56
TXN02238,2025-01-07,STR001,PRD007,31,21,634,92,6,0,No,High,2025-09-21,No,108845.96,20148.14
TXN02239,2025-05-14,STR002,PRD031,23,189,514,0,5,2,No,Low,2025-08-13,No,73016.26,23348.45
TXN02240,2025-04-24,STR003,PRD025,33,93,319,0,4,0,Yes,Low,2025-10-13,No,224477.22,61102.14
TXN02241,2025-06-21,STR002,PRD007,26,221,412,0,6,0,Yes,High,2025-11-11,No,91290.16,16898.44
TXN02242,2025-01-20,STR003,PRD028,32,8,393,149,4,1,No,Medium,2026-01-07,No,168629.12,37950.08
TXN02243,2025-05-12,STR004,PRD009,19,153,845,0,4,0,Yes,High,2025-11-19,No,108284.61,30624.96
TXN02244,2025-01-10,STR004,PRD005,27,0,863,200,4,0,No,Low,2025-11-21,Yes,47562.12,11716.92
TXN02245,2025-06-19,STR001,PRD052,17,197,948,0,3,0,Yes,High,2026-06-05,No,50978.07,16875.9
TXN02246,2025-01-03,STR003,PRD053,12,50,650,55,4,1,No,Low,2025-05-13,No,24510.0,3566.16
TXN02247,2025-03-09,STR002,PRD062,12,108,205,0,4,0,No,Low,2025-12-18,No,35945.04,6881.28
TXN02248,2025-03-14,STR002,PRD049,12,21,700,70,4,1,Yes,High,2025-07-31,No,62394.72,15789.12
TXN02249,2025-01-01,STR004,PRD060,16,95,118,0,4,0,No,High,2025-12-09,No,25089.6,5163.04
TXN02250,2025-02-23,STR003,PRD061,12,169,232,0,8,0,Yes,Medium,2025-08-06,No,52463.4,12210.24
TXN02251,2025-06-07,STR003,PRD019,17,80,696,0,4,1,Yes,High,2026-01-01,No,28092.84,4392.8
TXN02252,2025-05-04,STR003,PRD044,16,119,722,0,5,0,Yes,Medium,2025-09-29,No,19216.48,2523.04
TXN02253,2025-03-16,STR002,PRD062,7,164,546,0,4,1,No,High,2025-11-01,No,20967.94,4014.08
TXN02254,2025-06-03,STR002,PRD030,31,108,542,0,8,0,No,Low,2025-10-23,No,139461.56,25561.36
TXN02255,2025-01-29,STR003,PRD058,16,230,952,0,8,2,No,Medium,2025-10-14,No,60596.96,16115.84
TXN02256,2025-03-25,STR004,PRD018,16,47,485,189,9,2,Yes,Low,2025-12-17,No,94076.48,31141.76
TXN02257,2025-03-23,STR002,PRD049,10,159,166,0,4,0,No,High,2025-11-11,No,51995.6,13157.6
TXN02258,2025-06-30,STR001,PRD030,23,175,953,0,8,0,No,Medium,2026-06-02,No,103471.48,18964.88
TXN02259,2025-04-16,STR004,PRD056,16,159,290,0,9,0,Yes,Medium,2025-09-30,No,53563.04,8703.52
TXN02260,2025-05-10,STR001,PRD036,17,38,112,124,9,1,No,Medium,2025-11-18,No,62991.29,18459.45
TXN02261,2025-04-16,STR002,PRD048,20,80,878,0,8,0,No,Medium,2025-12-06,No,65518.4,11798.0
TXN02262,2025-03-08,STR003,PRD040,17,216,105,0,8,0,No,Medium,2025-07-28,No,33843.43,8655.38
TXN02263,2025-03-28,STR001,PRD020,13,149,888,0,5,0,Yes,Medium,2025-12-12,No,45570.2,13966.81
TXN02264,2025-04-15,STR004,PRD016,20,36,636,0,4,0,Yes,High,2025-08-28,No,113911.6,24679.2
TXN02265,2025-06-10,STR001,PRD043,14,14,675,177,5,2,No,Low,2026-05-15,No,55142.22,8766.94
TXN02266,2025-05-19,STR004,PRD020,16,0,871,25,5,1,No,Low,2025-12-05,Yes,56086.4,17189.92
TXN02267,2025-04-01,STR003,PRD033,19,177,834,0,4,0,Yes,High,2025-05-26,No,69338.79,13508.62
TXN02268,2025-05-13,STR004,PRD016,14,39,420,0,4,0,Yes,Low,2026-03-13,No,79738.12,17275.44
TXN02269,2025-04-12,STR002,PRD020,13,207,785,0,5,0,Yes,Medium,2025-08-02,No,45570.2,13966.81
TXN02270,2025-04-06,STR004,PRD042,16,68,270,125,4,0,Yes,Low,2025-05-24,No,100784.32,29448.16
TXN02271,2025-01-06,STR003,PRD024,14,179,589,0,6,0,Yes,High,2025-08-27,No,26640.6,6332.06
TXN02272,2025-05-05,STR001,PRD048,19,0,339,60,8,1,No,Low,2025-09-29,Yes,62242.48,11208.1
TXN02273,2025-06-11,STR001,PRD046,11,186,754,0,6,1,Yes,Low,2025-11-27,No,56683.55,13990.13
TXN02274,2025-02-01,STR004,PRD053,5,203,852,0,4,0,No,High,2025-09-24,No,10212.5,1485.9
TXN02275,2025-02-03,STR004,PRD038,21,188,808,0,3,0,No,Low,2025-04-13,No,99818.04,26354.58
TXN02276,2025-01-19,STR004,PRD011,11,118,789,0,8,0,No,Low,2025-02-25,No,24479.18,3777.29
TXN02277,2025-05-19,STR004,PRD029,36,199,205,0,5,0,Yes,High,2026-04-15,No,68818.32,22320.0
TXN02278,2025-04-11,STR003,PRD028,29,183,670,0,4,1,No,Medium,2025-12-14,No,152820.14,34392.26
TXN02279,2025-05-12,STR004,PRD027,20,57,330,0,4,0,No,Low,2025-08-01,No,97114.2,18170.2
TXN02280,2025-03-09,STR003,PRD023,11,237,721,0,4,1,No,Medium,2025-09-04,No,42094.91,7302.79
TXN02281,2025-04-20,STR003,PRD029,17,39,624,124,5,2,No,Medium,2025-10-12,No,32497.54,10540.0
TXN02282,2025-06-29,STR003,PRD007,31,98,300,0,6,1,No,Low,2026-04-09,No,108845.96,20148.14
TXN02283,2025-04-11,STR003,PRD038,17,226,431,0,3,1,Yes,Medium,2025-09-02,No,80805.08,21334.66
TXN02284,2025-05-28,STR001,PRD039,5,244,75,0,8,1,No,Low,2026-02-10,No,15687.85,5219.8
TXN02285,2025-04-05,STR003,PRD001,33,111,161,0,3,0,No,Medium,2025-07-17,No,126391.32,17316.09
TXN02286,2025-06-11,STR002,PRD039,19,230,135,0,8,0,Yes,High,2025-10-05,No,59613.83,19835.24
TXN02287,2025-02-23,STR001,PRD003,32,119,305,0,4,0,Yes,Low,2025-10-17,No,162860.48,51484.8
TXN02288,2025-06-07,STR001,PRD023,24,190,534,0,4,1,Yes,Low,2026-03-16,No,91843.44,15933.36
TXN02289,2025-03-06,STR004,PRD021,19,86,368,0,6,0,No,Low,2025-04-23,No,47412.6,8655.45
TXN02290,2025-03-24,STR004,PRD022,14,162,628,0,9,0,No,Low,2025-09-07,No,69989.78,19609.94
TXN02291,2025-06-26,STR002,PRD009,12,41,823,0,4,0,No,High,2026-04-07,No,68390.28,19342.08
TXN02292,2025-03-22,STR004,PRD033,15,230,717,0,4,1,Yes,Medium,2025-12-13,No,54741.15,10664.7
TXN02293,2025-05-04,STR004,PRD023,23,108,618,0,4,0,Yes,Low,2026-01-06,No,88016.63,15269.47
TXN02294,2025-06-29,STR001,PRD035,16,3,180,116,5,1,Yes,Low,2026-04-21,Yes,31921.12,10628.16
TXN02295,2025-02-01,STR001,PRD047,12,30,498,70,8,0,Yes,Low,2025-10-06,No,66106.44,13409.16
TXN02296,2025-05-07,STR003,PRD016,14,29,872,180,4,1,No,Low,2026-03-13,No,79738.12,17275.44
TXN02297,2025-04-18,STR001,PRD022,12,90,59,0,9,0,No,Low,2025-12-26,No,59991.24,16808.52
TXN02298,2025-03-17,STR001,PRD061,15,169,994,0,8,0,No,High,2025-09-28,No,65579.25,15262.8
TXN02299,2025-06-07,STR003,PRD027,30,114,715,0,4,0,Yes,Low,2025-12-02,No,145671.3,27255.3
TXN02300,2025-05-14,STR004,PRD052,14,161,259,0,3,0,No,High,2026-04-18,No,41981.94,13897.8
TXN02301,2025-03-06,STR001,PRD040,23,97,523,0,8,1,Yes,Medium,2025-06-13,No,45788.17,11710.22
TXN02302,2025-02-12,STR003,PRD012,12,122,782,0,5,1,No,Low,2025-08-23,No,30294.12,6447.72
TXN02303,2025-04-17,STR001,PRD001,29,9,118,140,3,1,Yes,Medium,2025-08-21,No,111071.16,15217.17
TXN02304,2025-02-21,STR001,PRD008,28,109,519,0,8,1,No,Low,2025-04-23,No,65456.16,20446.16
TXN02305,2025-06-09,STR002,PRD005,36,116,210,0,4,2,Yes,Medium,2026-05-30,No,63416.16,15622.56
TXN02306,2025-05-24,STR004,PRD028,27,61,693,0,4,0,Yes,Low,2025-11-10,No,142280.82,32020.38
TXN02307,2025-03-14,STR003,PRD045,13,197,983,0,6,0,No,High,2025-09-16,No,71319.69,13905.06
TXN02308,2025-04-05,STR004,PRD064,15,144,835,0,5,0,No,Medium,2026-02-16,No,52998.6,7013.55
TXN02309,2025-05-19,STR001,PRD028,46,122,257,0,4,0,Yes,High,2025-09-04,No,242404.36,54553.24
TXN02310,2025-01-27,STR002,PRD013,15,172,271,0,4,1,No,Low,2025-07-10,No,86295.45,24892.95
TXN02311,2025-05-25,STR002,PRD012,9,17,866,52,5,0,No,Medium,2026-04-14,No,22720.59,4835.79
TXN02312,2025-06-01,STR001,PRD022,18,136,333,0,9,0,No,Low,2025-09-25,No,89986.86,25212.78
TXN02313,2025-01-01,STR004,PRD031,29,26,872,43,5,0,Yes,Low,2025-04-25,No,92063.98,29439.35
TXN02314,2025-05-02,STR003,PRD003,25,57,129,0,4,1,Yes,Low,2026-02-17,No,127234.75,40222.5
TXN02315,2025-04-23,STR004,PRD033,15,93,730,0,4,0,No,Medium,2025-10-24,No,54741.15,10664.7
TXN02316,2025-05-09,STR002,PRD031,31,30,452,163,5,0,No,Medium,2026-02-05,No,98413.22,31469.65
TXN02317,2025-04-01,STR004,PRD020,14,65,908,0,5,0,No,High,2025-06-10,No,49075.6,15041.18
TXN02318,2025-06-04,STR002,PRD009,18,197,269,0,4,1,Yes,High,2025-11-23,No,102585.42,29013.12
TXN02319,2025-02-06,STR002,PRD034,19,196,497,0,8,1,No,Medium,2025-07-14,No,59531.18,15572.02
TXN02320,2025-06-25,STR001,PRD064,15,15,971,162,5,1,No,High,2026-01-19,No,52998.6,7013.55
TXN02321,2025-02-15,STR003,PRD025,19,202,424,0,4,1,No,High,2025-09-10,No,129244.46,35180.02
TXN02322,2025-04-19,STR004,PRD019,12,42,681,0,4,0,Yes,Medium,2025-11-26,No,19830.24,3100.8
TXN02323,2025-02-15,STR002,PRD037,22,216,815,0,6,0,Yes,Low,2025-10-29,No,24567.62,6629.92
TXN02324,2025-04-03,STR001,PRD037,16,118,249,0,6,0,Yes,High,2025-10-08,No,17867.36,4821.76
TXN02325,2025-03-26,STR003,PRD007,20,213,427,0,6,0,No,High,2025-05-01,No,70223.2,12998.8
TXN02326,2025-06-05,STR001,PRD041,23,46,712,28,6,0,No,High,2026-03-07,No,11415.82,3274.74
TXN02327,2025-04-12,STR002,PRD050,22,0,771,198,6,1,No,Medium,2026-03-28,Yes,150060.24,48080.56
TXN02328,2025-01-15,STR002,PRD049,12,236,635,0,4,0,Yes,High,2025-10-13,No,62394.72,15789.12
TXN02329,2025-06-05,STR002,PRD055,13,148,515,0,6,1,No,Low,2026-03-04,No,39446.94,5852.86
TXN02330,2025-06-15,STR002,PRD006,38,168,156,0,5,0,Yes,Medium,2025-07-29,No,156361.26,44722.96
TXN02331,2025-06-06,STR003,PRD044,18,210,780,0,5,0,Yes,High,2025-10-04,No,21618.54,2838.42
TXN02332,2025-02-03,STR002,PRD039,14,7,904,127,8,1,Yes,Low,2025-10-18,No,43925.98,14615.44
TXN02333,2025-06-13,STR003,PRD013,11,170,113,0,4,0,No,Low,2026-04-17,No,63283.33,18254.83
TXN02334,2025-03-13,STR003,PRD051,13,205,248,0,8,1,Yes,Medium,2025-09-21,No,27423.37,3717.48
TXN02335,2025-02-13,STR004,PRD017,15,216,650,0,4,1,No,High,2025-03-22,No,63167.1,8994.75
TXN02336,2025-06-20,STR003,PRD018,20,83,476,0,9,0,Yes,Low,2025-10-26,No,117595.6,38927.2
TXN02337,2025-05-09,STR004,PRD057,13,24,135,88,4,2,Yes,Medium,2025-06-30,No,44219.37,11279.58
TXN02338,2025-03-12,STR003,PRD012,17,138,253,0,5,1,No,Low,2026-03-02,No,42916.67,9134.27
TXN02339,2025-01-01,STR003,PRD005,31,39,624,0,4,0,No,Low,2025-07-24,No,54608.36,13452.76
TXN02340,2025-04-30,STR001,PRD014,14,131,906,0,6,0,Yes,High,2026-01-22,No,18282.74,5869.22
TXN02341,2025-01-23,STR003,PRD010,16,13,236,43,9,0,Yes,Low,2025-08-03,No,31486.88,5790.88
TXN02342,2025-06-01,STR001,PRD046,9,151,70,0,6,0,Yes,Low,2025-10-20,No,46377.45,11446.47
TXN02343,2025-06-13,STR002,PRD026,30,87,133,0,9,0,Yes,Medium,2026-06-06,No,50496.6,10530.9
TXN02344,2025-02-18,STR004,PRD062,16,175,823,0,4,2,Yes,Medium,2025-04-16,No,47926.72,9175.04
TXN02345,2025-04-08,STR002,PRD050,15,165,343,0,6,0,Yes,Medium,2025-07-18,No,102313.8,32782.2
TXN02346,2025-05-25,STR002,PRD031,30,75,281,0,5,1,Yes,Medium,2025-10-04,No,95238.6,30454.5
TXN02347,2025-02-15,STR001,PRD038,15,235,352,0,3,0,No,High,2025-10-28,No,71298.6,18824.7
TXN02348,2025-03-09,STR001,PRD014,15,8,413,145,6,0,No,Medium,2026-03-02,No,19588.65,6288.45
TXN02349,2025-05-14,STR002,PRD048,16,99,899,0,8,0,Yes,Low,2026-04-08,No,52414.72,9438.4
TXN02350,2025-04-09,STR001,PRD040,13,26,632,157,8,1,Yes,High,2025-12-17,No,25880.27,6618.82
TXN02351,2025-03-30,STR002,PRD023,24,141,880,0,4,1,No,Low,2025-10-21,No,91843.44,15933.36
TXN02352,2025-06-29,STR001,PRD058,13,234,565,0,8,0,No,Low,2026-04-17,No,49235.03,13094.12
TXN02353,2025-02-23,STR002,PRD039,12,54,273,0,8,0,No,Medium,2025-04-10,No,37650.84,12527.52
TXN02354,2025-01-30,STR001,PRD031,40,128,696,0,5,1,Yes,Medium,2025-05-11,No,126984.8,40606.0
TXN02355,2025-04-30,STR003,PRD056,13,137,380,0,9,0,No,High,2025-12-09,No,43519.97,7071.61
TXN02356,2025-06-18,STR003,PRD054,12,138,972,0,6,0,Yes,Medium,2025-09-09,No,41920.08,6321.12
TXN02357,2025-06-11,STR004,PRD012,7,84,940,0,5,0,Yes,Low,2026-02-11,No,17671.57,3761.17
TXN02358,2025-05-02,STR002,PRD047,6,79,394,0,8,0,Yes,Low,2025-12-01,No,33053.22,6704.58
TXN02359,2025-03-20,STR002,PRD062,8,33,528,0,4,0,Yes,Low,2025-11-29,No,23963.36,4587.52
TXN02360,2025-06-07,STR003,PRD013,16,100,657,0,4,0,No,High,2026-01-27,No,92048.48,26552.48
TXN02361,2025-05-02,STR001,PRD047,16,197,299,0,8,0,No,High,2025-12-09,No,88141.92,17878.88
TXN02362,2025-06-03,STR001,PRD019,16,70,544,0,4,0,No,Medium,2025-07-23,No,26440.32,4134.4
TXN02363,2025-03-01,STR004,PRD025,33,0,486,127,4,1,No,High,2025-10-22,Yes,224477.22,61102.14
TXN02364,2025-06-01,STR004,PRD004,19,22,220,151,4,2,No,High,2026-03-26,No,67845.58,9414.69
TXN02365,2025-02-20,STR002,PRD051,12,231,631,0,8,1,Yes,Low,2025-09-08,No,25313.88,3431.52
TXN02366,2025-01-14,STR002,PRD013,4,244,142,0,4,0,No,Low,2025-08-09,No,23012.12,6638.12
TXN02367,2025-04-28,STR004,PRD013,14,87,219,0,4,2,No,Low,2025-08-11,No,80542.42,23233.42
TXN02368,2025-02-21,STR003,PRD031,30,47,132,98,5,3,Yes,Low,2025-07-05,No,95238.6,30454.5
TXN02369,2025-04-22,STR002,PRD058,24,0,207,82,8,0,No,Low,2026-01-21,Yes,90895.44,24173.76
TXN02370,2025-02-10,STR002,PRD063,11,77,152,0,6,1,No,High,2025-09-29,No,28174.41,7395.41
TXN02371,2025-06-28,STR001,PRD004,26,207,533,0,4,0,No,Medium,2025-11-29,No,92841.32,12883.26
TXN02372,2025-01-25,STR002,PRD022,15,84,181,0,9,1,No,Low,2025-09-16,No,74989.05,21010.65
TXN02373,2025-03-25,STR002,PRD043,12,217,339,0,5,1,No,High,2025-11-11,No,47264.76,7514.52
TXN02374,2025-05-17,STR002,PRD039,18,0,550,108,8,0,Yes,Low,2026-04-23,Yes,56476.26,18791.28
TXN02375,2025-02-15,STR001,PRD025,26,68,420,0,4,1,No,High,2025-03-17,No,176860.84,48141.08
TXN02376,2025-06-06,STR002,PRD052,15,138,819,0,3,0,No,Low,2026-06-01,No,44980.65,14890.5
TXN02377,2025-02-28,STR002,PRD041,16,19,242,147,6,1,Yes,Low,2025-08-31,No,7941.44,2278.08
TXN02378,2025-04-22,STR003,PRD062,22,1,443,106,4,1,Yes,Medium,2025-08-07,Yes,65899.24,12615.68
TXN02379,2025-03-14,STR003,PRD004,24,75,741,0,4,0,No,Low,2025-08-24,No,85699.68,11892.24
TXN02380,2025-04-18,STR001,PRD018,19,26,457,61,9,0,Yes,Medium,2025-06-29,No,111715.82,36980.84
TXN02381,2025-03-30,STR002,PRD054,18,157,800,0,6,1,Yes,High,2025-11-22,No,62880.12,9481.68
TXN02382,2025-01-04,STR003,PRD062,14,27,376,0,4,0,Yes,High,2025-10-20,No,41935.88,8028.16
TXN02383,2025-04-09,STR003,PRD025,32,0,719,144,4,0,No,Medium,2025-06-05,Yes,217674.88,59250.56
TXN02384,2025-03-19,STR003,PRD018,11,97,314,0,9,1,Yes,High,2025-12-04,No,64677.58,21409.96
TXN02385,2025-05-09,STR001,PRD042,16,79,849,0,4,1,No,High,2025-11-26,No,100784.32,29448.16
TXN02386,2025-05-17,STR002,PRD051,17,231,423,0,8,0,Yes,Low,2026-01-19,No,35861.33,4861.32
TXN02387,2025-05-17,STR002,PRD025,31,191,740,0,4,1,Yes,Low,2025-06-19,No,210872.54,57398.98
TXN02388,2025-03-28,STR002,PRD063,19,223,774,0,6,0,No,Low,2026-01-15,No,48664.89,12773.89
TXN02389,2025-06-07,STR001,PRD014,13,173,943,0,6,0,No,Medium,2025-07-31,No,16976.83,5449.99
TXN02390,2025-04-29,STR003,PRD026,23,0,938,51,9,0,No,Medium,2025-12-02,Yes,38714.06,8073.69
TXN02391,2025-01-13,STR002,PRD062,14,213,663,0,4,0,No,Medium,2025-09-17,No,41935.88,8028.16
TXN02392,2025-03-28,STR003,PRD061,18,154,353,0,8,0,Yes,High,2025-09-10,No,78695.1,18315.36
TXN02393,2025-02-15,STR004,PRD015,18,57,477,111,9,2,Yes,Medium,2025-08-30,No,75042.9,22940.28
TXN02394,2025-03-18,STR004,PRD046,8,154,86,0,6,1,Yes,Medium,2025-05-05,No,41224.4,10174.64
TXN02395,2025-05-17,STR002,PRD064,14,175,455,0,5,1,Yes,Low,2025-07-29,No,49465.36,6545.98
TXN02396,2025-05-17,STR001,PRD006,23,9,698,57,5,1,No,Medium,2025-11-03,No,94639.71,27069.16
TXN02397,2025-03-30,STR001,PRD042,11,237,519,0,4,0,Yes,High,2026-01-22,No,69289.22,20245.61
TXN02398,2025-05-26,STR002,PRD061,17,100,91,0,8,0,Yes,Medium,2026-01-01,No,74323.15,17297.84
TXN02399,2025-01-10,STR001,PRD055,15,22,791,175,6,1,Yes,Medium,2025-10-29,No,45515.7,6753.3
TXN02400,2025-01-21,STR002,PRD049,14,72,999,0,4,0,No,Medium,2025-09-13,No,72793.84,18420.64
TXN02401,2025-01-06,STR003,PRD060,12,35,788,85,4,0,Yes,Medium,2025-04-05,No,18817.2,3872.28
TXN02402,2025-02-19,STR003,PRD058,15,131,317,0,8,0,No,High,2025-12-09,No,56809.65,15108.6
TXN02403,2025-05-19,STR001,PRD052,15,203,862,0,3,0,Yes,High,2025-07-13,No,44980.65,14890.5
TXN02404,2025-04-06,STR001,PRD003,35,86,270,0,4,0,No,Medium,2025-08-09,No,178128.65,56311.5
TXN02405,2025-03-12,STR004,PRD016,11,117,737,0,4,0,Yes,High,2025-11-01,No,62651.38,13573.56
TXN02406,2025-02-16,STR002,PRD023,15,158,341,0,4,0,No,Low,2025-10-12,No,57402.15,9958.35
TXN02407,2025-02-23,STR002,PRD058,10,0,722,126,8,0,Yes,Medium,2025-08-08,Yes,37873.1,10072.4
TXN02408,2025-04-29,STR002,PRD036,15,138,859,0,9,1,No,Low,2025-09-19,No,55580.55,16287.75
TXN02409,2025-02-27,STR001,PRD022,17,0,276,103,9,0,Yes,High,2025-08-23,Yes,84987.59,23812.07
TXN02410,2025-06-05,STR001,PRD058,18,193,521,0,8,1,No,High,2026-05-05,No,68171.58,18130.32
TXN02411,2025-03-26,STR003,PRD015,14,124,448,0,9,0,No,High,2025-05-01,No,58366.7,17842.44
TXN02412,2025-03-29,STR002,PRD043,17,70,377,0,5,0,No,Medium,2025-07-14,No,66958.41,10645.57
TXN02413,2025-04-29,STR002,PRD014,11,207,810,0,6,2,No,Low,2026-02-25,No,14365.01,4611.53
TXN02414,2025-06-28,STR002,PRD005,30,142,449,0,4,1,No,Medium,2025-08-13,No,52846.8,13018.8
TXN02415,2025-06-19,STR001,PRD050,17,201,635,0,6,1,Yes,High,2026-03-25,No,115955.64,37153.16
TXN02416,2025-05-24,STR002,PRD004,29,0,815,73,4,1,No,Medium,2025-11-19,Yes,103553.78,14369.79
TXN02417,2025-03-22,STR004,PRD003,31,141,528,0,4,0,Yes,Low,2026-03-06,No,157771.09,49875.9
TXN02418,2025-05-30,STR001,PRD007,28,131,410,0,6,0,No,Medium,2025-07-10,No,98312.48,18198.32
TXN02419,2025-03-14,STR003,PRD042,19,123,811,0,4,0,No,Low,2025-10-22,No,119681.38,34969.69
TXN02420,2025-05-18,STR003,PRD036,17,16,671,116,9,0,Yes,Low,2026-01-05,No,62991.29,18459.45
TXN02421,2025-02-25,STR001,PRD010,11,43,634,48,9,1,No,Low,2025-06-16,No,21647.23,3981.23
TXN02422,2025-04-13,STR003,PRD059,8,132,468,0,4,0,No,Low,2025-12-13,No,52793.36,15466.24
TXN02423,2025-06-03,STR003,PRD018,20,51,838,101,9,1,No,High,2025-08-26,No,117595.6,38927.2
TXN02424,2025-06-20,STR004,PRD064,14,212,753,0,5,0,No,High,2026-04-20,No,49465.36,6545.98
TXN02425,2025-05-17,STR004,PRD061,18,82,280,0,8,0,No,Medium,2026-02-08,No,78695.1,18315.36
TXN02426,2025-03-15,STR003,PRD034,17,194,996,0,8,0,No,Low,2025-07-13,No,53264.74,13932.86
TXN02427,2025-04-13,STR002,PRD017,13,60,53,0,4,0,No,Medium,2026-04-13,No,54744.82,7795.45
TXN02428,2025-02-14,STR001,PRD057,9,165,979,0,4,1,Yes,Medium,2026-01-07,No,30613.41,7808.94
TXN02429,2025-06-17,STR003,PRD004,30,219,478,0,4,0,No,Low,2026-06-07,No,107124.6,14865.3
TXN02430,2025-01-08,STR001,PRD024,24,134,279,0,6,1,Yes,High,2025-12-21,No,45669.6,10854.96
TXN02431,2025-05-09,STR001,PRD006,17,136,634,0,5,1,No,Low,2025-11-21,No,69951.09,20007.64
TXN02432,2025-06-06,STR003,PRD022,11,52,220,0,9,1,No,High,2025-08-21,No,54991.97,15407.81
TXN02433,2025-04-05,STR003,PRD059,18,0,954,173,4,0,No,High,2026-01-21,Yes,118785.06,34799.04
TXN02434,2025-02-19,STR003,PRD022,14,203,985,0,9,1,Yes,Medium,2025-09-25,No,69989.78,19609.94
TXN02435,2025-03-03,STR003,PRD024,20,24,779,140,6,0,Yes,Medium,2025-06-08,No,38058.0,9045.8
TXN02436,2025-03-17,STR002,PRD059,15,1,261,27,4,0,No,Medium,2025-08-19,Yes,98987.55,28999.2
TXN02437,2025-06-25,STR004,PRD053,14,140,504,0,4,0,Yes,Low,2026-03-18,No,28595.0,4160.52
TXN02438,2025-05-09,STR002,PRD003,37,0,907,174,4,0,No,Low,2025-10-11,Yes,188307.43,59529.3
TXN02439,2025-04-29,STR004,PRD017,15,169,121,0,4,0,Yes,High,2025-06-14,No,63167.1,8994.75
TXN02440,2025-06-24,STR001,PRD024,9,164,466,0,6,1,No,Medium,2025-08-29,No,17126.1,4070.61
TXN02441,2025-04-17,STR002,PRD011,16,229,316,0,8,1,Yes,High,2026-03-23,No,35606.08,5494.24
TXN02442,2025-06-15,STR003,PRD015,13,123,781,0,9,0,Yes,Medium,2026-03-18,No,54197.65,16567.98
TXN02443,2025-01-16,STR002,PRD014,8,66,881,0,6,0,No,High,2025-03-07,No,10447.28,3353.84
TXN02444,2025-04-04,STR002,PRD051,23,79,783,0,8,0,No,Medium,2025-07-06,No,48518.27,6577.08
TXN02445,2025-01-27,STR004,PRD024,12,25,826,87,6,3,Yes,High,2025-05-23,No,22834.8,5427.48
TXN02446,2025-04-04,STR004,PRD061,10,95,722,0,8,0,No,Low,2025-09-05,No,43719.5,10175.2
TXN02447,2025-05-04,STR004,PRD013,16,37,149,87,4,0,No,High,2025-07-10,No,92048.48,26552.48
TXN02448,2025-04-28,STR003,PRD057,13,217,776,0,4,1,No,Low,2025-10-08,No,44219.37,11279.58
TXN02449,2025-03-29,STR003,PRD061,13,62,755,0,8,1,No,Medium,2025-12-14,No,56835.35,13227.76
TXN02450,2025-06-29,STR004,PRD032,28,117,331,0,4,0,Yes,Low,2025-10-12,No,32611.6,5409.6
TXN02451,2025-05-14,STR002,PRD061,14,59,76,0,8,2,Yes,Medium,2026-03-28,No,61207.3,14245.28
TXN02452,2025-04-03,STR003,PRD023,10,172,348,0,4,1,No,High,2025-07-23,No,38268.1,6638.9
TXN02453,2025-05-26,STR004,PRD034,17,145,362,0,8,0,No,High,2026-02-05,No,53264.74,13932.86
TXN02454,2025-06-22,STR001,PRD035,14,61,208,0,5,0,Yes,Low,2026-05-29,No,27930.98,9299.64
TXN02455,2025-03-16,STR002,PRD039,15,204,443,0,8,1,No,High,2025-08-09,No,47063.55,15659.4
TXN02456,2025-01-08,STR003,PRD058,13,204,266,0,8,1,No,Low,2025-12-03,No,49235.03,13094.12
TXN02457,2025-01-04,STR002,PRD011,11,55,422,0,8,1,No,Medium,2025-12-16,No,24479.18,3777.29
TXN02458,2025-02-13,STR004,PRD036,15,233,402,0,9,1,Yes,High,2025-11-26,No,55580.55,16287.75
TXN02459,2025-03-22,STR003,PRD060,12,121,433,0,4,1,No,Medium,2026-03-18,No,18817.2,3872.28
TXN02460,2025-02-13,STR001,PRD043,15,207,587,0,5,2,No,Low,2025-11-17,No,59080.95,9393.15
TXN02461,2025-04-08,STR003,PRD005,19,152,116,0,4,1,No,Low,2025-10-13,No,33469.64,8245.24
TXN02462,2025-02-22,STR003,PRD052,12,45,334,58,3,0,Yes,High,2025-07-02,No,35984.52,11912.4
TXN02463,2025-04-02,STR001,PRD030,30,87,633,0,8,1,Yes,High,2026-01-25,No,134962.8,24736.8
TXN02464,2025-02-28,STR001,PRD014,14,175,257,0,6,2,No,High,2025-04-15,No,18282.74,5869.22
TXN02465,2025-04-13,STR004,PRD027,41,0,569,104,4,0,Yes,Medium,2026-02-20,Yes,199084.11,37248.91
TXN02466,2025-05-17,STR002,PRD063,17,199,809,0,6,1,Yes,Low,2026-01-30,No,43542.27,11429.27
TXN02467,2025-05-26,STR001,PRD033,16,117,303,0,4,0,Yes,Medium,2025-09-26,No,58390.56,11375.68
TXN02468,2025-06-26,STR004,PRD026,41,178,300,0,9,0,Yes,High,2026-03-16,No,69012.02,14392.23
TXN02469,2025-02-15,STR002,PRD039,15,0,322,175,8,0,No,Low,2025-06-22,Yes,47063.55,15659.4
TXN02470,2025-01-17,STR004,PRD021,15,216,974,0,6,0,Yes,High,2025-07-21,No,37431.0,6833.25
TXN02471,2025-01-16,STR002,PRD038,17,36,299,78,3,1,No,Medium,2025-04-06,No,80805.08,21334.66
TXN02472,2025-05-18,STR004,PRD013,16,209,850,0,4,0,Yes,Medium,2026-05-07,No,92048.48,26552.48
TXN02473,2025-01-19,STR001,PRD020,18,32,539,0,5,0,Yes,Medium,2025-04-01,No,63097.2,19338.66
TXN02474,2025-05-02,STR004,PRD027,24,1,653,158,4,0,Yes,High,2026-02-05,Yes,116537.04,21804.24
TXN02475,2025-03-18,STR002,PRD046,19,126,59,0,6,1,No,Low,2025-11-29,No,97907.95,24164.77
TXN02476,2025-06-14,STR004,PRD003,25,125,875,0,4,1,No,Low,2025-11-19,No,127234.75,40222.5
TXN02477,2025-04-15,STR001,PRD046,7,146,327,0,6,0,No,High,2025-08-13,No,36071.35,8902.81
TXN02478,2025-03-26,STR001,PRD048,26,103,544,0,8,2,No,High,2025-09-25,No,85173.92,15337.4
TXN02479,2025-03-09,STR003,PRD049,13,209,594,0,4,1,Yes,Medium,2025-08-26,No,67594.28,17104.88
TXN02480,2025-06-23,STR004,PRD001,40,88,366,0,3,1,No,Low,2025-10-24,No,153201.6,20989.2
TXN02481,2025-05-05,STR002,PRD028,21,60,964,0,4,0,No,Medium,2025-08-26,No,110662.86,24904.74
TXN02482,2025-02-15,STR002,PRD005,25,169,492,0,4,0,No,Low,2025-10-29,No,44039.0,10849.0
TXN02483,2025-03-29,STR004,PRD051,22,141,753,0,8,0,Yes,Low,2025-06-22,No,46408.78,6291.12
TXN02484,2025-03-01,STR003,PRD020,16,38,364,0,5,0,No,Medium,2025-12-27,No,56086.4,17189.92
TXN02485,2025-05-01,STR002,PRD036,21,5,357,195,9,1,Yes,High,2025-08-18,Yes,77812.77,22802.85
TXN02486,2025-03-24,STR003,PRD064,21,19,834,69,5,1,No,Low,2025-07-12,No,74198.04,9818.97
TXN02487,2025-06-06,STR001,PRD010,12,157,210,0,9,0,No,High,2026-03-05,No,23615.16,4343.16
TXN02488,2025-06-17,STR004,PRD043,14,138,857,0,5,0,No,High,2025-12-01,No,55142.22,8766.94
TXN02489,2025-02-28,STR004,PRD049,19,219,319,0,4,1,No,Medium,2025-10-05,No,98791.64,24999.44
TXN02490,2025-02-07,STR001,PRD048,13,65,391,0,8,0,No,High,2025-08-17,No,42586.96,7668.7
TXN02491,2025-04-26,STR001,PRD003,24,84,626,0,4,1,No,Medium,2025-05-28,No,122145.36,38613.6
TXN02492,2025-04-14,STR004,PRD024,16,0,412,124,6,1,Yes,Medium,2025-10-01,Yes,30446.4,7236.64
TXN02493,2025-01-05,STR003,PRD053,13,196,771,0,4,1,Yes,Low,2025-06-15,No,26552.5,3863.34
TXN02494,2025-03-17,STR001,PRD017,18,195,432,0,4,1,Yes,Medium,2025-11-20,No,75800.52,10793.7
TXN02495,2025-04-08,STR003,PRD009,13,70,621,0,4,1,Yes,Low,2026-03-20,No,74089.47,20953.92
TXN02496,2025-05-09,STR001,PRD019,6,106,926,0,4,0,No,Low,2025-07-16,No,9915.12,1550.4
TXN02497,2025-03-04,STR003,PRD030,19,64,790,0,8,0,No,High,2026-01-31,No,85476.44,15666.64
TXN02498,2025-05-01,STR002,PRD031,24,175,725,0,5,1,No,High,2026-02-04,No,76190.88,24363.6
TXN02499,2025-03-05,STR002,PRD007,24,131,650,0,6,0,No,Low,2025-05-25,No,84267.84,15598.56
TXN02500,2025-01-15,STR004,PRD001,39,48,332,0,3,0,No,Medium,2025-07-09,No,149371.56,20464.47
TXN02501,2025-01-29,STR001,PRD064,16,104,187,0,5,0,Yes,Medium,2025-09-27,No,56531.84,7481.12
TXN02502,2025-02-08,STR001,PRD023,10,213,204,0,4,2,No,High,2025-06-20,No,38268.1,6638.9
TXN02503,2025-05-24,STR003,PRD038,15,7,301,132,3,1,No,High,2026-03-29,No,71298.6,18824.7
TXN02504,2025-06-19,STR003,PRD032,29,113,593,0,4,0,No,High,2025-07-30,No,33776.3,5602.8
TXN02505,2025-02-05,STR003,PRD052,12,185,838,0,3,1,Yes,High,2025-08-14,No,35984.52,11912.4
TXN02506,2025-04-03,STR004,PRD021,13,218,841,0,6,0,No,High,2025-08-20,No,32440.2,5922.15
TXN02507,2025-02-17,STR003,PRD033,13,69,529,0,4,0,Yes,Medium,2025-09-20,No,47442.33,9242.74
TXN02508,2025-03-27,STR004,PRD052,12,38,770,193,3,1,No,Medium,2026-03-01,No,35984.52,11912.4
TXN02509,2025-01-06,STR004,PRD030,22,8,470,184,8,0,No,Medium,2025-10-12,No,98972.72,18140.32
TXN02510,2025-01-13,STR003,PRD011,17,195,591,0,8,0,Yes,High,2025-08-22,No,37831.46,5837.63
TXN02511,2025-01-05,STR003,PRD027,37,74,82,0,4,0,No,High,2025-10-13,No,179661.27,33614.87
TXN02512,2025-03-14,STR003,PRD048,11,136,391,0,8,1,Yes,High,2025-05-21,No,36035.12,6488.9
TXN02513,2025-05-25,STR001,PRD040,11,12,849,162,8,0,Yes,High,2025-09-13,No,21898.69,5600.54
TXN02514,2025-05-12,STR001,PRD035,18,198,921,0,5,1,Yes,High,2026-02-05,No,35911.26,11956.68
TXN02515,2025-06-06,STR003,PRD041,15,151,245,0,6,1,Yes,High,2026-02-11,No,7445.1,2135.7
TXN02516,2025-03-12,STR003,PRD006,38,77,960,0,5,0,Yes,High,2025-09-27,No,156361.26,44722.96
TXN02517,2025-01-19,STR004,PRD026,27,138,639,0,9,0,No,Medium,2025-11-15,No,45446.94,9477.81
TXN02518,2025-06-27,STR004,PRD020,8,181,889,0,5,0,No,Low,2026-02-17,No,28043.2,8594.96
TXN02519,2025-05-28,STR003,PRD028,31,0,898,179,4,0,No,Low,2025-07-01,Yes,163359.46,36764.14
TXN02520,2025-02-27,STR003,PRD055,10,72,487,0,6,2,Yes,Medium,2025-07-21,No,30343.8,4502.2
TXN02521,2025-05-30,STR003,PRD026,24,112,518,0,9,0,Yes,High,2025-12-27,No,40397.28,8424.72
TXN02522,2025-05-28,STR001,PRD023,20,19,841,68,4,0,Yes,Low,2025-12-01,No,76536.2,13277.8
TXN02523,2025-02-16,STR004,PRD053,12,13,596,26,4,0,Yes,Low,2025-12-19,No,24510.0,3566.16
TXN02524,2025-03-31,STR003,PRD038,10,234,120,0,3,0,No,Medium,2025-08-25,No,47532.4,12549.8
TXN02525,2025-06-18,STR001,PRD058,13,40,256,0,8,1,No,Low,2026-02-20,No,49235.03,13094.12
TXN02526,2025-03-11,STR002,PRD040,17,42,840,75,8,1,No,Low,2025-06-19,No,33843.43,8655.38
TXN02527,2025-04-23,STR001,PRD047,14,17,76,116,8,0,No,High,2025-09-06,No,77124.18,15644.02
TXN02528,2025-04-08,STR004,PRD021,12,0,499,134,6,1,No,Low,2025-08-21,Yes,29944.8,5466.6
TXN02529,2025-04-08,STR002,PRD025,35,173,177,0,4,1,Yes,Low,2026-01-22,No,238081.9,64805.3
TXN02530,2025-05-29,STR003,PRD053,11,174,578,0,4,0,Yes,Low,2025-10-13,No,22467.5,3268.98
TXN02531,2025-01-31,STR003,PRD001,33,156,669,0,3,0,No,High,2025-08-11,No,126391.32,17316.09
TXN02532,2025-04-17,STR004,PRD042,17,31,142,73,4,0,No,Medium,2025-09-24,No,107083.34,31288.67
TXN02533,2025-05-11,STR004,PRD057,18,10,66,136,4,1,Yes,Medium,2026-01-11,No,61226.82,15617.88
TXN02534,2025-04-13,STR002,PRD064,9,237,928,0,5,1,Yes,Medium,2025-11-13,No,31799.16,4208.13
TXN02535,2025-03-21,STR003,PRD007,21,90,918,0,6,1,No,Low,2025-06-02,No,73734.36,13648.74
TXN02536,2025-06-16,STR001,PRD046,14,150,879,0,6,1,No,Medium,2025-07-24,No,72142.7,17805.62
TXN02537,2025-03-12,STR003,PRD018,9,177,712,0,9,0,No,Low,2025-06-22,No,52918.02,17517.24
TXN02538,2025-03-05,STR003,PRD055,14,31,59,164,6,1,Yes,High,2025-06-22,No,42481.32,6303.08
TXN02539,2025-02-05,STR002,PRD034,18,159,531,0,8,0,Yes,Low,2026-01-06,No,56397.96,14752.44
TXN02540,2025-02-23,STR002,PRD017,14,207,807,0,4,0,No,Medium,2026-02-04,No,58955.96,8395.1
TXN02541,2025-04-17,STR003,PRD063,8,202,211,0,6,0,No,Low,2025-08-14,No,20490.48,5378.48
TXN02542,2025-05-13,STR003,PRD015,20,227,205,0,9,1,Yes,Medium,2025-08-07,No,83381.0,25489.2
TXN02543,2025-02-11,STR002,PRD041,18,0,258,147,6,3,No,Medium,2026-01-27,Yes,8934.12,2562.84
TXN02544,2025-04-06,STR003,PRD049,18,214,911,0,4,2,No,High,2025-10-17,No,93592.08,23683.68
TXN02545,2025-01-08,STR001,PRD021,16,184,76,0,6,2,No,Low,2025-10-05,No,39926.4,7288.8
TXN02546,2025-01-09,STR003,PRD018,13,175,942,0,9,0,Yes,Medium,2025-03-03,No,76437.14,25302.68
TXN02547,2025-05-19,STR002,PRD060,16,80,830,0,4,2,Yes,Low,2025-08-08,No,25089.6,5163.04
TXN02548,2025-01-04,STR004,PRD064,14,75,968,0,5,0,Yes,Low,2025-09-05,No,49465.36,6545.98
TXN02549,2025-01-17,STR002,PRD016,20,8,525,141,4,0,No,High,2025-09-29,No,113911.6,24679.2
TXN02550,2025-02-04,STR001,PRD003,40,167,702,0,4,0,Yes,Medium,2025-11-04,No,203575.6,64356.0
TXN02551,2025-05-01,STR004,PRD016,14,216,974,0,4,1,No,Low,2025-11-12,No,79738.12,17275.44
TXN02552,2025-06-18,STR003,PRD019,21,117,424,0,4,0,Yes,Medium,2026-03-27,No,34702.92,5426.4
TXN02553,2025-05-27,STR003,PRD005,27,5,577,76,4,0,Yes,Low,2025-10-19,Yes,47562.12,11716.92
TXN02554,2025-06-18,STR003,PRD008,22,168,147,0,8,1,No,Medium,2026-05-28,No,51429.84,16064.84
TXN02555,2025-01-27,STR002,PRD016,18,45,281,0,4,0,No,Low,2025-07-30,No,102520.44,22211.28
TXN02556,2025-03-26,STR001,PRD043,12,169,523,0,5,0,No,Low,2025-10-09,No,47264.76,7514.52
TXN02557,2025-04-19,STR001,PRD020,15,80,727,0,5,2,Yes,High,2025-06-05,No,52581.0,16115.55
TXN02558,2025-04-09,STR003,PRD023,12,149,99,0,4,0,Yes,Low,2025-05-16,No,45921.72,7966.68
TXN02559,2025-02-06,STR002,PRD023,21,141,84,0,4,0,Yes,Low,2025-09-27,No,80363.01,13941.69
TXN02560,2025-03-24,STR001,PRD022,10,0,542,166,9,0,No,Medium,2025-07-28,Yes,49992.7,14007.1
TXN02561,2025-06-10,STR004,PRD020,11,211,886,0,5,0,No,Medium,2025-10-27,No,38559.4,11818.07
TXN02562,2025-04-27,STR003,PRD021,17,142,319,0,6,0,No,Low,2025-10-17,No,42421.8,7744.35
TXN02563,2025-06-17,STR002,PRD028,39,197,395,0,4,0,No,Low,2025-11-24,No,205516.74,46251.66
TXN02564,2025-03-29,STR001,PRD015,17,189,942,0,9,0,No,High,2025-12-17,No,70873.85,21665.82
TXN02565,2025-06-19,STR001,PRD047,16,8,926,191,8,0,No,High,2025-11-30,No,88141.92,17878.88
TXN02566,2025-01-17,STR004,PRD050,14,186,424,0,6,0,No,High,2025-03-01,No,95492.88,30596.72
TXN02567,2025-05-20,STR004,PRD036,10,22,282,44,9,0,No,Low,2025-08-19,No,37053.7,10858.5
TXN02568,2025-05-21,STR001,PRD012,10,172,352,0,5,1,Yes,Medium,2025-11-24,No,25245.1,5373.1
TXN02569,2025-04-26,STR001,PRD058,15,96,616,0,8,1,Yes,High,2025-08-27,No,56809.65,15108.6
TXN02570,2025-04-12,STR001,PRD022,13,196,956,0,9,0,Yes,Low,2025-09-02,No,64990.51,18209.23
TXN02571,2025-01-05,STR004,PRD059,21,29,588,110,4,0,Yes,High,2025-11-02,No,138582.57,40598.88
TXN02572,2025-05-15,STR004,PRD031,18,186,595,0,5,0,No,High,2025-10-09,No,57143.16,18272.7
TXN02573,2025-06-27,STR002,PRD052,11,231,593,0,3,2,Yes,Medium,2025-10-16,No,32985.81,10919.7
TXN02574,2025-01-26,STR004,PRD034,23,151,219,0,8,1,Yes,High,2025-05-13,No,72064.06,18850.34
TXN02575,2025-05-19,STR003,PRD027,39,69,928,0,4,0,Yes,Medium,2025-07-13,No,189372.69,35431.89
TXN02576,2025-04-13,STR001,PRD053,19,56,972,119,4,1,No,Medium,2026-01-07,No,38807.5,5646.42
TXN02577,2025-03-24,STR003,PRD033,12,22,50,96,4,0,Yes,Medium,2026-02-01,No,43792.92,8531.76
TXN02578,2025-06-21,STR004,PRD044,11,68,263,0,5,1,Yes,Low,2026-02-16,No,13211.33,1734.59
TXN02579,2025-02-05,STR002,PRD006,20,103,892,0,5,1,Yes,Low,2025-09-23,No,82295.4,23538.4
TXN02580,2025-02-10,STR003,PRD049,9,156,479,0,4,1,No,High,2025-06-19,No,46796.04,11841.84
TXN02581,2025-03-05,STR002,PRD014,12,201,408,0,6,0,Yes,Low,2025-08-23,No,15670.92,5030.76
TXN02582,2025-02-05,STR002,PRD004,38,0,738,169,4,0,Yes,Low,2025-10-20,Yes,135691.16,18829.38
TXN02583,2025-02-06,STR001,PRD064,14,158,332,0,5,0,No,Low,2026-01-28,No,49465.36,6545.98
TXN02584,2025-01-31,STR004,PRD056,17,116,368,0,9,0,Yes,High,2026-01-02,No,56910.73,9247.49
TXN02585,2025-05-01,STR003,PRD058,13,46,726,0,8,0,No,Medium,2025-08-02,No,49235.03,13094.12
TXN02586,2025-05-19,STR001,PRD035,16,174,674,0,5,0,No,Low,2025-07-24,No,31921.12,10628.16
TXN02587,2025-03-29,STR004,PRD022,16,208,328,0,9,0,Yes,Medium,2025-09-05,No,79988.32,22411.36
TXN02588,2025-01-29,STR002,PRD036,19,141,527,0,9,1,No,High,2025-05-25,No,70402.03,20631.15
TXN02589,2025-06-27,STR002,PRD020,14,207,863,0,5,1,No,Medium,2025-11-19,No,49075.6,15041.18
TXN02590,2025-05-14,STR004,PRD038,11,15,799,42,3,1,No,Low,2026-02-21,No,52285.64,13804.78
TXN02591,2025-06-29,STR001,PRD020,16,230,492,0,5,1,No,Low,2026-06-20,No,56086.4,17189.92
TXN02592,2025-01-27,STR004,PRD020,15,206,838,0,5,0,No,High,2025-07-17,No,52581.0,16115.55
TXN02593,2025-03-06,STR003,PRD051,14,149,570,0,8,0,No,Medium,2025-08-11,No,29532.86,4003.44
TXN02594,2025-04-02,STR003,PRD011,14,7,153,23,8,0,No,Low,2026-02-25,No,31155.32,4807.46
TXN02595,2025-05-07,STR003,PRD053,16,40,494,171,4,0,No,Low,2026-02-10,No,32680.0,4754.88
TXN02596,2025-05-24,STR004,PRD027,42,172,629,0,4,0,No,High,2026-03-15,No,203939.82,38157.42
TXN02597,2025-06-20,STR001,PRD027,33,0,160,174,4,0,Yes,High,2025-09-06,Yes,160238.43,29980.83
TXN02598,2025-01-31,STR003,PRD059,19,228,832,0,4,1,Yes,Medium,2025-12-24,No,125384.23,36732.32
TXN02599,2025-06-22,STR002,PRD021,11,170,975,0,6,0,No,Medium,2025-08-11,No,27449.4,5011.05
TXN02600,2025-03-30,STR001,PRD057,12,153,857,0,4,1,No,Medium,2026-02-16,No,40817.88,10411.92
TXN02601,2025-05-14,STR004,PRD051,8,1,882,122,8,0,No,High,2025-06-26,Yes,16875.92,2287.68
TXN02602,2025-02-25,STR004,PRD016,24,121,235,0,4,0,Yes,High,2025-09-11,No,136693.92,29615.04
TXN02603,2025-01-26,STR001,PRD037,16,58,871,125,6,0,Yes,High,2025-10-16,No,17867.36,4821.76
TXN02604,2025-03-06,STR002,PRD051,27,64,402,194,8,1,No,Low,2025-08-24,No,56956.23,7720.92
TXN02605,2025-04-25,STR001,PRD062,17,183,98,0,4,1,No,Medium,2026-04-15,No,50922.14,9748.48
TXN02606,2025-03-09,STR004,PRD015,15,181,862,0,9,0,Yes,Low,2026-01-18,No,62535.75,19116.9
TXN02607,2025-05-21,STR004,PRD030,40,42,821,122,8,1,No,Low,2026-03-02,No,179950.4,32982.4
TXN02608,2025-01-23,STR001,PRD051,18,67,681,110,8,0,Yes,Medium,2025-07-28,No,37970.82,5147.28
TXN02609,2025-01-26,STR002,PRD011,17,217,789,0,8,1,Yes,High,2025-09-20,No,37831.46,5837.63
TXN02610,2025-03-22,STR004,PRD060,12,147,559,0,4,0,Yes,Medium,2025-08-02,No,18817.2,3872.28
TXN02611,2025-03-09,STR004,PRD050,14,205,774,0,6,0,No,Medium,2025-09-27,No,95492.88,30596.72
TXN02612,2025-04-23,STR003,PRD014,21,208,420,0,6,0,Yes,Low,2025-11-04,No,27424.11,8803.83
TXN02613,2025-01-05,STR004,PRD058,14,14,645,68,8,0,No,High,2025-12-29,No,53022.34,14101.36
TXN02614,2025-05-24,STR004,PRD024,19,56,824,0,6,0,Yes,Medium,2026-05-05,No,36155.1,8593.51
TXN02615,2025-06-28,STR003,PRD043,18,1,145,70,5,1,Yes,High,2026-05-30,Yes,70897.14,11271.78
TXN02616,2025-06-19,STR001,PRD024,10,93,922,0,6,1,No,Low,2026-01-09,No,19029.0,4522.9
TXN02617,2025-05-17,STR003,PRD029,33,68,993,54,5,0,No,Low,2025-11-13,No,63083.46,20460.0
TXN02618,2025-06-07,STR002,PRD013,20,125,134,0,4,0,No,Low,2026-02-18,No,115060.6,33190.6
TXN02619,2025-01-11,STR001,PRD018,13,49,208,160,9,0,No,Low,2025-10-21,No,76437.14,25302.68
TXN02620,2025-02-27,STR003,PRD020,16,197,761,0,5,1,Yes,Low,2025-07-22,No,56086.4,17189.92
TXN02621,2025-04-23,STR001,PRD033,18,147,881,0,4,0,Yes,Low,2025-05-29,No,65689.38,12797.64
TXN02622,2025-03-17,STR001,PRD014,15,47,71,0,6,0,No,Medium,2025-11-14,No,19588.65,6288.45
TXN02623,2025-05-23,STR004,PRD062,23,118,631,0,4,0,Yes,Medium,2025-09-25,No,68894.66,13189.12
TXN02624,2025-05-13,STR003,PRD046,18,130,459,0,6,1,No,High,2025-10-23,No,92754.9,22892.94
TXN02625,2025-06-30,STR003,PRD036,17,186,422,0,9,2,No,Medium,2026-02-04,No,62991.29,18459.45
TXN02626,2025-04-04,STR002,PRD051,15,215,997,0,8,1,Yes,Medium,2026-02-04,No,31642.35,4289.4
TXN02627,2025-04-02,STR003,PRD009,17,2,187,197,4,0,No,High,2025-09-05,Yes,96886.23,27401.28
TXN02628,2025-05-18,STR001,PRD021,21,127,181,0,6,1,Yes,High,2026-02-15,No,52403.4,9566.55
TXN02629,2025-05-18,STR002,PRD049,8,72,157,0,4,3,Yes,High,2025-12-12,No,41596.48,10526.08
TXN02630,2025-06-29,STR003,PRD064,18,147,617,0,5,1,Yes,Medium,2025-12-13,No,63598.32,8416.26
TXN02631,2025-05-28,STR002,PRD024,17,197,104,0,6,1,No,High,2026-02-06,No,32349.3,7688.93
TXN02632,2025-05-08,STR003,PRD029,43,68,225,36,5,0,Yes,High,2026-01-22,No,82199.66,26660.0
TXN02633,2025-05-24,STR002,PRD059,17,149,108,0,4,0,No,Medium,2025-09-06,No,112185.89,32865.76
TXN02634,2025-01-17,STR003,PRD040,14,160,412,0,8,0,Yes,High,2025-07-07,No,27871.06,7127.96
TXN02635,2025-05-26,STR002,PRD054,16,48,780,27,6,0,No,Medium,2025-09-01,No,55893.44,8428.16
TXN02636,2025-04-12,STR003,PRD035,7,48,512,189,5,1,No,High,2025-10-14,No,13965.49,4649.82
TXN02637,2025-03-26,STR004,PRD021,13,46,633,0,6,0,No,Low,2026-01-26,No,32440.2,5922.15
TXN02638,2025-06-24,STR002,PRD020,14,136,372,0,5,1,Yes,High,2025-08-20,No,49075.6,15041.18
TXN02639,2025-04-02,STR003,PRD014,16,134,172,0,6,0,Yes,High,2025-06-03,No,20894.56,6707.68
TXN02640,2025-05-16,STR002,PRD048,14,91,797,0,8,0,Yes,High,2025-09-22,No,45862.88,8258.6
TXN02641,2025-03-05,STR002,PRD029,38,160,827,0,5,1,Yes,Low,2025-04-19,No,72641.56,23560.0
TXN02642,2025-06-16,STR004,PRD052,16,221,556,0,3,0,Yes,Medium,2025-08-30,No,47979.36,15883.2
TXN02643,2025-01-25,STR001,PRD005,30,116,767,0,4,0,No,Medium,2025-09-07,No,52846.8,13018.8
TXN02644,2025-06-28,STR004,PRD047,15,106,191,0,8,0,No,Low,2025-09-15,No,82633.05,16761.45
TXN02645,2025-03-21,STR001,PRD017,21,69,231,0,4,0,No,Medium,2025-12-31,No,88433.94,12592.65
TXN02646,2025-01-24,STR003,PRD032,25,41,255,122,4,0,Yes,Medium,2026-01-20,No,29117.5,4830.0
TXN02647,2025-06-12,STR004,PRD053,12,8,512,106,4,1,Yes,High,2025-11-20,No,24510.0,3566.16
TXN02648,2025-01-06,STR002,PRD031,39,0,110,162,5,0,No,Low,2025-05-02,Yes,123810.18,39590.85
TXN02649,2025-01-01,STR003,PRD046,15,231,591,0,6,0,Yes,Low,2025-07-17,No,77295.75,19077.45
TXN02650,2025-04-09,STR004,PRD021,15,63,78,0,6,0,No,Low,2025-08-05,No,37431.0,6833.25
TXN02651,2025-02-18,STR002,PRD046,22,140,685,0,6,0,No,Low,2025-12-19,No,113367.1,27980.26
TXN02652,2025-02-25,STR003,PRD050,17,232,403,0,6,1,Yes,High,2025-06-14,No,115955.64,37153.16
TXN02653,2025-06-03,STR001,PRD062,17,78,637,0,4,1,Yes,Medium,2025-10-01,No,50922.14,9748.48
TXN02654,2025-05-10,STR004,PRD017,15,23,81,133,4,1,Yes,High,2025-08-09,No,63167.1,8994.75
TXN02655,2025-03-21,STR004,PRD034,13,226,348,0,8,0,Yes,Medium,2025-07-21,No,40731.86,10654.54
TXN02656,2025-06-01,STR003,PRD039,18,114,221,0,8,1,Yes,Medium,2025-10-07,No,56476.26,18791.28
TXN02657,2025-06-04,STR002,PRD040,20,19,992,176,8,0,No,Medium,2026-04-10,No,39815.8,10182.8
TXN02658,2025-04-10,STR001,PRD053,13,187,508,0,4,1,Yes,High,2026-02-17,No,26552.5,3863.34
TXN02659,2025-01-17,STR004,PRD047,12,74,302,0,8,0,No,Low,2025-06-18,No,66106.44,13409.16
TXN02660,2025-05-06,STR003,PRD043,13,35,92,123,5,0,No,Low,2026-02-05,No,51203.49,8140.73
TXN02661,2025-06-18,STR002,PRD030,36,0,143,153,8,2,No,High,2026-05-02,Yes,161955.36,29684.16
TXN02662,2025-05-28,STR002,PRD037,16,163,594,0,6,0,No,High,2026-05-22,No,17867.36,4821.76
TXN02663,2025-02-21,STR004,PRD055,24,48,188,102,6,1,No,Low,2025-08-19,No,72825.12,10805.28
TXN02664,2025-06-10,STR002,PRD063,16,93,463,0,6,1,No,Medium,2025-08-21,No,40980.96,10756.96
TXN02665,2025-05-06,STR001,PRD031,14,111,156,0,5,0,No,High,2026-02-07,No,44444.68,14212.1
TXN02666,2025-06-06,STR004,PRD043,15,84,363,0,5,0,No,Medium,2025-08-03,No,59080.95,9393.15
TXN02667,2025-05-16,STR002,PRD011,10,202,92,0,8,1,Yes,Low,2025-11-19,No,22253.8,3433.9
TXN02668,2025-05-31,STR004,PRD013,14,177,971,0,4,0,Yes,High,2025-12-07,No,80542.42,23233.42
TXN02669,2025-01-13,STR001,PRD022,12,124,78,0,9,0,Yes,Medium,2025-08-28,No,59991.24,16808.52
TXN02670,2025-02-18,STR002,PRD057,15,75,600,0,4,0,Yes,High,2025-10-28,No,51022.35,13014.9
TXN02671,2025-05-11,STR002,PRD007,30,187,232,0,6,1,No,High,2025-07-02,No,105334.8,19498.2
TXN02672,2025-02-24,STR002,PRD042,15,10,240,137,4,0,Yes,High,2025-09-05,No,94485.3,27607.65
TXN02673,2025-01-19,STR003,PRD008,22,104,261,0,8,1,Yes,Low,2025-09-01,No,51429.84,16064.84
TXN02674,2025-02-22,STR003,PRD034,14,216,755,0,8,1,Yes,Medium,2025-03-26,No,43865.08,11474.12
TXN02675,2025-03-03,STR002,PRD032,29,16,896,119,4,0,Yes,Medium,2025-10-24,No,33776.3,5602.8
TXN02676,2025-01-12,STR003,PRD011,15,24,663,56,8,0,Yes,High,2025-06-23,No,33380.7,5150.85
TXN02677,2025-04-19,STR003,PRD016,10,164,634,0,4,0,No,Low,2026-04-18,No,56955.8,12339.6
TXN02678,2025-03-11,STR001,PRD024,17,87,756,0,6,1,Yes,Medium,2025-11-07,No,32349.3,7688.93
TXN02679,2025-04-07,STR004,PRD028,30,185,972,0,4,0,Yes,Medium,2025-09-13,No,158089.8,35578.2
TXN02680,2025-06-03,STR001,PRD001,29,131,759,0,3,0,No,Low,2026-02-17,No,111071.16,15217.17
TXN02681,2025-02-02,STR003,PRD025,28,0,167,183,4,0,Yes,Low,2025-11-09,Yes,190465.52,51844.24
TXN02682,2025-01-18,STR003,PRD010,12,34,385,157,9,0,Yes,High,2025-06-28,No,23615.16,4343.16
TXN02683,2025-06-24,STR002,PRD019,14,169,761,0,4,0,No,Medium,2026-04-24,No,23135.28,3617.6
TXN02684,2025-03-15,STR002,PRD025,26,193,633,0,4,0,No,Low,2025-06-14,No,176860.84,48141.08
TXN02685,2025-04-12,STR004,PRD016,10,200,956,0,4,0,Yes,Low,2026-02-20,No,56955.8,12339.6
TXN02686,2025-05-08,STR002,PRD031,27,5,86,152,5,1,No,Medium,2025-08-01,Yes,85714.74,27409.05
TXN02687,2025-01-29,STR004,PRD032,25,0,238,119,4,1,Yes,High,2025-04-03,Yes,29117.5,4830.0
TXN02688,2025-03-03,STR004,PRD042,17,94,680,0,4,0,No,Medium,2025-06-14,No,107083.34,31288.67
TXN02689,2025-04-24,STR004,PRD014,14,138,837,0,6,0,Yes,High,2026-02-05,No,18282.74,5869.22
TXN02690,2025-02-18,STR002,PRD063,14,182,265,0,6,0,No,Low,2026-01-05,No,35858.34,9412.34
TXN02691,2025-01-04,STR003,PRD001,30,57,930,0,3,0,No,Low,2025-08-01,No,114901.2,15741.9
TXN02692,2025-04-29,STR004,PRD042,17,34,107,184,4,0,No,Medium,2025-08-15,No,107083.34,31288.67
TXN02693,2025-03-16,STR004,PRD008,33,0,238,77,8,1,Yes,Medium,2025-11-25,Yes,77144.76,24097.26
TXN02694,2025-01-07,STR001,PRD025,33,0,666,82,4,0,No,High,2025-04-29,Yes,224477.22,61102.14
TXN02695,2025-02-06,STR001,PRD042,21,119,375,0,4,0,Yes,Low,2025-04-10,No,132279.42,38650.71
TXN02696,2025-04-15,STR004,PRD042,13,119,597,0,4,2,Yes,High,2025-08-09,No,81887.26,23926.63
TXN02697,2025-03-24,STR004,PRD013,19,75,89,0,4,0,Yes,Low,2025-08-20,No,109307.57,31531.07
TXN02698,2025-01-02,STR001,PRD052,17,80,53,0,3,1,Yes,Medium,2025-11-18,No,50978.07,16875.9
TXN02699,2025-01-31,STR001,PRD005,24,171,693,0,4,1,Yes,High,2025-12-06,No,42277.44,10415.04
TXN02700,2025-01-19,STR003,PRD015,22,0,893,186,9,0,No,High,2026-01-14,Yes,91719.1,28038.12
TXN02701,2025-04-09,STR001,PRD057,13,59,752,0,4,0,No,Medium,2025-09-07,No,44219.37,11279.58
TXN02702,2025-06-24,STR002,PRD057,12,113,677,0,4,0,No,Medium,2026-06-14,No,40817.88,10411.92
TXN02703,2025-04-27,STR001,PRD062,14,108,991,0,4,1,Yes,Medium,2026-02-25,No,41935.88,8028.16
TXN02704,2025-04-03,STR001,PRD055,14,43,343,56,6,2,Yes,Medium,2025-09-11,No,42481.32,6303.08
TXN02705,2025-02-11,STR003,PRD033,13,81,807,0,4,0,Yes,Medium,2025-08-13,No,47442.33,9242.74
TXN02706,2025-02-06,STR004,PRD004,18,99,470,0,4,0,Yes,Medium,2025-05-11,No,64274.76,8919.18
TXN02707,2025-06-10,STR003,PRD063,16,74,263,0,6,0,No,Medium,2026-02-08,No,40980.96,10756.96
TXN02708,2025-04-28,STR002,PRD064,15,172,513,0,5,0,No,Medium,2026-01-20,No,52998.6,7013.55
TXN02709,2025-04-04,STR003,PRD045,17,69,383,0,6,0,No,Low,2026-01-30,No,93264.21,18183.54
TXN02710,2025-02-22,STR002,PRD023,15,47,779,75,4,0,Yes,High,2025-07-01,No,57402.15,9958.35
TXN02711,2025-06-18,STR003,PRD057,21,179,683,0,4,2,No,Medium,2026-04-24,No,71431.29,18220.86
TXN02712,2025-04-15,STR003,PRD063,16,79,709,0,6,1,No,Low,2025-12-02,No,40980.96,10756.96
TXN02713,2025-02-06,STR003,PRD063,18,102,161,0,6,0,No,Medium,2026-01-21,No,46103.58,12101.58
TXN02714,2025-04-16,STR004,PRD014,18,0,272,71,6,0,No,High,2025-08-04,Yes,23506.38,7546.14
TXN02715,2025-06-18,STR002,PRD030,31,208,579,0,8,0,No,Low,2026-03-01,No,139461.56,25561.36
TXN02716,2025-01-07,STR004,PRD031,26,72,631,0,5,0,Yes,Medium,2025-11-21,No,82540.12,26393.9
TXN02717,2025-02-09,STR003,PRD033,12,152,461,0,4,2,Yes,Low,2025-10-07,No,43792.92,8531.76
TXN02718,2025-03-23,STR002,PRD005,37,25,938,0,4,0,Yes,Medium,2025-09-30,No,65177.72,16056.52
TXN02719,2025-06-06,STR003,PRD017,19,219,831,0,4,0,Yes,High,2025-08-24,No,80011.66,11393.35
TXN02720,2025-01-17,STR003,PRD028,17,0,992,22,4,0,Yes,Medium,2025-04-03,Yes,89584.22,20160.98
TXN02721,2025-03-22,STR002,PRD049,14,224,973,0,4,0,No,Low,2025-07-07,No,72793.84,18420.64
TXN02722,2025-02-24,STR003,PRD041,19,59,421,36,6,0,No,High,2025-11-09,No,9430.46,2705.22
TXN02723,2025-05-02,STR004,PRD043,19,67,770,0,5,0,Yes,Medium,2025-11-03,No,74835.87,11897.99
TXN02724,2025-01-26,STR002,PRD061,15,190,625,0,8,0,Yes,Low,2025-05-19,No,65579.25,15262.8
TXN02725,2025-04-17,STR002,PRD029,22,114,982,0,5,0,No,Low,2026-02-28,No,42055.64,13640.0
TXN02726,2025-05-22,STR004,PRD009,12,148,530,0,4,1,No,High,2025-10-26,No,68390.28,19342.08
TXN02727,2025-01-30,STR002,PRD015,11,158,200,0,9,1,No,Low,2025-03-21,No,45859.55,14019.06
TXN02728,2025-02-04,STR003,PRD034,29,196,440,0,8,0,No,Medium,2025-11-05,No,90863.38,23767.82
TXN02729,2025-02-13,STR003,PRD053,11,185,70,0,4,0,No,Medium,2026-01-08,No,22467.5,3268.98
TXN02730,2025-05-27,STR001,PRD010,16,30,965,134,9,1,Yes,Medium,2026-04-12,No,31486.88,5790.88
TXN02731,2025-03-30,STR001,PRD006,29,0,120,114,5,0,Yes,Low,2026-03-14,Yes,119328.33,34130.68
TXN02732,2025-03-18,STR003,PRD044,12,161,453,0,5,0,Yes,Low,2025-07-26,No,14412.36,1892.28
TXN02733,2025-06-12,STR004,PRD001,31,43,778,0,3,0,Yes,Medium,2026-05-16,No,118731.24,16266.63
TXN02734,2025-05-07,STR003,PRD021,13,0,962,179,6,0,No,Low,2025-12-09,Yes,32440.2,5922.15
TXN02735,2025-03-06,STR004,PRD017,18,31,336,151,4,0,Yes,Medium,2025-09-15,No,75800.52,10793.7
TXN02736,2025-02-12,STR004,PRD042,17,0,294,186,4,0,No,Medium,2025-10-29,Yes,107083.34,31288.67
TXN02737,2025-04-21,STR002,PRD025,30,0,817,89,4,0,No,High,2025-07-01,Yes,204070.2,55547.4
TXN02738,2025-03-27,STR002,PRD013,14,127,82,0,4,0,Yes,High,2025-05-01,No,80542.42,23233.42
TXN02739,2025-05-27,STR002,PRD038,16,0,439,97,3,0,Yes,Medium,2026-01-06,Yes,76051.84,20079.68
TXN02740,2025-04-10,STR004,PRD006,20,157,738,0,5,2,No,High,2025-11-18,No,82295.4,23538.4
TXN02741,2025-03-27,STR003,PRD058,20,73,872,0,8,2,No,Medium,2025-10-18,No,75746.2,20144.8
TXN02742,2025-02-03,STR003,PRD051,10,231,404,0,8,0,No,High,2025-06-11,No,21094.9,2859.6
TXN02743,2025-05-06,STR002,PRD029,28,40,985,41,5,0,No,High,2025-07-18,No,53525.36,17360.0
TXN02744,2025-06-20,STR002,PRD013,14,219,376,0,4,0,Yes,Low,2025-09-23,No,80542.42,23233.42
TXN02745,2025-01-28,STR002,PRD044,15,47,231,39,5,3,No,Low,2025-05-16,No,18015.45,2365.35
TXN02746,2025-05-27,STR001,PRD019,11,194,292,0,4,0,Yes,Low,2025-06-30,No,18177.72,2842.4
TXN02747,2025-01-04,STR004,PRD011,19,169,876,0,8,0,No,High,2025-03-11,No,42282.22,6524.41
TXN02748,2025-02-09,STR004,PRD052,21,128,691,0,3,0,No,High,2025-08-27,No,62972.91,20846.7
TXN02749,2025-06-20,STR004,PRD044,13,14,174,176,5,0,Yes,High,2025-09-29,No,15613.39,2049.97
TXN02750,2025-02-21,STR003,PRD052,12,223,813,0,3,0,Yes,Low,2025-05-08,No,35984.52,11912.4
TXN02751,2025-01-24,STR002,PRD051,13,0,860,130,8,0,Yes,Low,2025-03-20,Yes,27423.37,3717.48
TXN02752,2025-01-21,STR004,PRD045,15,84,378,0,6,0,Yes,Medium,2025-06-01,No,82291.95,16044.3
TXN02753,2025-05-07,STR004,PRD062,20,134,773,0,4,1,Yes,Medium,2025-10-31,No,59908.4,11468.8
TXN02754,2025-06-23,STR003,PRD042,20,131,935,0,4,0,Yes,Medium,2025-10-25,No,125980.4,36810.2
TXN02755,2025-05-10,STR004,PRD052,14,0,230,40,3,0,Yes,Medium,2025-08-21,Yes,41981.94,13897.8
TXN02756,2025-05-19,STR003,PRD050,10,137,243,0,6,1,Yes,High,2025-07-26,No,68209.2,21854.8
TXN02757,2025-02-18,STR004,PRD042,15,32,824,102,4,2,Yes,Low,2025-10-08,No,94485.3,27607.65
TXN02758,2025-06-12,STR004,PRD055,21,193,656,0,6,1,No,High,2026-02-08,No,63721.98,9454.62
TXN02759,2025-05-10,STR002,PRD033,16,147,342,0,4,1,Yes,Medium,2025-10-15,No,58390.56,11375.68
TXN02760,2025-03-30,STR004,PRD012,14,174,296,0,5,0,Yes,High,2025-09-04,No,35343.14,7522.34
TXN02761,2025-03-14,STR001,PRD022,19,174,215,0,9,0,Yes,Low,2025-05-15,No,94986.13,26613.49
TXN02762,2025-05-07,STR002,PRD053,4,84,974,0,4,1,Yes,High,2026-01-12,No,8170.0,1188.72
TXN02763,2025-01-21,STR001,PRD009,14,158,832,0,4,2,No,Low,2025-04-06,No,79788.66,22565.76
TXN02764,2025-03-23,STR001,PRD051,11,139,839,0,8,0,No,High,2026-02-26,No,23204.39,3145.56
TXN02765,2025-06-23,STR001,PRD015,15,230,117,0,9,0,No,High,2026-01-02,No,62535.75,19116.9
TXN02766,2025-04-26,STR004,PRD007,26,164,880,0,6,2,No,Medium,2026-02-05,No,91290.16,16898.44
TXN02767,2025-03-18,STR004,PRD030,43,37,812,159,8,0,Yes,Low,2026-02-11,No,193446.68,35456.08
TXN02768,2025-02-13,STR001,PRD062,22,0,411,196,4,0,No,Medium,2025-11-06,Yes,65899.24,12615.68
TXN02769,2025-03-25,STR001,PRD055,20,216,865,0,6,1,No,Medium,2025-12-17,No,60687.6,9004.4
TXN02770,2025-04-26,STR004,PRD018,5,34,805,56,9,0,No,Medium,2025-06-07,No,29398.9,9731.8
TXN02771,2025-02-05,STR002,PRD025,29,68,941,0,4,0,Yes,Medium,2025-09-10,No,197267.86,53695.82
TXN02772,2025-01-04,STR002,PRD033,7,104,860,0,4,0,Yes,Low,2025-12-03,No,25545.87,4976.86
TXN02773,2025-02-17,STR001,PRD057,17,38,147,0,4,0,Yes,Medium,2025-11-15,No,57825.33,14750.22
TXN02774,2025-02-08,STR002,PRD010,7,62,252,106,9,0,Yes,Medium,2025-09-26,No,13775.51,2533.51
TXN02775,2025-02-10,STR001,PRD037,12,65,334,160,6,1,Yes,Low,2025-11-16,No,13400.52,3616.32
TXN02776,2025-06-05,STR004,PRD048,13,172,561,0,8,0,No,Medium,2025-09-24,No,42586.96,7668.7
TXN02777,2025-05-05,STR003,PRD041,17,231,731,0,6,0,Yes,Medium,2025-07-28,No,8437.78,2420.46
TXN02778,2025-01-18,STR002,PRD054,20,223,381,0,6,0,No,High,2025-07-15,No,69866.8,10535.2
TXN02779,2025-02-06,STR004,PRD046,14,46,581,0,6,1,No,Low,2025-10-07,No,72142.7,17805.62
TXN02780,2025-05-06,STR003,PRD029,22,222,365,0,5,1,Yes,Medium,2026-04-23,No,42055.64,13640.0
TXN02781,2025-03-21,STR001,PRD020,22,153,683,0,5,0,No,High,2025-06-21,No,77118.8,23636.14
TXN02782,2025-06-03,STR003,PRD032,28,107,338,0,4,1,No,High,2026-01-10,No,32611.6,5409.6
TXN02783,2025-06-26,STR003,PRD015,21,200,181,0,9,0,No,High,2026-03-25,No,87550.05,26763.66
TXN02784,2025-01-17,STR003,PRD030,12,102,428,0,8,0,No,Low,2025-06-03,No,53985.12,9894.72
TXN02785,2025-03-25,STR002,PRD016,21,155,289,0,4,0,No,High,2025-12-23,No,119607.18,25913.16
TXN02786,2025-03-13,STR004,PRD051,18,124,398,0,8,0,No,High,2025-07-20,No,37970.82,5147.28
TXN02787,2025-02-02,STR004,PRD018,9,238,379,0,9,1,Yes,High,2026-01-01,No,52918.02,17517.24
TXN02788,2025-06-06,STR003,PRD009,18,42,882,0,4,0,Yes,Medium,2026-04-20,No,102585.42,29013.12
TXN02789,2025-05-01,STR003,PRD040,15,212,69,0,8,0,No,High,2025-07-18,No,29861.85,7637.1
TXN02790,2025-04-09,STR001,PRD045,17,175,201,0,6,1,No,Low,2026-02-03,No,93264.21,18183.54
TXN02791,2025-05-06,STR001,PRD003,42,112,972,0,4,1,No,Low,2026-01-21,No,213754.38,67573.8
TXN02792,2025-04-10,STR003,PRD062,11,188,247,0,4,0,No,High,2025-07-22,No,32949.62,6307.84
TXN02793,2025-04-04,STR004,PRD033,18,199,846,0,4,0,Yes,Medium,2025-09-07,No,65689.38,12797.64
TXN02794,2025-02-27,STR001,PRD026,45,0,414,103,9,0,No,High,2025-06-11,Yes,75744.9,15796.35
TXN02795,2025-03-11,STR004,PRD058,13,231,377,0,8,0,No,Medium,2026-02-13,No,49235.03,13094.12
TXN02796,2025-05-18,STR003,PRD046,16,35,893,0,6,1,Yes,High,2026-04-22,No,82448.8,20349.28
TXN02797,2025-01-31,STR001,PRD040,11,64,803,35,8,0,Yes,High,2025-11-15,No,21898.69,5600.54
TXN02798,2025-03-14,STR002,PRD006,25,177,435,0,5,1,No,High,2025-04-18,No,102869.25,29423.0
TXN02799,2025-03-18,STR003,PRD010,17,49,197,72,9,0,No,Low,2025-05-01,No,33454.81,6152.81
TXN02800,2025-06-16,STR002,PRD022,15,149,830,0,9,0,No,Low,2026-01-20,No,74989.05,21010.65
TXN02801,2025-04-30,STR004,PRD002,19,95,690,0,4,0,No,High,2025-08-18,No,33050.5,5481.69
TXN02802,2025-06-02,STR001,PRD036,16,97,826,0,9,0,No,Low,2025-11-19,No,59285.92,17373.6
TXN02803,2025-04-27,STR004,PRD046,21,49,252,0,6,0,No,Medium,2025-08-18,No,108214.05,26708.43
TXN02804,2025-05-31,STR001,PRD019,20,12,67,102,4,0,Yes,Low,2025-12-14,No,33050.4,5168.0
TXN02805,2025-05-22,STR001,PRD033,14,108,427,0,4,1,Yes,Medium,2025-12-30,No,51091.74,9953.72
TXN02806,2025-05-21,STR002,PRD027,17,143,494,0,4,0,No,Medium,2025-09-19,No,82547.07,15444.67
TXN02807,2025-03-25,STR004,PRD024,11,145,906,0,6,0,Yes,High,2025-09-15,No,20931.9,4975.19
TXN02808,2025-03-24,STR001,PRD058,13,131,824,0,8,0,Yes,High,2025-05-21,No,49235.03,13094.12
TXN02809,2025-02-03,STR004,PRD051,14,113,115,0,8,0,Yes,Low,2025-05-21,No,29532.86,4003.44
TXN02810,2025-01-27,STR002,PRD013,14,119,217,0,4,1,Yes,Low,2025-08-29,No,80542.42,23233.42
TXN02811,2025-04-02,STR001,PRD022,6,80,133,0,9,1,No,Medium,2025-06-06,No,29995.62,8404.26
TXN02812,2025-05-07,STR003,PRD055,13,89,608,0,6,0,Yes,High,2026-01-05,No,39446.94,5852.86
TXN02813,2025-06-14,STR001,PRD012,24,178,455,0,5,0,Yes,High,2025-08-28,No,60588.24,12895.44
TXN02814,2025-02-23,STR003,PRD049,19,95,212,0,4,1,Yes,Medium,2025-07-19,No,98791.64,24999.44
TXN02815,2025-03-03,STR003,PRD035,20,0,749,185,5,1,Yes,Low,2026-02-25,Yes,39901.4,13285.2
TXN02816,2025-06-28,STR003,PRD050,22,35,93,142,6,0,Yes,Low,2025-11-24,No,150060.24,48080.56
TXN02817,2025-02-09,STR003,PRD014,19,225,941,0,6,1,Yes,High,2025-08-21,No,24812.29,7965.37
TXN02818,2025-03-24,STR004,PRD005,31,162,699,0,4,0,No,Low,2026-01-09,No,54608.36,13452.76
TXN02819,2025-03-16,STR004,PRD022,14,112,74,0,9,0,No,High,2025-05-19,No,69989.78,19609.94
TXN02820,2025-01-11,STR002,PRD030,36,114,86,0,8,1,Yes,Low,2025-12-05,No,161955.36,29684.16
TXN02821,2025-05-06,STR003,PRD029,20,69,132,199,5,0,No,High,2025-08-28,No,38232.4,12400.0
TXN02822,2025-04-12,STR002,PRD043,15,39,599,58,5,0,Yes,High,2026-03-26,No,59080.95,9393.15
TXN02823,2025-03-14,STR003,PRD021,12,56,619,0,6,1,No,High,2025-10-28,No,29944.8,5466.6
TXN02824,2025-02-10,STR004,PRD013,14,199,256,0,4,0,No,Medium,2025-06-20,No,80542.42,23233.42
TXN02825,2025-03-25,STR002,PRD048,15,214,316,0,8,1,No,Low,2026-03-23,No,49138.8,8848.5
TXN02826,2025-03-15,STR002,PRD029,27,0,667,134,5,0,No,Low,2025-07-17,Yes,51613.74,16740.0
TXN02827,2025-01-29,STR002,PRD034,19,0,873,119,8,0,Yes,High,2025-06-13,Yes,59531.18,15572.02
TXN02828,2025-02-21,STR003,PRD022,21,173,633,0,9,1,No,High,2025-07-10,No,104984.67,29414.91
TXN02829,2025-06-01,STR002,PRD010,22,187,360,0,9,1,No,Medium,2025-07-28,No,43294.46,7962.46
TXN02830,2025-06-15,STR004,PRD001,39,19,961,165,3,0,No,Low,2026-04-02,No,149371.56,20464.47
TXN02831,2025-01-07,STR003,PRD057,23,56,62,0,4,0,Yes,Low,2025-07-26,No,78234.27,19956.18
TXN02832,2025-02-22,STR002,PRD043,16,111,787,0,5,1,No,High,2025-09-07,No,63019.68,10019.36
TXN02833,2025-04-28,STR001,PRD030,38,116,821,0,8,0,Yes,Medium,2026-01-28,No,170952.88,31333.28
TXN02834,2025-05-24,STR001,PRD057,14,138,342,0,4,0,Yes,Low,2026-05-04,No,47620.86,12147.24
TXN02835,2025-01-28,STR002,PRD032,24,194,81,0,4,1,Yes,Low,2025-07-17,No,27952.8,4636.8
TXN02836,2025-01-01,STR001,PRD062,19,58,505,0,4,0,No,High,2025-11-17,No,56912.98,10895.36
TXN02837,2025-02-10,STR001,PRD002,25,0,270,114,4,1,Yes,Medium,2025-09-18,Yes,43487.5,7212.75
TXN02838,2025-01-20,STR003,PRD030,34,72,719,0,8,0,Yes,Medium,2025-03-08,No,152957.84,28035.04
TXN02839,2025-01-31,STR002,PRD044,12,65,319,56,5,0,No,Low,2025-05-02,No,14412.36,1892.28
TXN02840,2025-06-12,STR002,PRD028,12,213,537,0,4,1,Yes,Low,2025-09-07,No,63235.92,14231.28
TXN02841,2025-01-23,STR002,PRD011,7,178,290,0,8,0,No,High,2025-12-04,No,15577.66,2403.73
TXN02842,2025-03-11,STR003,PRD011,17,52,73,0,8,0,No,Low,2025-06-27,No,37831.46,5837.63
TXN02843,2025-02-25,STR001,PRD024,15,1,744,121,6,1,No,Low,2025-04-15,Yes,28543.5,6784.35
TXN02844,2025-05-08,STR001,PRD031,31,181,526,0,5,0,No,Low,2025-06-13,No,98413.22,31469.65
TXN02845,2025-05-28,STR002,PRD018,15,214,95,0,9,1,Yes,Medium,2025-11-18,No,88196.7,29195.4
TXN02846,2025-05-03,STR003,PRD026,19,186,323,0,9,0,Yes,High,2025-10-19,No,31981.18,6669.57
TXN02847,2025-02-18,STR001,PRD032,36,140,508,0,4,0,Yes,High,2025-04-11,No,41929.2,6955.2
TXN02848,2025-05-25,STR002,PRD056,10,203,927,0,9,1,No,High,2026-03-01,No,33476.9,5439.7
TXN02849,2025-03-01,STR002,PRD049,12,171,918,0,4,0,Yes,Medium,2025-10-03,No,62394.72,15789.12
TXN02850,2025-01-23,STR001,PRD058,13,140,426,0,8,0,No,Medium,2025-11-27,No,49235.03,13094.12
TXN02851,2025-02-11,STR003,PRD034,13,82,724,0,8,0,No,High,2025-12-20,No,40731.86,10654.54
TXN02852,2025-05-19,STR003,PRD055,14,23,802,102,6,0,No,Medium,2025-09-15,No,42481.32,6303.08
TXN02853,2025-05-29,STR002,PRD054,8,94,431,0,6,1,No,Medium,2025-11-24,No,27946.72,4214.08
TXN02854,2025-02-07,STR001,PRD057,16,192,738,0,4,1,No,High,2025-12-11,No,54423.84,13882.56
TXN02855,2025-04-15,STR003,PRD064,30,62,138,130,5,0,No,Low,2025-11-01,No,105997.2,14027.1
TXN02856,2025-04-02,STR002,PRD055,16,149,527,0,6,0,No,High,2025-07-25,No,48550.08,7203.52
TXN02857,2025-01-11,STR001,PRD052,13,74,568,0,3,1,Yes,High,2025-08-03,No,38983.23,12905.1
TXN02858,2025-05-19,STR002,PRD018,13,148,901,0,9,1,Yes,High,2025-08-28,No,76437.14,25302.68
TXN02859,2025-02-22,STR002,PRD011,8,203,759,0,8,0,No,Low,2025-10-24,No,17803.04,2747.12
TXN02860,2025-01-29,STR003,PRD012,15,113,607,0,5,0,Yes,High,2025-04-22,No,37867.65,8059.65
TXN02861,2025-05-28,STR001,PRD011,9,0,613,85,8,0,Yes,High,2025-10-21,Yes,20028.42,3090.51
TXN02862,2025-06-25,STR003,PRD058,13,168,856,0,8,0,No,Medium,2025-09-22,No,49235.03,13094.12
TXN02863,2025-03-25,STR004,PRD036,15,172,906,0,9,0,No,High,2025-11-12,No,55580.55,16287.75
TXN02864,2025-05-14,STR002,PRD063,14,154,889,0,6,0,No,Low,2026-04-04,No,35858.34,9412.34
TXN02865,2025-03-31,STR004,PRD058,15,176,467,0,8,0,Yes,Low,2026-03-23,No,56809.65,15108.6
TXN02866,2025-06-14,STR004,PRD057,7,109,209,0,4,0,Yes,High,2025-07-14,No,23810.43,6073.62
TXN02867,2025-05-10,STR004,PRD026,21,105,197,0,9,1,Yes,High,2025-11-12,No,35347.62,7371.63
TXN02868,2025-03-03,STR002,PRD026,30,47,604,73,9,0,Yes,Low,2025-04-14,No,50496.6,10530.9
TXN02869,2025-01-05,STR004,PRD043,10,0,173,95,5,1,Yes,Low,2025-03-12,Yes,39387.3,6262.1
TXN02870,2025-01-18,STR002,PRD036,12,52,171,135,9,1,No,Medium,2025-09-11,No,44464.44,13030.2
TXN02871,2025-01-03,STR002,PRD043,16,162,661,0,5,0,No,Medium,2025-08-19,No,63019.68,10019.36
TXN02872,2025-04-06,STR004,PRD028,29,48,488,0,4,2,No,High,2026-03-16,No,152820.14,34392.26
TXN02873,2025-06-01,STR002,PRD032,17,156,553,0,4,0,Yes,Medium,2025-12-11,No,19799.9,3284.4
TXN02874,2025-03-31,STR003,PRD008,23,42,534,199,8,1,No,High,2025-06-19,No,53767.56,16795.06
TXN02875,2025-04-19,STR004,PRD019,16,160,651,0,4,1,No,High,2026-01-25,No,26440.32,4134.4
TXN02876,2025-01-07,STR004,PRD034,13,84,89,0,8,1,No,Low,2025-10-07,No,40731.86,10654.54
TXN02877,2025-03-06,STR004,PRD060,18,121,144,0,4,0,Yes,Low,2026-02-22,No,28225.8,5808.42
TXN02878,2025-01-25,STR001,PRD012,19,97,438,0,5,0,No,Low,2025-12-30,No,47965.69,10208.89
TXN02879,2025-05-01,STR002,PRD015,11,0,367,102,9,0,No,Low,2026-04-10,Yes,45859.55,14019.06
TXN02880,2025-04-16,STR004,PRD004,26,0,181,195,4,0,Yes,High,2025-12-29,Yes,92841.32,12883.26
TXN02881,2025-01-18,STR004,PRD023,18,110,235,0,4,1,No,Medium,2025-12-03,No,68882.58,11950.02
TXN02882,2025-04-10,STR001,PRD029,35,132,791,0,5,1,Yes,Medium,2026-03-05,No,66906.7,21700.0
TXN02883,2025-01-31,STR002,PRD031,39,86,228,0,5,0,No,Medium,2025-05-24,No,123810.18,39590.85
TXN02884,2025-01-11,STR002,PRD049,16,58,389,173,4,1,No,Low,2025-04-30,No,83192.96,21052.16
TXN02885,2025-01-20,STR003,PRD031,29,94,547,0,5,0,Yes,Low,2025-09-05,No,92063.98,29439.35
TXN02886,2025-06-17,STR001,PRD010,13,218,230,0,9,1,No,Low,2025-12-18,No,25583.09,4705.09
TXN02887,2025-02-16,STR004,PRD036,17,40,936,107,9,1,No,Low,2025-10-31,No,62991.29,18459.45
TXN02888,2025-06-29,STR003,PRD051,10,232,983,0,8,0,Yes,Low,2025-10-21,No,21094.9,2859.6
TXN02889,2025-02-05,STR002,PRD059,24,9,626,174,4,1,Yes,Medium,2025-11-16,No,158380.08,46398.72
TXN02890,2025-04-04,STR004,PRD034,12,191,765,0,8,0,No,Low,2026-01-27,No,37598.64,9834.96
TXN02891,2025-06-27,STR004,PRD027,27,135,606,0,4,2,Yes,Medium,2026-03-26,No,131104.17,24529.77
TXN02892,2025-01-09,STR004,PRD032,29,82,620,0,4,0,No,Low,2025-03-13,No,33776.3,5602.8
TXN02893,2025-01-23,STR002,PRD030,28,196,730,0,8,2,No,Medium,2025-09-15,No,125965.28,23087.68
TXN02894,2025-05-10,STR004,PRD045,18,217,299,0,6,2,Yes,Low,2025-06-21,No,98750.34,19253.16
TXN02895,2025-02-11,STR001,PRD015,20,2,241,166,9,0,Yes,Medium,2025-12-17,Yes,83381.0,25489.2
TXN02896,2025-04-06,STR003,PRD049,10,132,319,0,4,0,No,Low,2025-08-08,No,51995.6,13157.6
TXN02897,2025-05-30,STR004,PRD028,39,0,90,163,4,0,Yes,Low,2025-09-12,Yes,205516.74,46251.66
TXN02898,2025-03-18,STR003,PRD033,13,21,450,199,4,1,Yes,Medium,2025-05-17,No,47442.33,9242.74
TXN02899,2025-05-11,STR002,PRD043,21,180,62,0,5,0,Yes,High,2025-10-24,No,82713.33,13150.41
TXN02900,2025-05-30,STR002,PRD045,12,123,59,0,6,0,No,Low,2025-12-09,No,65833.56,12835.44
TXN02901,2025-03-04,STR002,PRD037,18,202,541,0,6,1,Yes,Low,2025-12-02,No,20100.78,5424.48
TXN02902,2025-05-03,STR002,PRD043,12,110,269,0,5,0,Yes,Low,2025-12-17,No,47264.76,7514.52
TXN02903,2025-05-22,STR004,PRD043,18,144,692,0,5,1,Yes,Low,2025-08-25,No,70897.14,11271.78
TXN02904,2025-05-11,STR003,PRD053,17,20,539,37,4,0,Yes,High,2025-09-02,No,34722.5,5052.06
TXN02905,2025-03-05,STR001,PRD008,45,147,473,0,8,1,No,Low,2025-08-16,No,105197.4,32859.9
TXN02906,2025-04-15,STR004,PRD022,13,2,93,130,9,1,No,Medium,2025-05-29,Yes,64990.51,18209.23
TXN02907,2025-02-19,STR003,PRD055,16,155,793,0,6,1,No,Medium,2025-11-06,No,48550.08,7203.52
TXN02908,2025-06-05,STR001,PRD015,13,201,937,0,9,1,Yes,High,2025-09-08,No,54197.65,16567.98
TXN02909,2025-05-03,STR001,PRD058,16,141,859,0,8,0,No,High,2026-04-23,No,60596.96,16115.84
TXN02910,2025-02-10,STR002,PRD053,16,45,583,173,4,0,No,Medium,2025-04-19,No,32680.0,4754.88
TXN02911,2025-04-21,STR002,PRD040,12,141,81,0,8,0,No,Low,2026-03-04,No,23889.48,6109.68
TXN02912,2025-01-22,STR004,PRD008,29,168,706,0,8,0,Yes,Medium,2025-07-13,No,67793.88,21176.38
TXN02913,2025-04-11,STR003,PRD020,11,60,525,0,5,1,No,Medium,2026-02-09,No,38559.4,11818.07
TXN02914,2025-06-04,STR001,PRD060,17,66,991,0,4,2,No,Medium,2026-03-22,No,26657.7,5485.73
TXN02915,2025-05-05,STR001,PRD004,30,163,942,0,4,1,Yes,Medium,2025-11-23,No,107124.6,14865.3
TXN02916,2025-01-24,STR004,PRD048,16,161,551,0,8,0,No,High,2025-11-14,No,52414.72,9438.4
TXN02917,2025-06-07,STR004,PRD027,37,0,694,84,4,0,No,Medium,2025-12-01,Yes,179661.27,33614.87
TXN02918,2025-06-02,STR003,PRD010,15,116,283,0,9,1,No,Medium,2025-11-01,No,29518.95,5428.95
TXN02919,2025-05-25,STR003,PRD028,22,67,363,0,4,0,Yes,Medium,2026-03-16,No,115932.52,26090.68
TXN02920,2025-06-23,STR002,PRD052,12,93,335,0,3,0,No,High,2026-02-25,No,35984.52,11912.4
TXN02921,2025-06-21,STR003,PRD043,16,152,242,0,5,0,Yes,High,2025-12-19,No,63019.68,10019.36
TXN02922,2025-02-18,STR002,PRD020,19,156,752,0,5,0,No,High,2025-12-22,No,66602.6,20413.03
TXN02923,2025-05-22,STR004,PRD063,19,63,259,0,6,0,No,High,2026-03-14,No,48664.89,12773.89
TXN02924,2025-02-14,STR002,PRD018,11,19,703,94,9,0,Yes,Low,2026-01-16,No,64677.58,21409.96
TXN02925,2025-06-12,STR004,PRD001,22,24,879,185,3,1,No,Medium,2025-11-14,No,84260.88,11544.06
TXN02926,2025-04-11,STR003,PRD047,19,104,784,0,8,0,No,High,2026-01-01,No,104668.53,21231.17
TXN02927,2025-05-18,STR002,PRD040,20,67,310,57,8,0,Yes,Medium,2025-08-19,No,39815.8,10182.8
TXN02928,2025-04-07,STR002,PRD020,15,193,613,0,5,0,No,Low,2025-06-10,No,52581.0,16115.55
TXN02929,2025-02-18,STR004,PRD032,25,212,556,0,4,0,No,High,2026-01-12,No,29117.5,4830.0
TXN02930,2025-03-12,STR001,PRD027,37,108,480,0,4,1,Yes,Medium,2025-05-07,No,179661.27,33614.87
TXN02931,2025-04-20,STR003,PRD002,34,91,659,0,4,0,Yes,Medium,2025-12-29,No,59143.0,9809.34
TXN02932,2025-04-10,STR003,PRD042,19,61,193,50,4,1,Yes,Low,2025-11-11,No,119681.38,34969.69
TXN02933,2025-01-14,STR003,PRD063,12,0,334,37,6,0,Yes,High,2025-11-14,Yes,30735.72,8067.72
TXN02934,2025-03-10,STR003,PRD009,11,21,997,44,4,1,No,Low,2025-04-29,No,62691.09,17730.24
TXN02935,2025-06-19,STR004,PRD015,17,128,111,0,9,1,Yes,Low,2026-01-07,No,70873.85,21665.82
TXN02936,2025-06-09,STR002,PRD059,16,168,333,0,4,1,No,Medium,2025-11-09,No,105586.72,30932.48
TXN02937,2025-03-01,STR002,PRD050,14,42,668,178,6,0,No,High,2025-09-28,No,95492.88,30596.72
TXN02938,2025-03-02,STR002,PRD001,21,0,648,161,3,0,No,Low,2025-06-27,Yes,80430.84,11019.33
TXN02939,2025-04-09,STR002,PRD036,13,39,681,158,9,0,Yes,Low,2025-06-24,No,48169.81,14116.05
TXN02940,2025-05-27,STR001,PRD036,7,182,678,0,9,0,No,Medium,2025-08-28,No,25937.59,7600.95
TXN02941,2025-01-25,STR001,PRD034,14,49,915,0,8,0,No,Low,2025-06-27,No,43865.08,11474.12
TXN02942,2025-04-28,STR004,PRD057,10,146,219,0,4,0,Yes,Low,2025-10-18,No,34014.9,8676.6
TXN02943,2025-01-28,STR001,PRD034,23,0,737,81,8,1,No,Medium,2025-12-20,Yes,72064.06,18850.34
TXN02944,2025-06-03,STR002,PRD034,12,205,445,0,8,0,No,Low,2025-10-29,No,37598.64,9834.96
TXN02945,2025-01-26,STR002,PRD004,23,81,779,0,4,0,No,Medium,2025-05-12,No,82128.86,11396.73
TXN02946,2025-04-09,STR004,PRD019,18,199,679,0,4,0,No,Low,2026-02-10,No,29745.36,4651.2
TXN02947,2025-03-11,STR001,PRD035,17,35,553,192,5,0,No,High,2025-10-02,No,33916.19,11292.42
TXN02948,2025-03-24,STR001,PRD050,20,0,569,147,6,0,No,Medium,2026-02-27,Yes,136418.4,43709.6
TXN02949,2025-02-22,STR003,PRD014,22,73,197,0,6,1,Yes,High,2025-10-03,No,28730.02,9223.06
TXN02950,2025-02-13,STR001,PRD033,15,186,463,0,4,0,Yes,Low,2025-08-22,No,54741.15,10664.7
TXN02951,2025-04-01,STR001,PRD043,13,90,330,0,5,0,Yes,High,2025-09-26,No,51203.49,8140.73
TXN02952,2025-03-01,STR004,PRD014,9,88,664,0,6,1,No,Low,2026-01-13,No,11753.19,3773.07
TXN02953,2025-03-04,STR002,PRD026,34,144,116,0,9,1,No,High,2025-04-14,No,57229.48,11935.02
TXN02954,2025-04-10,STR001,PRD025,43,45,440,112,4,0,Yes,Medium,2025-12-19,No,292500.62,79617.94
TXN02955,2025-04-25,STR002,PRD041,19,213,484,0,6,0,Yes,Medium,2025-10-02,No,9430.46,2705.22
TXN02956,2025-03-31,STR001,PRD003,30,38,425,0,4,0,No,Medium,2025-07-19,No,152681.7,48267.0
TXN02957,2025-02-13,STR003,PRD025,19,199,649,0,4,0,Yes,Low,2025-09-26,No,129244.46,35180.02
TXN02958,2025-04-04,STR003,PRD039,17,0,142,78,8,0,Yes,Low,2026-03-15,Yes,53338.69,17747.32
TXN02959,2025-06-28,STR004,PRD042,22,119,101,0,4,1,No,Low,2026-04-22,No,138578.44,40491.22
TXN02960,2025-03-07,STR002,PRD013,14,101,202,0,4,0,No,Low,2025-11-15,No,80542.42,23233.42
TXN02961,2025-03-13,STR003,PRD007,19,39,369,124,6,0,Yes,High,2025-05-16,No,66712.04,12348.86
TXN02962,2025-03-01,STR002,PRD056,12,211,144,0,9,0,Yes,High,2026-03-01,No,40172.28,6527.64
TXN02963,2025-02-15,STR003,PRD063,13,60,611,0,6,0,No,Medium,2025-06-10,No,33297.03,8740.03
TXN02964,2025-03-02,STR002,PRD034,17,0,667,70,8,1,Yes,Low,2025-05-22,Yes,53264.74,13932.86
TXN02965,2025-03-10,STR002,PRD017,16,193,851,0,4,0,Yes,High,2025-06-11,No,67378.24,9594.4
TXN02966,2025-04-29,STR004,PRD041,12,129,829,0,6,1,No,High,2025-08-28,No,5956.08,1708.56
TXN02967,2025-02-09,STR002,PRD029,32,206,241,0,5,0,Yes,Low,2025-08-24,No,61171.84,19840.0
TXN02968,2025-02-13,STR001,PRD020,16,180,328,0,5,0,Yes,High,2025-11-28,No,56086.4,17189.92
TXN02969,2025-01-15,STR002,PRD051,21,79,188,0,8,1,Yes,Low,2025-10-12,No,44299.29,6005.16
TXN02970,2025-02-09,STR001,PRD053,19,197,185,0,4,0,Yes,High,2025-09-15,No,38807.5,5646.42
TXN02971,2025-05-27,STR003,PRD033,17,183,335,0,4,1,No,Low,2026-02-13,No,62039.97,12086.66
TXN02972,2025-02-14,STR004,PRD016,18,163,162,0,4,1,Yes,Low,2026-02-06,No,102520.44,22211.28
TXN02973,2025-06-05,STR001,PRD052,9,184,93,0,3,0,Yes,Medium,2025-09-12,No,26988.39,8934.3
TXN02974,2025-01-01,STR004,PRD047,14,59,591,137,8,0,No,High,2025-08-21,No,77124.18,15644.02
TXN02975,2025-05-21,STR002,PRD017,20,118,793,0,4,1,No,High,2026-02-13,No,84222.8,11993.0
TXN02976,2025-06-15,STR002,PRD006,41,49,641,175,5,0,No,Medium,2026-04-09,No,168705.57,48253.72
TXN02977,2025-04-15,STR003,PRD057,14,28,928,148,4,1,No,Low,2025-06-02,No,47620.86,12147.24
TXN02978,2025-02-22,STR004,PRD043,12,6,426,173,5,1,No,Low,2026-01-27,No,47264.76,7514.52
TXN02979,2025-04-16,STR002,PRD017,11,86,434,0,4,0,No,Medium,2025-05-28,No,46322.54,6596.15
TXN02980,2025-03-22,STR001,PRD062,15,109,253,0,4,0,Yes,Low,2025-11-29,No,44931.3,8601.6
TXN02981,2025-06-13,STR001,PRD037,18,174,200,0,6,0,No,High,2025-09-22,No,20100.78,5424.48
TXN02982,2025-06-16,STR003,PRD029,33,68,195,82,5,1,Yes,Low,2026-02-25,No,63083.46,20460.0
TXN02983,2025-03-06,STR001,PRD025,33,69,527,0,4,0,No,Medium,2025-07-18,No,224477.22,61102.14
TXN02984,2025-04-29,STR002,PRD003,24,82,102,0,4,0,Yes,Low,2026-04-21,No,122145.36,38613.6
TXN02985,2025-01-26,STR004,PRD062,15,60,433,0,4,1,Yes,Medium,2025-10-21,No,44931.3,8601.6
TXN02986,2025-04-09,STR002,PRD028,42,181,493,0,4,0,Yes,High,2025-10-06,No,221325.72,49809.48
TXN02987,2025-04-01,STR004,PRD027,35,106,538,0,4,0,Yes,Medium,2025-06-04,No,169949.85,31797.85
TXN02988,2025-04-01,STR002,PRD051,21,63,367,69,8,0,Yes,Low,2025-06-21,No,44299.29,6005.16
TXN02989,2025-02-07,STR001,PRD026,37,32,75,35,9,0,Yes,High,2025-11-30,No,62279.14,12988.11
TXN02990,2025-04-06,STR001,PRD017,7,0,463,134,4,0,No,High,2025-12-27,Yes,29477.98,4197.55
TXN02991,2025-03-30,STR003,PRD059,18,141,384,0,4,1,No,Medium,2025-05-25,No,118785.06,34799.04
TXN02992,2025-05-13,STR001,PRD040,11,138,176,0,8,0,No,Medium,2026-01-19,No,21898.69,5600.54
TXN02993,2025-05-12,STR001,PRD004,19,151,848,0,4,0,Yes,Low,2025-12-21,No,67845.58,9414.69
TXN02994,2025-03-26,STR002,PRD028,35,152,789,0,4,1,No,Low,2025-07-06,No,184438.1,41507.9
TXN02995,2025-02-20,STR004,PRD063,15,8,443,177,6,0,No,Medium,2025-07-12,No,38419.65,10084.65
TXN02996,2025-01-11,STR004,PRD012,11,0,62,97,5,1,Yes,Low,2025-09-12,Yes,27769.61,5910.41
TXN02997,2025-05-26,STR002,PRD028,27,79,868,0,4,0,Yes,Medium,2026-04-01,No,142280.82,32020.38
TXN02998,2025-05-26,STR003,PRD022,11,54,988,0,9,1,Yes,Low,2025-07-28,No,54991.97,15407.81
TXN02999,2025-02-11,STR001,PRD001,20,47,794,0,3,1,No,Low,2025-07-03,No,76600.8,10494.6
TXN03000,2025-04-30,STR002,PRD022,15,219,219,0,9,0,No,Low,2025-07-09,No,74989.05,21010.65
TXN03001,2025-06-21,STR001,PRD022,20,97,881,0,9,0,No,High,2026-01-27,No,99985.4,28014.2
TXN03002,2025-05-01,STR002,PRD034,18,226,314,0,8,0,No,High,2025-11-14,No,56397.96,14752.44
TXN03003,2025-05-15,STR004,PRD014,16,23,748,190,6,1,No,High,2025-10-17,No,20894.56,6707.68
TXN03004,2025-02-27,STR003,PRD052,13,195,72,0,3,0,No,Medium,2025-08-15,No,38983.23,12905.1
TXN03005,2025-03-26,STR003,PRD060,14,226,571,0,4,1,No,Medium,2025-11-18,No,21953.4,4517.66
TXN03006,2025-01-14,STR002,PRD053,9,234,655,0,4,0,No,Medium,2025-04-08,No,18382.5,2674.62
TXN03007,2025-02-07,STR003,PRD060,16,126,278,0,4,0,Yes,Low,2025-11-01,No,25089.6,5163.04
TXN03008,2025-02-09,STR001,PRD007,22,156,605,0,6,1,No,Medium,2025-10-01,No,77245.52,14298.68
TXN03009,2025-04-18,STR003,PRD005,42,42,356,0,4,0,Yes,Low,2025-08-09,No,73985.52,18226.32
TXN03010,2025-06-09,STR003,PRD040,12,111,1000,0,8,1,Yes,Medium,2025-08-07,No,23889.48,6109.68
TXN03011,2025-04-22,STR002,PRD029,42,166,492,0,5,0,Yes,Medium,2026-01-19,No,80288.04,26040.0
TXN03012,2025-01-08,STR004,PRD032,28,212,429,0,4,0,Yes,Medium,2025-06-07,No,32611.6,5409.6
TXN03013,2025-05-05,STR001,PRD006,31,206,455,0,5,1,Yes,Medium,2026-01-10,No,127557.87,36484.52
TXN03014,2025-03-02,STR001,PRD050,18,55,675,82,6,1,Yes,Medium,2025-06-21,No,122776.56,39338.64
TXN03015,2025-06-03,STR003,PRD053,16,67,435,171,4,1,Yes,Low,2025-08-14,No,32680.0,4754.88
TXN03016,2025-01-22,STR003,PRD050,12,191,805,0,6,0,Yes,Low,2025-11-24,No,81851.04,26225.76
TXN03017,2025-04-20,STR002,PRD007,39,190,144,0,6,0,Yes,Low,2025-05-21,No,136935.24,25347.66
TXN03018,2025-05-01,STR004,PRD064,20,25,186,28,5,1,No,Medium,2025-11-29,No,70664.8,9351.4
TXN03019,2025-06-20,STR001,PRD009,12,134,139,0,4,2,Yes,Low,2025-12-25,No,68390.28,19342.08
TXN03020,2025-03-26,STR002,PRD041,18,7,646,29,6,3,Yes,Low,2026-03-05,No,8934.12,2562.84
TXN03021,2025-01-01,STR003,PRD037,19,191,994,0,6,0,Yes,Low,2025-08-19,No,21217.49,5725.84
TXN03022,2025-05-06,STR002,PRD037,19,8,657,88,6,2,No,High,2026-03-01,No,21217.49,5725.84
TXN03023,2025-01-19,STR001,PRD018,19,193,677,0,9,1,No,Low,2025-03-23,No,111715.82,36980.84
TXN03024,2025-04-29,STR004,PRD020,12,143,922,0,5,0,No,Low,2026-04-23,No,42064.8,12892.44
TXN03025,2025-06-29,STR003,PRD006,31,0,671,147,5,2,Yes,High,2025-12-21,Yes,127557.87,36484.52
TXN03026,2025-01-09,STR004,PRD046,21,79,922,0,6,1,No,High,2025-05-02,No,108214.05,26708.43
TXN03027,2025-06-27,STR001,PRD040,16,105,879,0,8,2,No,Medium,2026-04-13,No,31852.64,8146.24
TXN03028,2025-03-20,STR004,PRD023,20,55,772,187,4,0,No,Medium,2025-08-17,No,76536.2,13277.8
TXN03029,2025-03-21,STR001,PRD043,9,161,384,0,5,0,Yes,Low,2025-12-12,No,35448.57,5635.89
TXN03030,2025-02-08,STR003,PRD007,20,0,110,40,6,0,Yes,Low,2025-05-04,Yes,70223.2,12998.8
TXN03031,2025-04-25,STR003,PRD035,13,19,790,58,5,0,Yes,Medium,2025-11-11,No,25935.91,8635.38
TXN03032,2025-06-26,STR001,PRD018,20,61,294,168,9,0,No,Medium,2026-02-20,No,117595.6,38927.2
TXN03033,2025-02-01,STR002,PRD015,12,226,709,0,9,1,No,High,2025-06-18,No,50028.6,15293.52
TXN03034,2025-05-02,STR001,PRD057,16,151,84,0,4,0,No,Low,2025-12-18,No,54423.84,13882.56
TXN03035,2025-02-19,STR002,PRD063,14,74,117,0,6,0,Yes,Low,2025-07-28,No,35858.34,9412.34
TXN03036,2025-04-10,STR004,PRD009,17,30,524,147,4,1,No,High,2025-10-22,No,96886.23,27401.28
TXN03037,2025-04-26,STR002,PRD007,30,178,384,0,6,1,No,High,2025-11-03,No,105334.8,19498.2
TXN03038,2025-05-26,STR004,PRD046,13,209,766,0,6,0,Yes,Low,2025-09-17,No,66989.65,16533.79
TXN03039,2025-03-06,STR003,PRD048,16,90,145,0,8,0,No,Medium,2025-06-19,No,52414.72,9438.4
TXN03040,2025-01-11,STR001,PRD027,19,42,575,0,4,1,No,Medium,2025-05-24,No,92258.49,17261.69
TXN03041,2025-02-16,STR003,PRD013,12,94,89,0,4,0,Yes,High,2025-09-18,No,69036.36,19914.36
TXN03042,2025-03-29,STR004,PRD029,42,53,52,106,5,1,Yes,Medium,2026-01-09,No,80288.04,26040.0
TXN03043,2025-02-21,STR003,PRD011,17,37,201,0,8,0,No,High,2025-12-06,No,37831.46,5837.63
TXN03044,2025-03-12,STR003,PRD002,37,63,960,0,4,0,Yes,Medium,2025-05-01,No,64361.5,10674.87
TXN03045,2025-04-27,STR001,PRD045,23,223,786,0,6,0,No,High,2026-01-15,No,126180.99,24601.26
TXN03046,2025-01-12,STR001,PRD053,15,57,68,105,4,2,No,High,2025-12-29,No,30637.5,4457.7
TXN03047,2025-01-17,STR001,PRD034,16,105,899,0,8,1,No,Medium,2025-12-24,No,50131.52,13113.28
TXN03048,2025-05-27,STR002,PRD037,12,47,904,100,6,0,Yes,Medium,2025-11-08,No,13400.52,3616.32
TXN03049,2025-03-18,STR002,PRD051,10,218,717,0,8,0,Yes,Low,2026-02-07,No,21094.9,2859.6
TXN03050,2025-03-07,STR003,PRD017,18,83,321,0,4,0,Yes,High,2025-08-01,No,75800.52,10793.7
TXN03051,2025-01-11,STR002,PRD023,19,37,294,135,4,1,No,Low,2025-09-18,No,72709.39,12613.91
TXN03052,2025-01-13,STR001,PRD052,7,238,127,0,3,1,No,High,2025-11-18,No,20990.97,6948.9
TXN03053,2025-04-17,STR001,PRD003,17,111,939,0,4,2,No,High,2025-06-12,No,86519.63,27351.3
TXN03054,2025-05-08,STR003,PRD051,14,134,268,0,8,1,No,Low,2025-10-05,No,29532.86,4003.44
TXN03055,2025-04-10,STR001,PRD015,11,132,793,0,9,0,No,Low,2026-02-13,No,45859.55,14019.06
TXN03056,2025-06-17,STR002,PRD025,20,0,489,195,4,1,Yes,Medium,2026-06-13,Yes,136046.8,37031.6
TXN03057,2025-03-04,STR004,PRD037,17,225,541,0,6,0,Yes,Low,2025-06-08,No,18984.07,5123.12
TXN03058,2025-03-08,STR002,PRD055,9,34,349,188,6,0,No,Medium,2025-06-28,No,27309.42,4051.98
TXN03059,2025-04-20,STR002,PRD049,14,38,420,61,4,0,Yes,Medium,2025-10-25,No,72793.84,18420.64
TXN03060,2025-05-19,STR001,PRD029,35,128,120,0,5,0,Yes,Low,2025-08-19,No,66906.7,21700.0
TXN03061,2025-01-01,STR001,PRD022,19,225,295,0,9,0,Yes,Medium,2025-05-02,No,94986.13,26613.49
TXN03062,2025-01-30,STR004,PRD046,7,188,512,0,6,1,No,Low,2025-11-12,No,36071.35,8902.81
TXN03063,2025-05-17,STR001,PRD055,11,108,573,0,6,1,Yes,Medium,2026-04-26,No,33378.18,4952.42
TXN03064,2025-03-13,STR002,PRD039,20,181,135,0,8,0,No,Low,2025-10-09,No,62751.4,20879.2
TXN03065,2025-02-15,STR003,PRD032,37,169,243,0,4,0,No,High,2025-03-26,No,43093.9,7148.4
TXN03066,2025-06-08,STR002,PRD059,13,192,862,0,4,1,Yes,Low,2025-09-29,No,85789.21,25132.64
TXN03067,2025-02-07,STR004,PRD055,19,68,214,0,6,0,Yes,Medium,2026-01-26,No,57653.22,8554.18
TXN03068,2025-03-31,STR004,PRD037,15,0,923,107,6,0,No,Medium,2025-06-22,Yes,16750.65,4520.4
TXN03069,2025-05-12,STR002,PRD044,23,175,881,0,5,0,No,Low,2025-09-04,No,27623.69,3626.87
TXN03070,2025-02-18,STR003,PRD010,15,143,702,0,9,0,No,High,2025-04-23,No,29518.95,5428.95
TXN03071,2025-02-28,STR003,PRD060,20,193,722,0,4,0,No,High,2025-11-19,No,31362.0,6453.8
TXN03072,2025-04-10,STR001,PRD018,21,61,427,184,9,0,Yes,Low,2025-05-28,No,123475.38,40873.56
TXN03073,2025-04-26,STR001,PRD052,13,35,634,20,3,0,No,Low,2025-12-02,No,38983.23,12905.1
TXN03074,2025-06-16,STR002,PRD023,17,69,475,0,4,0,Yes,Medium,2026-03-10,No,65055.77,11286.13
TXN03075,2025-01-22,STR004,PRD026,27,188,148,0,9,0,Yes,High,2025-05-01,No,45446.94,9477.81
TXN03076,2025-05-02,STR002,PRD043,22,104,616,0,5,0,No,Low,2026-04-16,No,86652.06,13776.62
TXN03077,2025-01-09,STR001,PRD007,45,36,369,82,6,0,No,Medium,2025-02-27,No,158002.2,29247.3
TXN03078,2025-01-28,STR002,PRD018,12,2,730,96,9,0,Yes,High,2025-07-09,Yes,70557.36,23356.32
TXN03079,2025-04-08,STR002,PRD004,25,46,398,0,4,0,No,Low,2026-02-03,No,89270.5,12387.75
TXN03080,2025-04-04,STR001,PRD035,9,10,365,147,5,0,No,Medium,2025-05-15,No,17955.63,5978.34
TXN03081,2025-01-07,STR001,PRD011,14,58,385,0,8,0,Yes,High,2025-03-25,No,31155.32,4807.46
TXN03082,2025-02-05,STR002,PRD010,12,226,587,0,9,2,Yes,Medium,2025-05-04,No,23615.16,4343.16
TXN03083,2025-01-25,STR003,PRD006,25,171,391,0,5,0,No,Low,2025-05-28,No,102869.25,29423.0
TXN03084,2025-05-28,STR001,PRD052,13,41,869,169,3,1,Yes,Low,2025-07-22,No,38983.23,12905.1
TXN03085,2025-03-12,STR001,PRD037,10,69,822,160,6,1,Yes,High,2026-01-17,No,11167.1,3013.6
TXN03086,2025-05-28,STR004,PRD041,13,209,757,0,6,0,No,High,2025-11-26,No,6452.42,1850.94
TXN03087,2025-01-26,STR004,PRD027,41,151,91,0,4,1,No,Medium,2025-04-13,No,199084.11,37248.91
TXN03088,2025-06-18,STR002,PRD014,17,68,325,0,6,0,Yes,Low,2025-08-22,No,22200.47,7126.91
TXN03089,2025-01-25,STR004,PRD012,11,231,652,0,5,1,Yes,Low,2025-10-26,No,27769.61,5910.41
TXN03090,2025-01-11,STR002,PRD041,13,107,878,0,6,2,No,Medium,2025-11-14,No,6452.42,1850.94
TXN03091,2025-01-28,STR004,PRD031,22,18,624,171,5,0,Yes,Low,2025-08-17,No,69841.64,22333.3
TXN03092,2025-02-13,STR002,PRD041,11,36,990,186,6,1,Yes,High,2025-03-23,No,5459.74,1566.18
TXN03093,2025-05-01,STR004,PRD013,8,47,223,52,4,1,Yes,Medium,2025-06-02,No,46024.24,13276.24
TXN03094,2025-06-24,STR003,PRD021,14,119,946,0,6,1,No,High,2025-10-28,No,34935.6,6377.7
TXN03095,2025-05-07,STR002,PRD037,17,123,293,0,6,1,Yes,Medium,2025-09-22,No,18984.07,5123.12
TXN03096,2025-06-06,STR001,PRD048,14,156,447,0,8,0,Yes,High,2025-12-02,No,45862.88,8258.6
TXN03097,2025-03-30,STR003,PRD062,17,17,654,123,4,0,No,High,2025-09-23,No,50922.14,9748.48
TXN03098,2025-03-10,STR001,PRD039,11,52,926,177,8,1,Yes,High,2025-11-10,No,34513.27,11483.56
TXN03099,2025-03-07,STR003,PRD012,16,149,669,0,5,0,No,Low,2025-06-03,No,40392.16,8596.96
TXN03100,2025-04-14,STR003,PRD055,20,131,245,0,6,0,No,High,2025-07-18,No,60687.6,9004.4
TXN03101,2025-05-28,STR001,PRD046,8,39,883,0,6,1,Yes,High,2025-11-01,No,41224.4,10174.64
TXN03102,2025-02-03,STR004,PRD062,13,169,91,0,4,2,Yes,Low,2025-03-28,No,38940.46,7454.72
TXN03103,2025-01-19,STR002,PRD037,11,164,454,0,6,0,Yes,Low,2025-07-09,No,12283.81,3314.96
TXN03104,2025-01-29,STR001,PRD029,37,0,265,186,5,0,Yes,High,2025-03-07,Yes,70729.94,22940.0
TXN03105,2025-04-16,STR004,PRD047,17,10,261,107,8,0,No,Low,2025-07-30,No,93650.79,18996.31
TXN03106,2025-06-15,STR003,PRD017,15,186,176,0,4,1,No,Medium,2026-02-10,No,63167.1,8994.75
TXN03107,2025-04-07,STR001,PRD053,14,154,581,0,4,0,No,Medium,2025-08-18,No,28595.0,4160.52
TXN03108,2025-06-12,STR003,PRD045,21,16,448,72,6,0,No,Low,2025-11-13,No,115208.73,22462.02
TXN03109,2025-05-06,STR004,PRD053,18,107,330,0,4,0,No,Low,2025-10-12,No,36765.0,5349.24
TXN03110,2025-01-01,STR001,PRD053,18,92,524,0,4,0,Yes,Low,2025-03-02,No,36765.0,5349.24
TXN03111,2025-04-28,STR002,PRD002,35,39,258,0,4,1,No,Low,2025-10-22,No,60882.5,10097.85
TXN03112,2025-02-06,STR003,PRD034,16,56,336,0,8,0,Yes,Medium,2025-03-15,No,50131.52,13113.28
TXN03113,2025-05-02,STR001,PRD022,12,189,830,0,9,0,Yes,High,2026-01-19,No,59991.24,16808.52
TXN03114,2025-03-31,STR001,PRD040,17,60,279,184,8,0,No,Low,2025-09-18,No,33843.43,8655.38
TXN03115,2025-05-03,STR001,PRD026,32,37,541,61,9,1,Yes,Medium,2025-08-09,No,53863.04,11232.96
TXN03116,2025-01-05,STR003,PRD007,31,134,547,0,6,0,No,Low,2025-11-13,No,108845.96,20148.14
TXN03117,2025-05-11,STR004,PRD055,19,145,198,0,6,0,Yes,Medium,2025-12-16,No,57653.22,8554.18
TXN03118,2025-05-14,STR003,PRD011,15,50,756,0,8,0,Yes,Medium,2026-03-04,No,33380.7,5150.85
TXN03119,2025-03-21,STR003,PRD010,18,173,463,0,9,0,Yes,Low,2026-02-04,No,35422.74,6514.74
TXN03120,2025-01-28,STR003,PRD062,20,41,970,0,4,1,No,Medium,2025-07-02,No,59908.4,11468.8
TXN03121,2025-06-21,STR001,PRD003,47,172,678,0,4,0,Yes,High,2026-04-01,No,239201.33,75618.3
TXN03122,2025-05-16,STR001,PRD010,19,0,70,58,9,0,No,High,2026-03-25,Yes,37390.67,6876.67
TXN03123,2025-04-18,STR003,PRD028,41,46,51,0,4,0,No,Low,2025-08-21,No,216056.06,48623.54
TXN03124,2025-01-28,STR002,PRD027,25,159,832,0,4,1,No,Medium,2025-07-16,No,121392.75,22712.75
TXN03125,2025-05-31,STR004,PRD029,32,128,461,0,5,1,No,Low,2026-01-10,No,61171.84,19840.0
TXN03126,2025-05-01,STR004,PRD023,13,146,250,0,4,0,Yes,Medium,2025-06-23,No,49748.53,8630.57
TXN03127,2025-03-28,STR002,PRD012,22,69,532,0,5,1,Yes,High,2025-10-14,No,55539.22,11820.82
TXN03128,2025-05-07,STR003,PRD042,10,48,625,130,4,1,Yes,High,2025-07-15,No,62990.2,18405.1
TXN03129,2025-01-27,STR001,PRD024,14,130,967,0,6,1,Yes,Low,2025-09-24,No,26640.6,6332.06
TXN03130,2025-01-12,STR001,PRD043,13,39,472,139,5,0,Yes,Low,2025-11-18,No,51203.49,8140.73
TXN03131,2025-04-23,STR001,PRD044,13,170,188,0,5,0,Yes,High,2025-09-09,No,15613.39,2049.97
TXN03132,2025-02-25,STR001,PRD052,8,86,149,0,3,0,Yes,Medium,2025-04-01,No,23989.68,7941.6
TXN03133,2025-05-31,STR001,PRD055,20,84,173,0,6,1,No,High,2026-04-27,No,60687.6,9004.4
TXN03134,2025-04-26,STR001,PRD031,23,0,995,107,5,0,Yes,High,2025-07-25,Yes,73016.26,23348.45
TXN03135,2025-01-24,STR001,PRD003,27,175,662,0,4,1,Yes,Low,2025-10-24,No,137413.53,43440.3
TXN03136,2025-06-26,STR004,PRD018,16,54,221,158,9,0,Yes,Medium,2025-11-13,No,94076.48,31141.76
TXN03137,2025-04-16,STR002,PRD004,34,0,565,42,4,0,Yes,High,2025-10-05,Yes,121407.88,16847.34
TXN03138,2025-01-01,STR004,PRD012,12,97,763,0,5,1,No,Medium,2025-09-19,No,30294.12,6447.72
TXN03139,2025-05-23,STR003,PRD063,15,163,218,0,6,1,Yes,High,2025-08-10,No,38419.65,10084.65
TXN03140,2025-06-10,STR002,PRD001,38,0,331,190,3,0,Yes,Low,2025-09-28,Yes,145541.52,19939.74
TXN03141,2025-03-01,STR001,PRD006,19,168,233,0,5,1,Yes,Low,2025-07-10,No,78180.63,22361.48
TXN03142,2025-02-03,STR001,PRD004,26,91,112,0,4,1,No,Low,2026-01-15,No,92841.32,12883.26
TXN03143,2025-02-04,STR003,PRD058,18,0,793,50,8,0,Yes,Medium,2026-01-21,Yes,68171.58,18130.32
TXN03144,2025-03-18,STR003,PRD012,17,196,753,0,5,2,No,Low,2025-05-19,No,42916.67,9134.27
TXN03145,2025-02-10,STR002,PRD030,36,60,57,0,8,0,Yes,Medium,2025-03-29,No,161955.36,29684.16
TXN03146,2025-05-17,STR001,PRD030,26,149,913,0,8,0,No,Low,2025-07-29,No,116967.76,21438.56
TXN03147,2025-02-10,STR004,PRD006,28,0,475,59,5,0,Yes,Medium,2025-07-07,Yes,115213.56,32953.76
TXN03148,2025-06-29,STR004,PRD003,20,48,780,0,4,2,No,Medium,2025-10-17,No,101787.8,32178.0
TXN03149,2025-06-02,STR003,PRD046,9,127,726,0,6,1,Yes,Medium,2026-02-04,No,46377.45,11446.47
TXN03150,2025-02-14,STR003,PRD059,9,147,906,0,4,0,No,Medium,2025-08-24,No,59392.53,17399.52
TXN03151,2025-03-08,STR001,PRD042,14,141,269,0,4,0,Yes,Low,2025-10-31,No,88186.28,25767.14
TXN03152,2025-03-17,STR002,PRD006,35,162,598,0,5,0,No,Low,2026-02-07,No,144016.95,41192.2
TXN03153,2025-01-30,STR004,PRD020,17,186,761,0,5,1,Yes,Low,2025-06-26,No,59591.8,18264.29
TXN03154,2025-06-29,STR004,PRD010,12,124,927,0,9,1,Yes,High,2026-03-31,No,23615.16,4343.16
TXN03155,2025-04-12,STR004,PRD007,49,99,779,0,6,0,Yes,Low,2026-02-01,No,172046.84,31847.06
TXN03156,2025-02-16,STR004,PRD001,41,183,287,0,3,0,Yes,Low,2025-04-12,No,157031.64,21513.93
TXN03157,2025-05-11,STR002,PRD031,44,95,955,0,5,0,Yes,Low,2026-03-12,No,139683.28,44666.6
TXN03158,2025-05-22,STR004,PRD019,12,9,587,106,4,1,Yes,Medium,2025-11-01,No,19830.24,3100.8
TXN03159,2025-03-27,STR003,PRD051,14,126,189,0,8,0,Yes,Low,2025-11-30,No,29532.86,4003.44
TXN03160,2025-05-06,STR001,PRD026,23,12,765,76,9,0,Yes,High,2025-08-19,No,38714.06,8073.69
TXN03161,2025-06-09,STR004,PRD056,14,99,123,0,9,0,No,High,2026-05-29,No,46867.66,7615.58
TXN03162,2025-05-20,STR004,PRD064,17,3,521,102,5,0,Yes,High,2025-11-07,Yes,60065.08,7948.69
TXN03163,2025-03-28,STR002,PRD032,15,0,848,22,4,0,Yes,High,2025-05-09,Yes,17470.5,2898.0
TXN03164,2025-01-08,STR004,PRD019,19,2,218,102,4,2,Yes,Low,2025-05-15,Yes,31397.88,4909.6
TXN03165,2025-05-04,STR003,PRD045,7,236,874,0,6,1,Yes,Medium,2026-03-05,No,38402.91,7487.34
TXN03166,2025-06-15,STR003,PRD010,19,76,108,0,9,0,Yes,High,2025-09-29,No,37390.67,6876.67
TXN03167,2025-04-01,STR003,PRD036,15,65,738,117,9,1,Yes,High,2026-03-27,No,55580.55,16287.75
TXN03168,2025-03-16,STR004,PRD037,15,177,349,0,6,0,No,Low,2025-05-28,No,16750.65,4520.4
TXN03169,2025-05-20,STR004,PRD006,24,129,734,0,5,0,No,Medium,2026-02-25,No,98754.48,28246.08
TXN03170,2025-05-14,STR004,PRD023,9,224,836,0,4,0,Yes,Low,2025-09-10,No,34441.29,5975.01
TXN03171,2025-03-15,STR004,PRD029,32,127,857,0,5,0,Yes,Medium,2025-10-25,No,61171.84,19840.0
TXN03172,2025-05-01,STR001,PRD048,16,0,495,149,8,1,No,Low,2025-06-22,Yes,52414.72,9438.4
TXN03173,2025-06-03,STR003,PRD022,13,0,727,20,9,0,No,Low,2026-01-12,Yes,64990.51,18209.23
TXN03174,2025-03-30,STR002,PRD056,13,149,399,0,9,0,Yes,Medium,2026-01-18,No,43519.97,7071.61
TXN03175,2025-03-12,STR003,PRD021,18,117,203,0,6,0,No,Medium,2026-01-24,No,44917.2,8199.9
TXN03176,2025-02-01,STR001,PRD011,22,38,472,0,8,0,Yes,Medium,2025-11-19,No,48958.36,7554.58
TXN03177,2025-02-28,STR002,PRD053,16,66,727,114,4,1,Yes,Medium,2025-09-04,No,32680.0,4754.88
TXN03178,2025-02-13,STR001,PRD015,19,181,640,0,9,0,No,High,2025-04-05,No,79211.95,24214.74
TXN03179,2025-05-22,STR002,PRD057,16,166,90,0,4,1,No,Low,2026-01-15,No,54423.84,13882.56
TXN03180,2025-02-23,STR002,PRD046,11,50,470,0,6,1,No,High,2025-09-22,No,56683.55,13990.13
TXN03181,2025-01-05,STR002,PRD003,38,161,701,0,4,0,Yes,Low,2025-03-09,No,193396.82,61138.2
TXN03182,2025-01-16,STR002,PRD045,24,44,1000,32,6,0,Yes,Medium,2025-06-24,No,131667.12,25670.88
TXN03183,2025-05-16,STR003,PRD008,24,203,619,0,8,1,Yes,Medium,2026-05-01,No,56105.28,17525.28
TXN03184,2025-03-08,STR001,PRD056,19,227,927,0,9,0,Yes,High,2025-12-05,No,63606.11,10335.43
TXN03185,2025-05-08,STR001,PRD031,28,104,248,0,5,0,No,High,2025-09-11,No,88889.36,28424.2
TXN03186,2025-05-16,STR001,PRD010,19,146,115,0,9,2,No,Medium,2025-10-17,No,37390.67,6876.67
TXN03187,2025-02-09,STR002,PRD027,22,14,459,198,4,0,No,High,2025-06-06,No,106825.62,19987.22
TXN03188,2025-05-14,STR003,PRD015,10,136,710,0,9,0,No,Medium,2025-11-12,No,41690.5,12744.6
TXN03189,2025-02-10,STR004,PRD037,15,0,950,82,6,0,No,High,2025-05-17,Yes,16750.65,4520.4
TXN03190,2025-04-05,STR003,PRD043,19,165,792,0,5,0,No,Low,2025-06-27,No,74835.87,11897.99
TXN03191,2025-03-21,STR001,PRD013,9,236,846,0,4,0,No,Low,2025-12-12,No,51777.27,14935.77
TXN03192,2025-01-11,STR003,PRD038,18,192,449,0,3,0,No,High,2025-08-28,No,85558.32,22589.64
TXN03193,2025-02-10,STR004,PRD042,11,79,818,0,4,1,No,Medium,2025-04-02,No,69289.22,20245.61
TXN03194,2025-02-17,STR003,PRD043,11,92,857,0,5,0,Yes,High,2025-09-23,No,43326.03,6888.31
TXN03195,2025-03-29,STR004,PRD051,8,131,749,0,8,2,Yes,Medium,2025-08-04,No,16875.92,2287.68
TXN03196,2025-01-06,STR002,PRD063,9,162,136,0,6,2,No,Medium,2025-07-12,No,23051.79,6050.79
TXN03197,2025-04-16,STR002,PRD003,30,190,347,0,4,0,Yes,Low,2025-07-10,No,152681.7,48267.0
TXN03198,2025-04-05,STR002,PRD011,15,46,619,0,8,0,Yes,Medium,2025-10-21,No,33380.7,5150.85
TXN03199,2025-02-04,STR001,PRD030,41,115,901,0,8,0,Yes,High,2025-08-27,No,184449.16,33806.96
TXN03200,2025-01-10,STR004,PRD026,28,147,704,0,9,0,Yes,Medium,2025-06-11,No,47130.16,9828.84
TXN03201,2025-02-22,STR001,PRD061,20,214,271,0,8,1,Yes,Medium,2025-07-01,No,87439.0,20350.4
TXN03202,2025-05-15,STR004,PRD025,25,125,372,0,4,1,Yes,Medium,2025-10-05,No,170058.5,46289.5
TXN03203,2025-02-06,STR002,PRD033,17,189,154,0,4,0,Yes,Low,2026-01-09,No,62039.97,12086.66
TXN03204,2025-04-27,STR002,PRD018,21,113,527,0,9,0,Yes,High,2025-06-20,No,123475.38,40873.56
TXN03205,2025-06-05,STR004,PRD049,12,237,253,0,4,0,Yes,High,2025-08-20,No,62394.72,15789.12
TXN03206,2025-06-11,STR004,PRD053,18,155,252,0,4,1,No,Low,2025-09-17,No,36765.0,5349.24
TXN03207,2025-04-14,STR003,PRD055,14,150,380,0,6,1,Yes,Low,2025-12-08,No,42481.32,6303.08
TXN03208,2025-01-09,STR003,PRD008,26,218,135,0,8,0,No,Medium,2025-08-26,No,60780.72,18985.72
TXN03209,2025-01-25,STR002,PRD048,17,101,562,0,8,1,No,High,2025-11-19,No,55690.64,10028.3
TXN03210,2025-01-03,STR003,PRD057,17,0,263,67,4,0,Yes,Low,2025-11-29,Yes,57825.33,14750.22
TXN03211,2025-01-28,STR004,PRD057,13,72,847,0,4,1,No,Low,2025-12-05,No,44219.37,11279.58
TXN03212,2025-02-02,STR003,PRD001,42,92,996,0,3,0,Yes,Low,2025-09-13,No,160861.68,22038.66
TXN03213,2025-03-27,STR003,PRD006,36,127,769,0,5,1,No,Medium,2025-09-18,No,148131.72,42369.12
TXN03214,2025-06-02,STR001,PRD019,16,14,988,126,4,0,Yes,High,2025-10-19,No,26440.32,4134.4
TXN03215,2025-04-11,STR002,PRD037,21,73,674,0,6,1,No,Low,2025-06-09,No,23450.91,6328.56
TXN03216,2025-01-20,STR003,PRD036,11,68,122,174,9,1,Yes,High,2026-01-12,No,40759.07,11944.35
TXN03217,2025-05-28,STR003,PRD024,12,61,161,0,6,1,No,Low,2025-10-23,No,22834.8,5427.48
TXN03218,2025-04-12,STR001,PRD009,13,122,538,0,4,0,No,Low,2026-03-08,No,74089.47,20953.92
TXN03219,2025-02-05,STR004,PRD061,15,178,467,0,8,0,Yes,Low,2025-05-26,No,65579.25,15262.8
TXN03220,2025-02-25,STR001,PRD037,13,142,666,0,6,1,Yes,Low,2025-07-27,No,14517.23,3917.68
TXN03221,2025-04-26,STR003,PRD023,19,51,395,105,4,1,No,Low,2025-07-12,No,72709.39,12613.91
TXN03222,2025-03-07,STR004,PRD045,15,224,87,0,6,1,No,Low,2025-12-28,No,82291.95,16044.3
TXN03223,2025-05-18,STR001,PRD043,18,86,815,0,5,0,Yes,Medium,2026-05-05,No,70897.14,11271.78
TXN03224,2025-01-06,STR003,PRD038,14,185,861,0,3,2,No,Low,2025-10-15,No,66545.36,17569.72
TXN03225,2025-04-12,STR002,PRD047,21,88,495,0,8,0,Yes,High,2025-06-30,No,115686.27,23466.03
TXN03226,2025-01-30,STR004,PRD024,19,172,181,0,6,2,No,Low,2025-03-22,No,36155.1,8593.51
TXN03227,2025-02-19,STR004,PRD028,22,111,956,0,4,0,Yes,Medium,2025-10-06,No,115932.52,26090.68
TXN03228,2025-04-12,STR003,PRD009,6,220,672,0,4,0,Yes,Low,2025-11-25,No,34195.14,9671.04
TXN03229,2025-02-09,STR001,PRD047,15,160,516,0,8,1,Yes,Medium,2025-06-27,No,82633.05,16761.45
TXN03230,2025-01-26,STR003,PRD002,22,174,273,0,4,2,No,Medium,2025-08-26,No,38269.0,6347.22
TXN03231,2025-01-14,STR002,PRD063,15,194,490,0,6,0,Yes,Medium,2025-12-02,No,38419.65,10084.65
TXN03232,2025-01-28,STR003,PRD012,18,106,691,0,5,2,No,Medium,2025-12-11,No,45441.18,9671.58
TXN03233,2025-06-14,STR003,PRD028,21,138,265,0,4,0,No,Medium,2025-08-03,No,110662.86,24904.74
TXN03234,2025-01-30,STR001,PRD009,18,43,361,0,4,0,Yes,High,2025-10-16,No,102585.42,29013.12
TXN03235,2025-02-19,STR004,PRD009,15,72,355,0,4,1,Yes,Medium,2025-12-27,No,85487.85,24177.6
TXN03236,2025-05-16,STR004,PRD062,19,15,97,124,4,0,Yes,Low,2026-05-11,No,56912.98,10895.36
TXN03237,2025-04-06,STR002,PRD013,12,145,791,0,4,0,Yes,Low,2025-06-27,No,69036.36,19914.36
TXN03238,2025-06-20,STR003,PRD031,32,83,757,0,5,0,Yes,High,2025-08-13,No,101587.84,32484.8
TXN03239,2025-05-10,STR003,PRD018,19,75,628,0,9,0,Yes,Medium,2025-11-02,No,111715.82,36980.84
TXN03240,2025-05-27,STR002,PRD002,28,211,66,0,4,0,No,Medium,2026-04-20,No,48706.0,8078.28
TXN03241,2025-02-12,STR003,PRD019,19,84,824,0,4,0,No,High,2026-01-01,No,31397.88,4909.6
TXN03242,2025-04-07,STR001,PRD035,17,205,849,0,5,0,No,High,2026-03-31,No,33916.19,11292.42
TXN03243,2025-06-04,STR004,PRD062,15,179,664,0,4,0,No,Low,2026-03-28,No,44931.3,8601.6
TXN03244,2025-03-17,STR001,PRD049,15,22,852,157,4,2,No,High,2025-10-29,No,77993.4,19736.4
TXN03245,2025-06-13,STR004,PRD017,15,228,632,0,4,1,Yes,Low,2025-12-29,No,63167.1,8994.75
TXN03246,2025-05-25,STR004,PRD053,17,9,71,95,4,1,No,High,2026-05-06,No,34722.5,5052.06
TXN03247,2025-02-19,STR004,PRD047,13,231,229,0,8,1,Yes,Low,2025-06-23,No,71615.31,14526.59
TXN03248,2025-02-27,STR004,PRD015,16,59,849,0,9,0,Yes,Medium,2025-10-21,No,66704.8,20391.36
TXN03249,2025-05-25,STR002,PRD025,43,202,106,0,4,0,No,High,2025-07-05,No,292500.62,79617.94
TXN03250,2025-05-23,STR001,PRD039,11,110,208,0,8,2,No,High,2025-08-21,No,34513.27,11483.56
TXN03251,2025-04-28,STR002,PRD031,34,214,963,0,5,0,Yes,High,2026-01-09,No,107937.08,34515.1
TXN03252,2025-02-14,STR001,PRD017,21,170,271,0,4,1,No,High,2025-07-10,No,88433.94,12592.65
TXN03253,2025-05-14,STR002,PRD025,40,16,736,103,4,0,No,High,2025-10-15,No,272093.6,74063.2
TXN03254,2025-05-14,STR003,PRD052,18,17,968,188,3,0,Yes,Medium,2025-06-14,No,53976.78,17868.6
TXN03255,2025-03-30,STR002,PRD014,20,225,467,0,6,1,Yes,Low,2026-02-12,No,26118.2,8384.6
TXN03256,2025-06-06,STR004,PRD008,30,57,612,27,8,2,Yes,Medium,2026-05-04,No,70131.6,21906.6
TXN03257,2025-04-02,STR002,PRD056,13,126,742,0,9,0,Yes,Medium,2025-09-15,No,43519.97,7071.61
TXN03258,2025-01-24,STR001,PRD026,35,62,437,166,9,2,No,Medium,2026-01-11,No,58912.7,12286.05
TXN03259,2025-01-19,STR004,PRD042,17,219,899,0,4,0,Yes,Low,2025-12-02,No,107083.34,31288.67
TXN03260,2025-05-04,STR001,PRD049,14,193,486,0,4,1,Yes,High,2025-08-16,No,72793.84,18420.64
TXN03261,2025-02-18,STR003,PRD019,18,188,591,0,4,0,No,High,2025-09-08,No,29745.36,4651.2
TXN03262,2025-01-31,STR003,PRD025,26,189,246,0,4,0,No,Medium,2025-12-04,No,176860.84,48141.08
TXN03263,2025-02-08,STR002,PRD054,11,50,865,170,6,0,No,High,2025-07-27,No,38426.74,5794.36
TXN03264,2025-06-10,STR004,PRD036,11,219,91,0,9,0,Yes,Low,2026-03-11,No,40759.07,11944.35
TXN03265,2025-02-27,STR003,PRD021,21,0,733,21,6,0,No,High,2025-10-15,Yes,52403.4,9566.55
TXN03266,2025-04-10,STR004,PRD006,23,0,903,49,5,1,No,High,2025-08-21,Yes,94639.71,27069.16
TXN03267,2025-01-20,STR002,PRD061,17,3,247,191,8,1,No,Low,2025-03-15,Yes,74323.15,17297.84
TXN03268,2025-01-17,STR002,PRD032,33,102,107,0,4,0,No,Low,2025-07-16,No,38435.1,6375.6
TXN03269,2025-06-11,STR002,PRD001,42,0,105,102,3,0,No,Medium,2025-10-09,Yes,160861.68,22038.66
TXN03270,2025-06-11,STR002,PRD033,13,120,250,0,4,0,No,High,2026-02-06,No,47442.33,9242.74
TXN03271,2025-06-10,STR001,PRD036,18,18,797,32,9,0,No,Low,2026-06-01,No,66696.66,19545.3
TXN03272,2025-03-13,STR004,PRD015,17,52,967,24,9,1,No,Medium,2025-11-24,No,70873.85,21665.82
TXN03273,2025-06-03,STR001,PRD028,33,67,216,0,4,0,Yes,High,2026-02-17,No,173898.78,39136.02
TXN03274,2025-02-05,STR001,PRD046,9,176,462,0,6,0,No,High,2025-05-12,No,46377.45,11446.47
TXN03275,2025-06-02,STR001,PRD011,15,20,69,108,8,2,Yes,High,2026-03-10,No,33380.7,5150.85
TXN03276,2025-06-10,STR002,PRD009,20,191,535,0,4,0,No,Low,2025-09-30,No,113983.8,32236.8
TXN03277,2025-05-25,STR004,PRD052,17,162,666,0,3,0,Yes,Medium,2025-07-05,No,50978.07,16875.9
TXN03278,2025-04-12,STR001,PRD063,16,223,586,0,6,0,No,Low,2025-08-19,No,40980.96,10756.96
TXN03279,2025-02-20,STR004,PRD034,18,33,287,136,8,0,Yes,Low,2025-08-29,No,56397.96,14752.44
TXN03280,2025-04-02,STR002,PRD011,23,160,225,0,8,0,Yes,Medium,2025-11-23,No,51183.74,7897.97
TXN03281,2025-01-28,STR003,PRD035,19,100,607,0,5,0,Yes,Medium,2025-03-04,No,37906.33,12620.94
TXN03282,2025-02-22,STR002,PRD021,10,207,970,0,6,0,Yes,High,2025-05-15,No,24954.0,4555.5
TXN03283,2025-01-21,STR001,PRD039,20,134,217,0,8,0,Yes,Medium,2025-04-18,No,62751.4,20879.2
TXN03284,2025-02-26,STR003,PRD025,32,28,735,151,4,0,No,Low,2025-11-22,No,217674.88,59250.56
TXN03285,2025-05-07,STR004,PRD007,37,109,403,0,6,0,No,Low,2025-09-11,No,129912.92,24047.78
TXN03286,2025-02-25,STR001,PRD039,13,101,126,0,8,0,No,Medium,2025-08-09,No,40788.41,13571.48
TXN03287,2025-06-01,STR001,PRD057,11,1,935,63,4,1,No,Low,2025-09-11,Yes,37416.39,9544.26
TXN03288,2025-04-12,STR003,PRD015,15,60,572,0,9,0,Yes,Low,2025-12-18,No,62535.75,19116.9
TXN03289,2025-03-12,STR003,PRD027,24,0,512,80,4,0,Yes,High,2025-08-17,Yes,116537.04,21804.24
TXN03290,2025-01-27,STR004,PRD010,20,81,531,0,9,0,Yes,Low,2025-10-21,No,39358.6,7238.6
TXN03291,2025-05-08,STR004,PRD033,17,153,575,0,4,0,Yes,Low,2025-07-15,No,62039.97,12086.66
TXN03292,2025-01-04,STR003,PRD054,10,203,215,0,6,1,Yes,Medium,2025-12-01,No,34933.4,5267.6
TXN03293,2025-05-18,STR003,PRD007,30,0,248,180,6,0,No,High,2026-01-17,Yes,105334.8,19498.2
TXN03294,2025-02-13,STR003,PRD004,43,96,398,0,4,0,No,High,2026-01-19,No,153545.26,21306.93
TXN03295,2025-04-23,STR003,PRD028,30,164,486,0,4,1,Yes,High,2025-09-24,No,158089.8,35578.2
TXN03296,2025-01-30,STR004,PRD008,35,10,747,159,8,0,No,Medium,2025-03-15,No,81820.2,25557.7
TXN03297,2025-03-28,STR003,PRD028,27,119,818,0,4,0,No,High,2025-05-08,No,142280.82,32020.38
TXN03298,2025-05-07,STR004,PRD060,11,190,769,0,4,0,No,Medium,2025-08-05,No,17249.1,3549.59
TXN03299,2025-04-27,STR002,PRD010,9,113,766,0,9,0,Yes,Medium,2026-02-05,No,17711.37,3257.37
TXN03300,2025-03-02,STR001,PRD043,11,219,464,0,5,1,Yes,Low,2025-10-04,No,43326.03,6888.31
TXN03301,2025-01-01,STR002,PRD015,13,83,603,0,9,0,Yes,Low,2025-04-28,No,54197.65,16567.98
TXN03302,2025-02-16,STR003,PRD040,14,43,407,181,8,1,No,High,2025-06-07,No,27871.06,7127.96
TXN03303,2025-01-23,STR004,PRD057,16,84,745,0,4,1,No,Low,2025-08-12,No,54423.84,13882.56
TXN03304,2025-05-19,STR003,PRD021,18,96,157,0,6,1,No,Medium,2026-04-05,No,44917.2,8199.9
TXN03305,2025-02-08,STR004,PRD060,14,173,124,0,4,0,Yes,Low,2025-12-27,No,21953.4,4517.66
TXN03306,2025-02-05,STR003,PRD036,16,67,457,165,9,0,No,High,2025-03-27,No,59285.92,17373.6
TXN03307,2025-05-23,STR004,PRD038,18,133,597,0,3,1,No,Low,2026-01-28,No,85558.32,22589.64
TXN03308,2025-06-09,STR004,PRD026,43,95,345,0,9,0,Yes,Low,2025-09-11,No,72378.46,15094.29
TXN03309,2025-01-10,STR002,PRD063,11,206,388,0,6,0,Yes,High,2025-06-06,No,28174.41,7395.41
TXN03310,2025-06-19,STR004,PRD061,18,197,605,0,8,1,No,High,2026-05-21,No,78695.1,18315.36
TXN03311,2025-06-27,STR003,PRD018,21,43,348,149,9,0,Yes,Medium,2026-06-02,No,123475.38,40873.56
TXN03312,2025-03-28,STR003,PRD027,44,87,616,0,4,1,Yes,High,2025-06-09,No,213651.24,39974.44
TXN03313,2025-03-14,STR004,PRD053,12,76,512,0,4,1,No,Low,2026-03-14,No,24510.0,3566.16
TXN03314,2025-04-23,STR002,PRD041,21,2,995,111,6,0,Yes,Low,2026-02-25,Yes,10423.14,2989.98
TXN03315,2025-04-13,STR003,PRD009,22,92,449,0,4,1,No,Low,2026-02-13,No,125382.18,35460.48
TXN03316,2025-06-18,STR002,PRD046,24,23,680,26,6,0,No,Medium,2026-01-28,No,123673.2,30523.92
TXN03317,2025-01-20,STR001,PRD022,17,229,678,0,9,0,Yes,High,2026-01-06,No,84987.59,23812.07
TXN03318,2025-06-19,STR004,PRD036,17,232,522,0,9,2,No,High,2026-04-17,No,62991.29,18459.45
TXN03319,2025-05-07,STR001,PRD018,20,78,604,0,9,0,Yes,High,2026-03-27,No,117595.6,38927.2
TXN03320,2025-04-22,STR002,PRD032,43,84,785,0,4,1,Yes,Low,2025-11-01,No,50082.1,8307.6
TXN03321,2025-05-13,STR002,PRD044,14,133,250,0,5,0,No,High,2025-07-01,No,16814.42,2207.66
TXN03322,2025-06-14,STR002,PRD038,17,119,375,0,3,0,Yes,Medium,2026-06-08,No,80805.08,21334.66
TXN03323,2025-02-17,STR003,PRD059,16,158,690,0,4,0,Yes,Medium,2025-04-14,No,105586.72,30932.48
TXN03324,2025-06-28,STR002,PRD024,14,54,954,0,6,2,Yes,High,2026-01-28,No,26640.6,6332.06
TXN03325,2025-04-10,STR003,PRD021,21,76,795,0,6,2,No,High,2025-12-29,No,52403.4,9566.55
TXN03326,2025-05-26,STR003,PRD011,20,0,739,27,8,0,Yes,Low,2025-11-15,Yes,44507.6,6867.8
TXN03327,2025-05-19,STR003,PRD048,11,34,922,107,8,0,No,Medium,2025-10-24,No,36035.12,6488.9
TXN03328,2025-02-16,STR003,PRD060,4,235,586,0,4,0,No,Medium,2026-01-15,No,6272.4,1290.76
TXN03329,2025-04-11,STR004,PRD029,28,7,896,110,5,0,No,Low,2026-04-02,No,53525.36,17360.0
TXN03330,2025-03-05,STR004,PRD007,35,208,186,0,6,0,No,Medium,2025-07-26,No,122890.6,22747.9
TXN03331,2025-02-19,STR002,PRD046,12,127,973,0,6,0,Yes,Medium,2025-10-14,No,61836.6,15261.96
TXN03332,2025-02-12,STR003,PRD041,16,50,750,40,6,0,No,Low,2025-12-11,No,7941.44,2278.08
TXN03333,2025-03-28,STR003,PRD016,16,168,544,0,4,0,Yes,Medium,2025-11-12,No,91129.28,19743.36
TXN03334,2025-02-12,STR002,PRD014,14,233,639,0,6,2,Yes,Medium,2026-01-09,No,18282.74,5869.22
TXN03335,2025-02-26,STR001,PRD052,15,207,761,0,3,1,Yes,Medium,2025-12-24,No,44980.65,14890.5
TXN03336,2025-06-05,STR003,PRD002,34,0,931,77,4,0,Yes,High,2026-01-21,Yes,59143.0,9809.34
TXN03337,2025-04-05,STR003,PRD049,13,80,76,0,4,0,No,High,2025-09-16,No,67594.28,17104.88
TXN03338,2025-04-09,STR004,PRD039,16,227,920,0,8,0,No,Low,2026-03-17,No,50201.12,16703.36
TXN03339,2025-03-24,STR004,PRD014,17,176,549,0,6,0,No,Medium,2025-08-15,No,22200.47,7126.91
TXN03340,2025-01-02,STR004,PRD036,19,30,693,98,9,2,Yes,High,2025-10-21,No,70402.03,20631.15
TXN03341,2025-05-28,STR004,PRD029,23,214,902,0,5,0,Yes,Medium,2026-04-29,No,43967.26,14260.0
TXN03342,2025-05-04,STR001,PRD043,18,24,253,32,5,1,No,High,2025-10-01,No,70897.14,11271.78
TXN03343,2025-03-10,STR002,PRD005,22,0,265,113,4,0,No,Medium,2025-05-24,Yes,38754.32,9547.12
TXN03344,2025-03-25,STR002,PRD009,11,64,514,0,4,0,Yes,Medium,2025-10-08,No,62691.09,17730.24
TXN03345,2025-02-21,STR001,PRD058,18,9,796,75,8,1,Yes,Medium,2026-02-03,No,68171.58,18130.32
TXN03346,2025-02-24,STR002,PRD003,34,87,795,0,4,0,Yes,Low,2025-10-30,No,173039.26,54702.6
TXN03347,2025-04-25,STR001,PRD034,5,212,374,0,8,0,Yes,Low,2026-04-07,No,15666.1,4097.9
TXN03348,2025-03-10,STR003,PRD042,12,231,916,0,4,0,Yes,High,2026-03-04,No,75588.24,22086.12
TXN03349,2025-01-28,STR002,PRD050,18,54,86,42,6,0,No,Low,2025-10-18,No,122776.56,39338.64
TXN03350,2025-04-09,STR003,PRD007,33,102,174,0,6,0,No,High,2025-06-08,No,115868.28,21448.02
TXN03351,2025-06-04,STR001,PRD022,17,170,904,0,9,0,Yes,Medium,2025-07-07,No,84987.59,23812.07
TXN03352,2025-03-11,STR004,PRD042,15,77,182,0,4,0,Yes,High,2026-01-04,No,94485.3,27607.65
TXN03353,2025-05-23,STR001,PRD020,14,205,835,0,5,0,No,Medium,2025-09-13,No,49075.6,15041.18
TXN03354,2025-02-05,STR002,PRD026,25,117,878,0,9,1,No,Medium,2025-04-05,No,42080.5,8775.75
TXN03355,2025-03-25,STR002,PRD004,39,90,475,0,4,1,No,High,2025-12-06,No,139261.98,19324.89
TXN03356,2025-03-13,STR001,PRD040,8,68,191,62,8,0,No,High,2025-10-01,No,15926.32,4073.12
TXN03357,2025-05-11,STR004,PRD016,18,68,808,0,4,0,No,High,2026-04-29,No,102520.44,22211.28
TXN03358,2025-03-28,STR003,PRD004,40,68,422,0,4,0,No,High,2026-03-07,No,142832.8,19820.4
TXN03359,2025-03-15,STR002,PRD038,15,30,181,148,3,0,No,High,2025-06-13,No,71298.6,18824.7
TXN03360,2025-01-22,STR002,PRD027,29,56,76,0,4,0,Yes,Low,2025-03-13,No,140815.59,26346.79
TXN03361,2025-01-11,STR004,PRD056,12,27,431,98,9,0,Yes,High,2026-01-07,No,40172.28,6527.64
TXN03362,2025-03-01,STR003,PRD063,16,2,184,80,6,1,Yes,Medium,2025-09-09,Yes,40980.96,10756.96
TXN03363,2025-01-18,STR004,PRD001,36,0,398,102,3,0,No,Low,2025-11-11,Yes,137881.44,18890.28
TXN03364,2025-02-22,STR003,PRD016,12,150,698,0,4,0,No,High,2025-06-25,No,68346.96,14807.52
TXN03365,2025-06-24,STR001,PRD003,17,55,360,0,4,0,No,High,2026-04-18,No,86519.63,27351.3
TXN03366,2025-06-07,STR004,PRD022,17,81,445,0,9,0,No,Low,2026-03-19,No,84987.59,23812.07
TXN03367,2025-06-26,STR003,PRD035,11,228,277,0,5,0,No,Medium,2026-06-17,No,21945.77,7306.86
TXN03368,2025-04-23,STR002,PRD012,23,161,349,0,5,0,No,Low,2025-05-26,No,58063.73,12358.13
TXN03369,2025-02-03,STR004,PRD004,30,186,577,0,4,1,Yes,Medium,2025-07-30,No,107124.6,14865.3
TXN03370,2025-02-23,STR001,PRD039,10,233,121,0,8,0,Yes,Low,2025-12-28,No,31375.7,10439.6
TXN03371,2025-01-28,STR003,PRD005,17,31,906,0,4,0,Yes,Low,2025-06-09,No,29946.52,7377.32
TXN03372,2025-06-05,STR001,PRD056,14,22,57,185,9,0,No,High,2025-08-21,No,46867.66,7615.58
TXN03373,2025-01-16,STR003,PRD016,10,86,806,0,4,1,Yes,Low,2025-11-08,No,56955.8,12339.6
TXN03374,2025-03-04,STR002,PRD064,18,88,318,0,5,0,No,Low,2025-07-16,No,63598.32,8416.26
TXN03375,2025-05-22,STR004,PRD002,35,53,74,0,4,0,Yes,Medium,2026-01-13,No,60882.5,10097.85
TXN03376,2025-05-13,STR001,PRD011,12,168,139,0,8,1,No,Low,2025-09-12,No,26704.56,4120.68
TXN03377,2025-03-31,STR004,PRD051,19,103,525,0,8,0,No,Medium,2025-11-01,No,40080.31,5433.24
TXN03378,2025-05-24,STR002,PRD061,12,148,322,0,8,2,No,Low,2026-01-03,No,52463.4,12210.24
TXN03379,2025-02-09,STR001,PRD020,13,207,634,0,5,0,Yes,Medium,2025-05-22,No,45570.2,13966.81
TXN03380,2025-06-08,STR004,PRD062,17,6,886,150,4,2,No,Medium,2026-04-17,No,50922.14,9748.48
TXN03381,2025-03-03,STR001,PRD001,21,79,104,0,3,0,Yes,High,2025-11-13,No,80430.84,11019.33
TXN03382,2025-01-31,STR001,PRD006,50,70,229,0,5,1,Yes,Medium,2025-06-20,No,205738.5,58846.0
TXN03383,2025-02-20,STR002,PRD033,16,97,856,0,4,0,Yes,High,2026-02-20,No,58390.56,11375.68
TXN03384,2025-05-30,STR001,PRD011,20,227,240,0,8,1,Yes,Medium,2025-09-30,No,44507.6,6867.8
TXN03385,2025-02-14,STR002,PRD063,12,27,630,167,6,1,Yes,High,2025-10-12,No,30735.72,8067.72
TXN03386,2025-02-13,STR002,PRD055,18,226,153,0,6,1,No,Medium,2026-01-08,No,54618.84,8103.96
TXN03387,2025-01-20,STR001,PRD021,14,149,360,0,6,2,Yes,High,2025-11-27,No,34935.6,6377.7
TXN03388,2025-02-06,STR003,PRD031,26,203,220,0,5,1,No,High,2025-09-10,No,82540.12,26393.9
TXN03389,2025-06-29,STR001,PRD054,17,229,300,0,6,0,Yes,Medium,2026-05-09,No,59386.78,8954.92
TXN03390,2025-03-20,STR004,PRD018,18,50,175,126,9,0,No,High,2026-03-15,No,105836.04,35034.48
TXN03391,2025-04-29,STR001,PRD014,17,171,811,0,6,2,No,Low,2025-08-19,No,22200.47,7126.91
TXN03392,2025-04-11,STR001,PRD057,17,57,303,0,4,0,Yes,High,2025-10-28,No,57825.33,14750.22
TXN03393,2025-03-08,STR002,PRD061,18,203,309,0,8,0,No,High,2025-06-05,No,78695.1,18315.36
TXN03394,2025-02-16,STR003,PRD020,14,214,507,0,5,1,No,Low,2025-06-21,No,49075.6,15041.18
TXN03395,2025-05-27,STR004,PRD006,27,85,121,0,5,1,Yes,Low,2025-12-12,No,111098.79,31776.84
TXN03396,2025-03-05,STR003,PRD054,12,158,972,0,6,0,No,High,2025-12-14,No,41920.08,6321.12
TXN03397,2025-01-29,STR003,PRD020,13,41,552,0,5,0,No,Low,2025-12-21,No,45570.2,13966.81
TXN03398,2025-05-23,STR003,PRD001,33,29,202,53,3,0,Yes,High,2025-08-11,No,126391.32,17316.09
TXN03399,2025-02-04,STR001,PRD040,13,190,423,0,8,0,No,High,2025-04-02,No,25880.27,6618.82
TXN03400,2025-05-21,STR001,PRD051,22,26,88,64,8,0,Yes,Medium,2026-03-30,No,46408.78,6291.12
TXN03401,2025-05-06,STR001,PRD014,20,135,880,0,6,1,No,High,2026-02-17,No,26118.2,8384.6
TXN03402,2025-05-10,STR001,PRD056,15,206,632,0,9,1,No,Medium,2025-09-24,No,50215.35,8159.55
TXN03403,2025-06-27,STR004,PRD054,19,170,789,0,6,1,No,High,2026-04-16,No,66373.46,10008.44
TXN03404,2025-04-02,STR002,PRD051,16,31,702,80,8,0,No,Low,2025-05-22,No,33751.84,4575.36
TXN03405,2025-02-21,STR001,PRD002,20,51,359,0,4,1,Yes,Medium,2026-02-16,No,34790.0,5770.2
TXN03406,2025-01-21,STR004,PRD058,12,196,636,0,8,1,No,Low,2025-10-13,No,45447.72,12086.88
TXN03407,2025-01-18,STR001,PRD061,15,73,905,0,8,1,Yes,Low,2025-12-06,No,65579.25,15262.8
TXN03408,2025-01-24,STR001,PRD050,10,0,708,58,6,1,Yes,High,2025-12-20,Yes,68209.2,21854.8
TXN03409,2025-03-31,STR004,PRD023,15,154,74,0,4,0,Yes,Medium,2025-08-09,No,57402.15,9958.35
TXN03410,2025-05-03,STR003,PRD049,14,56,938,187,4,1,Yes,Low,2026-04-11,No,72793.84,18420.64
TXN03411,2025-02-20,STR002,PRD035,15,218,55,0,5,1,No,Medium,2025-05-03,No,29926.05,9963.9
TXN03412,2025-02-23,STR001,PRD040,9,166,657,0,8,0,No,Low,2026-01-30,No,17917.11,4582.26
TXN03413,2025-01-30,STR004,PRD013,17,20,99,121,4,2,Yes,High,2025-05-17,No,97801.51,28212.01
TXN03414,2025-01-30,STR001,PRD048,13,40,170,60,8,0,No,Medium,2025-10-25,No,42586.96,7668.7
TXN03415,2025-06-19,STR001,PRD038,15,20,167,33,3,1,Yes,Low,2025-09-14,No,71298.6,18824.7
TXN03416,2025-04-08,STR003,PRD046,16,87,157,0,6,0,Yes,Low,2025-05-29,No,82448.8,20349.28
TXN03417,2025-01-31,STR001,PRD055,14,144,788,0,6,0,Yes,Medium,2025-05-10,No,42481.32,6303.08
TXN03418,2025-03-29,STR003,PRD022,14,155,810,0,9,0,No,Low,2025-08-07,No,69989.78,19609.94
TXN03419,2025-06-09,STR001,PRD053,18,173,797,0,4,0,Yes,Low,2025-12-06,No,36765.0,5349.24
TXN03420,2025-05-27,STR003,PRD024,16,33,439,130,6,1,No,Low,2026-03-27,No,30446.4,7236.64
TXN03421,2025-01-04,STR004,PRD002,22,94,716,0,4,0,No,High,2025-03-28,No,38269.0,6347.22
TXN03422,2025-02-08,STR001,PRD050,18,177,853,0,6,2,No,Low,2025-04-30,No,122776.56,39338.64
TXN03423,2025-01-24,STR003,PRD061,14,58,73,0,8,1,No,High,2025-11-18,No,61207.3,14245.28
TXN03424,2025-02-05,STR002,PRD030,31,189,58,0,8,0,No,Low,2025-05-22,No,139461.56,25561.36
TXN03425,2025-06-02,STR003,PRD063,15,58,434,0,6,0,Yes,Low,2026-04-30,No,38419.65,10084.65
TXN03426,2025-02-19,STR004,PRD050,19,160,917,0,6,0,No,Medium,2025-10-01,No,129597.48,41524.12
TXN03427,2025-01-17,STR002,PRD056,7,200,809,0,9,0,Yes,Low,2025-12-04,No,23433.83,3807.79
TXN03428,2025-06-02,STR002,PRD013,12,76,181,0,4,2,No,Low,2025-08-20,No,69036.36,19914.36
TXN03429,2025-02-28,STR003,PRD046,18,230,514,0,6,0,Yes,Low,2025-08-18,No,92754.9,22892.94
TXN03430,2025-02-18,STR001,PRD019,22,86,417,0,4,1,No,High,2025-09-23,No,36355.44,5684.8
TXN03431,2025-04-10,STR002,PRD052,12,66,267,53,3,1,Yes,Medium,2025-06-17,No,35984.52,11912.4
TXN03432,2025-02-09,STR004,PRD034,15,0,543,56,8,0,Yes,Medium,2025-05-13,Yes,46998.3,12293.7
TXN03433,2025-04-03,STR003,PRD029,45,0,286,142,5,0,No,Medium,2025-06-02,Yes,86022.9,27900.0
TXN03434,2025-02-12,STR001,PRD011,11,142,684,0,8,2,Yes,Medium,2025-04-26,No,24479.18,3777.29
TXN03435,2025-04-21,STR001,PRD063,14,95,932,0,6,0,Yes,Medium,2025-09-14,No,35858.34,9412.34
TXN03436,2025-02-03,STR004,PRD012,12,20,593,92,5,0,Yes,Medium,2025-08-15,No,30294.12,6447.72
TXN03437,2025-03-08,STR002,PRD001,25,186,949,0,3,0,Yes,Low,2025-08-31,No,95751.0,13118.25
TXN03438,2025-01-09,STR003,PRD051,10,53,177,35,8,1,Yes,High,2025-08-12,No,21094.9,2859.6
TXN03439,2025-04-14,STR004,PRD021,22,222,558,0,6,1,No,Medium,2025-12-16,No,54898.8,10022.1
TXN03440,2025-03-20,STR002,PRD014,17,142,116,0,6,0,No,Medium,2026-02-15,No,22200.47,7126.91
TXN03441,2025-06-23,STR002,PRD046,16,183,406,0,6,1,No,Medium,2026-02-25,No,82448.8,20349.28
TXN03442,2025-02-14,STR003,PRD055,9,233,302,0,6,1,No,Medium,2025-05-09,No,27309.42,4051.98
TXN03443,2025-02-05,STR001,PRD045,14,200,879,0,6,2,No,Medium,2025-10-15,No,76805.82,14974.68
TXN03444,2025-01-01,STR004,PRD061,14,14,618,31,8,1,Yes,Low,2025-10-21,No,61207.3,14245.28
TXN03445,2025-02-01,STR004,PRD064,17,0,77,73,5,0,No,High,2025-06-28,Yes,60065.08,7948.69
TXN03446,2025-01-26,STR001,PRD049,15,100,458,0,4,1,No,Low,2025-11-02,No,77993.4,19736.4
TXN03447,2025-02-11,STR004,PRD058,17,91,578,0,8,0,Yes,High,2025-03-19,No,64384.27,17123.08
TXN03448,2025-05-13,STR002,PRD040,18,6,425,191,8,1,No,Low,2025-08-26,No,35834.22,9164.52
TXN03449,2025-06-01,STR002,PRD053,11,0,400,47,4,0,Yes,Medium,2025-08-13,Yes,22467.5,3268.98
TXN03450,2025-02-20,STR002,PRD010,15,115,93,0,9,0,No,Medium,2025-05-13,No,29518.95,5428.95
TXN03451,2025-03-05,STR003,PRD038,10,3,779,138,3,1,Yes,Medium,2025-05-14,Yes,47532.4,12549.8
TXN03452,2025-01-13,STR004,PRD040,14,194,941,0,8,0,No,Medium,2025-11-10,No,27871.06,7127.96
TXN03453,2025-03-12,STR001,PRD001,33,43,254,0,3,0,No,Low,2025-06-08,No,126391.32,17316.09
TXN03454,2025-06-30,STR001,PRD005,31,0,628,24,4,0,No,Low,2026-01-24,Yes,54608.36,13452.76
TXN03455,2025-05-17,STR004,PRD042,16,204,590,0,4,1,No,Medium,2026-01-20,No,100784.32,29448.16
TXN03456,2025-06-30,STR003,PRD059,11,98,660,0,4,0,No,Medium,2025-08-14,No,72590.87,21266.08
TXN03457,2025-02-22,STR003,PRD052,17,13,55,163,3,0,No,Low,2025-07-04,No,50978.07,16875.9
TXN03458,2025-06-05,STR002,PRD053,15,88,210,0,4,0,No,Medium,2026-02-13,No,30637.5,4457.7
TXN03459,2025-04-11,STR003,PRD050,18,93,892,0,6,0,Yes,Low,2025-11-07,No,122776.56,39338.64
TXN03460,2025-05-30,STR004,PRD049,15,1,296,154,4,1,Yes,High,2026-02-27,Yes,77993.4,19736.4
TXN03461,2025-01-05,STR002,PRD063,14,0,322,34,6,1,No,Medium,2025-09-09,Yes,35858.34,9412.34
TXN03462,2025-01-26,STR004,PRD032,31,216,388,0,4,0,Yes,Low,2025-04-25,No,36105.7,5989.2
TXN03463,2025-01-13,STR004,PRD059,13,101,652,0,4,2,No,High,2025-10-09,No,85789.21,25132.64
TXN03464,2025-02-01,STR003,PRD042,11,222,308,0,4,0,Yes,Low,2026-02-01,No,69289.22,20245.61
TXN03465,2025-03-09,STR001,PRD053,18,131,291,0,4,1,Yes,High,2026-01-21,No,36765.0,5349.24
TXN03466,2025-06-29,STR001,PRD013,14,205,774,0,4,2,No,High,2025-07-30,No,80542.42,23233.42
TXN03467,2025-03-22,STR003,PRD055,15,48,774,190,6,0,Yes,Medium,2025-07-18,No,45515.7,6753.3
TXN03468,2025-01-11,STR003,PRD002,29,127,673,0,4,0,Yes,High,2025-07-12,No,50445.5,8366.79
TXN03469,2025-06-15,STR001,PRD031,43,167,558,0,5,0,No,High,2026-04-11,No,136508.66,43651.45
TXN03470,2025-05-07,STR003,PRD005,37,20,116,185,4,3,Yes,Medium,2026-04-04,No,65177.72,16056.52
TXN03471,2025-04-23,STR003,PRD013,13,162,173,0,4,1,No,Medium,2026-03-27,No,74789.39,21573.89
TXN03472,2025-05-23,STR002,PRD005,29,0,979,125,4,0,No,Low,2025-09-06,Yes,51085.24,12584.84
TXN03473,2025-02-25,STR001,PRD055,20,104,343,0,6,1,Yes,Medium,2025-11-27,No,60687.6,9004.4
TXN03474,2025-05-27,STR002,PRD005,32,31,288,0,4,2,Yes,Medium,2026-02-04,No,56369.92,13886.72
TXN03475,2025-02-16,STR001,PRD012,17,36,804,0,5,1,No,High,2026-01-03,No,42916.67,9134.27
TXN03476,2025-01-30,STR002,PRD044,18,138,506,0,5,0,Yes,Low,2025-07-14,No,21618.54,2838.42
TXN03477,2025-02-12,STR004,PRD011,17,209,491,0,8,1,Yes,Low,2025-07-01,No,37831.46,5837.63
TXN03478,2025-04-30,STR002,PRD023,11,2,521,151,4,0,Yes,Low,2025-07-14,Yes,42094.91,7302.79
TXN03479,2025-04-16,STR003,PRD018,13,1,726,60,9,0,Yes,High,2026-04-02,Yes,76437.14,25302.68
TXN03480,2025-03-08,STR003,PRD024,18,6,868,159,6,1,Yes,Low,2025-10-13,No,34252.2,8141.22
TXN03481,2025-06-25,STR004,PRD038,14,165,818,0,3,1,No,Low,2025-09-20,No,66545.36,17569.72
TXN03482,2025-01-22,STR002,PRD007,38,208,72,0,6,0,No,High,2025-11-08,No,133424.08,24697.72
TXN03483,2025-01-08,STR003,PRD022,16,192,890,0,9,1,Yes,High,2025-08-30,No,79988.32,22411.36
TXN03484,2025-03-08,STR001,PRD023,17,60,191,156,4,1,Yes,Low,2025-11-24,No,65055.77,11286.13
TXN03485,2025-04-02,STR004,PRD002,30,101,805,0,4,1,Yes,High,2025-12-13,No,52185.0,8655.3
TXN03486,2025-05-10,STR002,PRD012,13,82,498,0,5,0,Yes,High,2025-09-05,No,32818.63,6985.03
TXN03487,2025-01-16,STR001,PRD057,20,187,76,0,4,0,No,High,2025-03-10,No,68029.8,17353.2
TXN03488,2025-04-18,STR001,PRD007,31,50,732,141,6,0,Yes,Low,2025-08-22,No,108845.96,20148.14
TXN03489,2025-04-08,STR002,PRD034,9,135,137,0,8,1,No,High,2025-11-30,No,28198.98,7376.22
TXN03490,2025-01-24,STR001,PRD033,15,180,713,0,4,0,Yes,Low,2025-11-11,No,54741.15,10664.7
TXN03491,2025-05-08,STR004,PRD026,44,25,664,62,9,0,No,High,2026-02-20,No,74061.68,15445.32
TXN03492,2025-02-08,STR004,PRD012,19,99,793,0,5,0,No,High,2025-11-09,No,47965.69,10208.89
TXN03493,2025-06-20,STR004,PRD036,11,151,101,0,9,0,No,Low,2026-05-17,No,40759.07,11944.35
TXN03494,2025-04-01,STR002,PRD020,17,41,780,0,5,1,Yes,Medium,2025-06-15,No,59591.8,18264.29
TXN03495,2025-05-29,STR003,PRD034,19,89,165,0,8,1,No,Medium,2025-07-20,No,59531.18,15572.02
TXN03496,2025-05-07,STR004,PRD061,13,217,615,0,8,0,Yes,Low,2026-02-10,No,56835.35,13227.76
TXN03497,2025-03-14,STR002,PRD014,21,151,965,0,6,0,Yes,Medium,2025-10-23,No,27424.11,8803.83
TXN03498,2025-04-01,STR003,PRD021,10,17,644,137,6,0,No,Low,2025-09-27,No,24954.0,4555.5
TXN03499,2025-06-13,STR004,PRD026,27,199,669,0,9,2,No,High,2026-06-05,No,45446.94,9477.81
TXN03500,2025-03-14,STR004,PRD046,12,201,674,0,6,1,No,Medium,2026-01-17,No,61836.6,15261.96
TXN03501,2025-03-05,STR004,PRD040,24,160,321,0,8,0,No,Low,2025-08-18,No,47778.96,12219.36
TXN03502,2025-04-26,STR003,PRD053,15,115,369,0,4,1,Yes,Low,2026-01-08,No,30637.5,4457.7
TXN03503,2025-01-03,STR003,PRD036,15,24,396,163,9,1,Yes,Medium,2025-04-15,No,55580.55,16287.75
TXN03504,2025-02-10,STR001,PRD023,15,223,414,0,4,1,Yes,High,2025-10-06,No,57402.15,9958.35
TXN03505,2025-03-12,STR002,PRD016,15,123,609,0,4,0,Yes,Low,2025-12-24,No,85433.7,18509.4
TXN03506,2025-05-27,STR004,PRD020,9,236,858,0,5,0,Yes,Medium,2026-03-26,No,31548.6,9669.33
TXN03507,2025-04-13,STR003,PRD031,33,145,563,0,5,0,Yes,High,2025-06-03,No,104762.46,33499.95
TXN03508,2025-04-22,STR003,PRD030,22,44,541,121,8,0,Yes,High,2026-01-04,No,98972.72,18140.32
TXN03509,2025-06-04,STR001,PRD061,13,134,119,0,8,1,No,Low,2026-05-19,No,56835.35,13227.76
TXN03510,2025-01-17,STR001,PRD059,12,10,125,96,4,1,Yes,Low,2025-12-13,No,79190.04,23199.36
TXN03511,2025-03-05,STR001,PRD050,15,76,727,0,6,0,Yes,Low,2025-10-29,No,102313.8,32782.2
TXN03512,2025-01-28,STR004,PRD041,10,49,536,74,6,0,No,Low,2025-08-20,No,4963.4,1423.8
TXN03513,2025-02-17,STR004,PRD011,16,47,94,0,8,0,No,Medium,2025-12-28,No,35606.08,5494.24
TXN03514,2025-05-11,STR004,PRD043,16,8,390,122,5,0,Yes,Low,2025-12-11,No,63019.68,10019.36
TXN03515,2025-03-13,STR004,PRD031,27,99,198,0,5,0,No,Low,2026-02-21,No,85714.74,27409.05
TXN03516,2025-01-25,STR002,PRD044,15,94,375,0,5,1,Yes,Low,2025-07-22,No,18015.45,2365.35
TXN03517,2025-03-12,STR004,PRD060,10,0,476,165,4,0,No,Low,2025-12-07,Yes,15681.0,3226.9
TXN03518,2025-05-04,STR003,PRD034,17,212,983,0,8,1,Yes,High,2025-08-06,No,53264.74,13932.86
TXN03519,2025-06-29,STR002,PRD005,29,123,601,0,4,0,Yes,High,2026-05-02,No,51085.24,12584.84
TXN03520,2025-01-01,STR001,PRD060,17,204,460,0,4,1,No,High,2025-04-15,No,26657.7,5485.73
TXN03521,2025-01-25,STR002,PRD039,13,56,131,0,8,0,No,Medium,2025-09-23,No,40788.41,13571.48
TXN03522,2025-05-13,STR001,PRD017,17,200,157,0,4,2,Yes,Medium,2026-04-26,No,71589.38,10194.05
TXN03523,2025-02-17,STR003,PRD052,16,219,453,0,3,1,No,Medium,2025-12-23,No,47979.36,15883.2
TXN03524,2025-04-19,STR002,PRD035,12,145,729,0,5,0,Yes,High,2026-03-12,No,23940.84,7971.12
TXN03525,2025-04-12,STR004,PRD010,14,164,683,0,9,1,No,Medium,2026-01-26,No,27551.02,5067.02
TXN03526,2025-04-08,STR003,PRD019,20,125,369,0,4,0,Yes,Medium,2025-10-29,No,33050.4,5168.0
TXN03527,2025-05-31,STR003,PRD046,23,43,371,0,6,1,Yes,Low,2025-09-01,No,118520.15,29252.09
TXN03528,2025-06-07,STR001,PRD055,12,22,745,173,6,0,Yes,Low,2026-03-08,No,36412.56,5402.64
TXN03529,2025-04-03,STR004,PRD050,11,52,440,198,6,1,Yes,Medium,2025-06-30,No,75030.12,24040.28
TXN03530,2025-01-19,STR003,PRD019,10,111,130,0,4,0,No,High,2025-03-21,No,16525.2,2584.0
TXN03531,2025-02-28,STR003,PRD013,6,207,660,0,4,0,No,Low,2025-10-31,No,34518.18,9957.18
TXN03532,2025-03-22,STR002,PRD043,18,45,776,125,5,1,Yes,Low,2026-01-09,No,70897.14,11271.78
TXN03533,2025-05-29,STR004,PRD041,11,55,431,103,6,0,Yes,Medium,2026-03-03,No,5459.74,1566.18
TXN03534,2025-01-02,STR004,PRD007,19,0,721,172,6,0,No,Low,2025-07-03,Yes,66712.04,12348.86
TXN03535,2025-05-16,STR004,PRD038,16,232,644,0,3,0,No,Low,2025-07-09,No,76051.84,20079.68
TXN03536,2025-03-17,STR002,PRD039,18,217,435,0,8,0,No,High,2025-09-03,No,56476.26,18791.28
TXN03537,2025-05-23,STR004,PRD059,16,141,495,0,4,1,No,Medium,2026-01-18,No,105586.72,30932.48
TXN03538,2025-01-13,STR002,PRD029,24,178,496,0,5,1,No,Low,2025-02-19,No,45878.88,14880.0
TXN03539,2025-03-21,STR003,PRD009,14,66,483,0,4,0,No,Medium,2025-12-02,No,79788.66,22565.76
TXN03540,2025-03-29,STR003,PRD028,32,196,79,0,4,0,No,Medium,2025-10-08,No,168629.12,37950.08
TXN03541,2025-02-26,STR004,PRD030,24,176,568,0,8,1,Yes,Medium,2025-06-02,No,107970.24,19789.44
TXN03542,2025-03-04,STR003,PRD047,16,203,851,0,8,1,No,Medium,2025-10-27,No,88141.92,17878.88
TXN03543,2025-04-08,STR004,PRD057,18,182,183,0,4,1,Yes,Medium,2025-10-27,No,61226.82,15617.88
TXN03544,2025-06-29,STR003,PRD024,14,60,105,0,6,1,Yes,Medium,2026-06-17,No,26640.6,6332.06
TXN03545,2025-03-27,STR004,PRD056,15,139,672,0,9,2,No,Low,2025-05-23,No,50215.35,8159.55
TXN03546,2025-01-03,STR001,PRD010,16,161,741,0,9,0,No,Low,2025-05-08,No,31486.88,5790.88
TXN03547,2025-01-31,STR002,PRD010,15,29,351,58,9,0,Yes,Medium,2025-10-07,No,29518.95,5428.95
TXN03548,2025-05-03,STR001,PRD019,23,154,722,0,4,0,No,Medium,2025-12-24,No,38007.96,5943.2
TXN03549,2025-02-04,STR002,PRD049,15,180,373,0,4,0,Yes,Medium,2025-03-20,No,77993.4,19736.4
TXN03550,2025-01-27,STR001,PRD045,13,7,337,65,6,0,Yes,Low,2025-09-04,No,71319.69,13905.06
TXN03551,2025-05-09,STR002,PRD035,12,196,307,0,5,3,No,Low,2025-06-11,No,23940.84,7971.12
TXN03552,2025-05-18,STR002,PRD043,17,0,535,47,5,0,No,Medium,2026-02-25,Yes,66958.41,10645.57
TXN03553,2025-05-24,STR001,PRD011,11,21,945,70,8,1,Yes,Low,2026-04-14,No,24479.18,3777.29
TXN03554,2025-06-02,STR004,PRD014,12,213,416,0,6,1,No,Low,2025-11-18,No,15670.92,5030.76
TXN03555,2025-04-25,STR004,PRD041,18,16,861,124,6,0,No,Low,2026-04-16,No,8934.12,2562.84
TXN03556,2025-04-19,STR003,PRD025,23,14,991,48,4,0,Yes,Low,2025-08-31,No,156453.82,42586.34
TXN03557,2025-05-16,STR002,PRD005,27,31,803,0,4,1,No,Medium,2025-10-09,No,47562.12,11716.92
TXN03558,2025-04-21,STR001,PRD003,37,141,652,0,4,1,No,High,2025-06-14,No,188307.43,59529.3
TXN03559,2025-04-29,STR003,PRD014,14,127,408,0,6,0,Yes,Medium,2025-10-11,No,18282.74,5869.22
TXN03560,2025-05-12,STR002,PRD016,13,31,180,99,4,1,Yes,High,2026-03-23,No,74042.54,16041.48
TXN03561,2025-06-27,STR001,PRD024,10,182,288,0,6,0,No,Medium,2026-01-28,No,19029.0,4522.9
TXN03562,2025-03-10,STR001,PRD001,24,0,489,193,3,0,No,Medium,2026-03-09,Yes,91920.96,12593.52
TXN03563,2025-04-05,STR003,PRD018,14,59,528,186,9,1,No,High,2025-07-18,No,82316.92,27249.04
TXN03564,2025-02-20,STR004,PRD026,20,8,248,55,9,0,Yes,High,2025-11-06,No,33664.4,7020.6
TXN03565,2025-03-15,STR004,PRD007,42,115,833,0,6,1,No,High,2026-02-25,No,147468.72,27297.48
TXN03566,2025-01-22,STR004,PRD034,7,108,498,0,8,0,No,Low,2025-06-25,No,21932.54,5737.06
TXN03567,2025-06-20,STR002,PRD014,13,62,710,0,6,0,Yes,Medium,2025-10-14,No,16976.83,5449.99
TXN03568,2025-01-08,STR002,PRD005,24,198,902,0,4,3,No,High,2025-05-04,No,42277.44,10415.04
TXN03569,2025-01-19,STR001,PRD004,37,53,781,0,4,1,Yes,High,2025-11-22,No,132120.34,18333.87
TXN03570,2025-01-16,STR002,PRD054,14,191,917,0,6,0,Yes,High,2025-09-01,No,48906.76,7374.64
TXN03571,2025-03-05,STR001,PRD047,23,188,92,0,8,1,No,Medium,2026-02-23,No,126704.01,25700.89
TXN03572,2025-02-19,STR003,PRD021,12,0,673,118,6,1,Yes,Medium,2025-12-25,Yes,29944.8,5466.6
TXN03573,2025-05-09,STR001,PRD006,24,44,965,179,5,1,Yes,Medium,2025-10-03,No,98754.48,28246.08
TXN03574,2025-03-20,STR003,PRD057,15,0,928,29,4,1,Yes,High,2025-05-24,Yes,51022.35,13014.9
TXN03575,2025-04-12,STR001,PRD027,28,93,567,0,4,2,No,High,2025-06-15,No,135959.88,25438.28
TXN03576,2025-04-19,STR003,PRD063,18,70,226,0,6,1,No,Medium,2025-09-26,No,46103.58,12101.58
TXN03577,2025-06-21,STR002,PRD063,17,227,418,0,6,1,No,Medium,2026-02-24,No,43542.27,11429.27
TXN03578,2025-01-14,STR003,PRD028,35,18,950,156,4,0,No,High,2025-03-18,No,184438.1,41507.9
TXN03579,2025-05-02,STR004,PRD026,35,123,272,0,9,0,No,High,2026-03-10,No,58912.7,12286.05
TXN03580,2025-01-28,STR004,PRD037,13,0,752,184,6,0,No,Low,2026-01-22,Yes,14517.23,3917.68
TXN03581,2025-06-02,STR001,PRD048,8,23,599,57,8,2,No,High,2026-03-21,No,26207.36,4719.2
TXN03582,2025-06-19,STR002,PRD021,20,45,945,0,6,0,No,High,2026-05-05,No,49908.0,9111.0
TXN03583,2025-05-29,STR002,PRD024,13,95,650,0,6,0,Yes,High,2026-04-30,No,24737.7,5879.77
TXN03584,2025-01-16,STR004,PRD012,12,66,372,0,5,1,No,High,2025-04-24,No,30294.12,6447.72
TXN03585,2025-05-03,STR002,PRD006,22,48,747,135,5,0,Yes,Medium,2025-12-11,No,90524.94,25892.24
TXN03586,2025-03-01,STR001,PRD010,20,0,932,42,9,0,No,High,2025-08-07,Yes,39358.6,7238.6
TXN03587,2025-02-14,STR001,PRD053,16,52,976,53,4,0,Yes,High,2026-02-11,No,32680.0,4754.88
TXN03588,2025-02-27,STR004,PRD044,12,139,510,0,5,0,Yes,High,2025-07-27,No,14412.36,1892.28
TXN03589,2025-03-02,STR004,PRD044,14,131,861,0,5,0,Yes,Low,2025-05-28,No,16814.42,2207.66
TXN03590,2025-06-15,STR001,PRD011,18,150,612,0,8,1,No,Low,2026-01-31,No,40056.84,6181.02
TXN03591,2025-02-10,STR003,PRD046,23,218,952,0,6,0,Yes,Low,2025-12-01,No,118520.15,29252.09
TXN03592,2025-05-12,STR002,PRD025,23,159,641,0,4,0,Yes,Low,2025-08-24,No,156453.82,42586.34
TXN03593,2025-02-01,STR001,PRD061,24,0,65,49,8,0,Yes,Low,2025-05-31,Yes,104926.8,24420.48
TXN03594,2025-01-01,STR001,PRD026,24,0,584,197,9,0,No,Medium,2025-09-10,Yes,40397.28,8424.72
TXN03595,2025-04-08,STR002,PRD021,17,12,981,31,6,0,Yes,High,2026-03-27,No,42421.8,7744.35
TXN03596,2025-06-02,STR004,PRD045,10,161,938,0,6,2,No,High,2026-01-15,No,54861.3,10696.2
TXN03597,2025-02-01,STR004,PRD062,20,0,135,160,4,2,No,Low,2025-09-09,Yes,59908.4,11468.8
TXN03598,2025-04-09,STR001,PRD062,12,191,145,0,4,0,No,Low,2025-09-06,No,35945.04,6881.28
TXN03599,2025-05-22,STR001,PRD035,14,60,1000,0,5,0,No,High,2025-10-23,No,27930.98,9299.64
TXN03600,2025-06-14,STR004,PRD050,17,224,137,0,6,2,Yes,Medium,2025-12-02,No,115955.64,37153.16
TXN03601,2025-04-18,STR003,PRD013,15,185,819,0,4,0,Yes,Low,2025-10-26,No,86295.45,24892.95
TXN03602,2025-03-21,STR002,PRD033,12,92,937,0,4,0,No,High,2025-06-09,No,43792.92,8531.76
TXN03603,2025-01-09,STR001,PRD052,14,0,800,70,3,1,Yes,Medium,2025-09-02,Yes,41981.94,13897.8
TXN03604,2025-02-16,STR003,PRD046,17,0,886,114,6,1,No,Medium,2026-01-13,Yes,87601.85,21621.11
TXN03605,2025-04-08,STR003,PRD002,30,183,126,0,4,0,No,Low,2025-05-31,No,52185.0,8655.3
TXN03606,2025-04-22,STR002,PRD029,29,219,968,0,5,0,No,Medium,2025-10-06,No,55436.98,17980.0
TXN03607,2025-01-24,STR003,PRD044,20,0,976,23,5,0,No,Medium,2025-07-26,Yes,24020.6,3153.8
TXN03608,2025-01-23,STR003,PRD012,15,166,142,0,5,2,Yes,Medium,2025-02-22,No,37867.65,8059.65
TXN03609,2025-04-25,STR004,PRD033,21,117,381,0,4,0,Yes,Medium,2026-04-04,No,76637.61,14930.58
TXN03610,2025-06-01,STR004,PRD002,24,173,683,0,4,1,No,Low,2026-03-25,No,41748.0,6924.24
TXN03611,2025-06-07,STR003,PRD005,21,73,841,0,4,0,Yes,Medium,2026-02-06,No,36992.76,9113.16
TXN03612,2025-05-21,STR002,PRD030,27,48,194,161,8,0,No,High,2026-04-06,No,121466.52,22263.12
TXN03613,2025-05-25,STR001,PRD005,43,60,213,0,4,0,No,High,2026-02-14,No,75747.08,18660.28
TXN03614,2025-01-04,STR004,PRD060,20,115,289,0,4,0,No,High,2025-11-14,No,31362.0,6453.8
TXN03615,2025-05-14,STR004,PRD001,36,108,171,0,3,0,No,High,2026-05-07,No,137881.44,18890.28
TXN03616,2025-05-05,STR002,PRD063,25,175,679,0,6,0,Yes,Medium,2025-06-19,No,64032.75,16807.75
TXN03617,2025-04-05,STR003,PRD011,9,196,655,0,8,1,No,Low,2025-11-06,No,20028.42,3090.51
TXN03618,2025-04-27,STR001,PRD046,16,200,129,0,6,0,No,Medium,2025-06-07,No,82448.8,20349.28
TXN03619,2025-06-27,STR001,PRD053,21,131,292,0,4,1,Yes,Low,2025-09-09,No,42892.5,6240.78
TXN03620,2025-02-03,STR002,PRD009,13,97,952,0,4,1,No,Medium,2026-01-22,No,74089.47,20953.92
TXN03621,2025-05-14,STR003,PRD025,38,105,900,0,4,0,Yes,Medium,2025-06-20,No,258488.92,70360.04
TXN03622,2025-03-19,STR001,PRD050,10,240,130,0,6,1,Yes,High,2025-10-23,No,68209.2,21854.8
TXN03623,2025-02-05,STR001,PRD048,15,225,124,0,8,0,No,Medium,2025-08-25,No,49138.8,8848.5
TXN03624,2025-05-11,STR001,PRD058,13,67,170,0,8,0,No,Medium,2026-01-29,No,49235.03,13094.12
TXN03625,2025-03-16,STR003,PRD045,16,164,142,0,6,0,Yes,Medium,2025-09-13,No,87778.08,17113.92
TXN03626,2025-04-09,STR003,PRD057,18,136,239,0,4,1,Yes,Low,2026-02-10,No,61226.82,15617.88
TXN03627,2025-06-22,STR004,PRD026,32,109,198,0,9,0,No,Low,2026-05-29,No,53863.04,11232.96
TXN03628,2025-06-01,STR001,PRD064,15,88,191,0,5,0,No,Medium,2025-09-29,No,52998.6,7013.55
TXN03629,2025-02-11,STR001,PRD060,17,19,538,174,4,0,No,High,2026-01-07,No,26657.7,5485.73
TXN03630,2025-01-20,STR001,PRD023,19,96,104,0,4,0,No,High,2025-08-25,No,72709.39,12613.91
TXN03631,2025-03-10,STR002,PRD058,15,219,185,0,8,1,Yes,High,2025-10-03,No,56809.65,15108.6
TXN03632,2025-06-24,STR002,PRD018,21,54,547,115,9,1,Yes,Medium,2026-03-03,No,123475.38,40873.56
TXN03633,2025-05-10,STR001,PRD034,16,16,915,20,8,0,Yes,Low,2025-12-13,No,50131.52,13113.28
TXN03634,2025-05-08,STR003,PRD043,15,197,50,0,5,0,Yes,High,2025-07-02,No,59080.95,9393.15
TXN03635,2025-01-17,STR003,PRD038,21,140,458,0,3,0,Yes,High,2025-08-10,No,99818.04,26354.58
TXN03636,2025-04-15,STR001,PRD043,14,56,104,0,5,0,No,Low,2025-08-31,No,55142.22,8766.94
TXN03637,2025-02-04,STR003,PRD025,29,187,935,0,4,1,No,Low,2025-11-18,No,197267.86,53695.82
TXN03638,2025-02-11,STR002,PRD052,7,228,623,0,3,2,No,High,2025-08-03,No,20990.97,6948.9
TXN03639,2025-01-02,STR003,PRD035,14,0,547,42,5,2,Yes,Low,2025-06-15,Yes,27930.98,9299.64
TXN03640,2025-04-26,STR004,PRD014,15,46,142,0,6,1,Yes,Medium,2025-07-02,No,19588.65,6288.45
TXN03641,2025-04-10,STR002,PRD010,18,223,605,0,9,0,No,Low,2026-01-11,No,35422.74,6514.74
TXN03642,2025-01-17,STR001,PRD013,20,0,625,109,4,0,Yes,Low,2025-04-16,Yes,115060.6,33190.6
TXN03643,2025-05-28,STR004,PRD017,14,81,51,0,4,0,Yes,Medium,2025-08-21,No,58955.96,8395.1
TXN03644,2025-06-18,STR003,PRD021,14,8,240,100,6,0,No,Low,2025-08-09,No,34935.6,6377.7
TXN03645,2025-04-03,STR002,PRD063,14,44,886,0,6,0,No,Low,2026-02-18,No,35858.34,9412.34
TXN03646,2025-02-04,STR001,PRD018,20,31,83,31,9,0,No,Low,2025-10-12,No,117595.6,38927.2
TXN03647,2025-06-01,STR004,PRD050,18,62,746,0,6,0,Yes,Low,2026-03-05,No,122776.56,39338.64
TXN03648,2025-03-07,STR004,PRD044,9,222,767,0,5,1,Yes,High,2026-01-24,No,10809.27,1419.21
TXN03649,2025-03-21,STR002,PRD029,41,141,385,0,5,0,No,Low,2026-03-16,No,78376.42,25420.0
TXN03650,2025-02-06,STR002,PRD015,8,196,631,0,9,0,No,Medium,2026-01-05,No,33352.4,10195.68
TXN03651,2025-05-23,STR002,PRD013,11,135,268,0,4,1,No,Medium,2025-08-28,No,63283.33,18254.83
TXN03652,2025-06-02,STR002,PRD021,11,54,335,0,6,0,No,Low,2026-01-29,No,27449.4,5011.05
TXN03653,2025-01-23,STR002,PRD014,17,228,689,0,6,1,Yes,Medium,2025-06-05,No,22200.47,7126.91
TXN03654,2025-03-21,STR002,PRD009,16,191,601,0,4,0,Yes,Low,2025-05-26,No,91187.04,25789.44
TXN03655,2025-01-10,STR001,PRD058,13,53,390,0,8,0,Yes,Low,2025-08-08,No,49235.03,13094.12
TXN03656,2025-05-24,STR001,PRD051,16,153,675,0,8,1,No,Low,2025-09-24,No,33751.84,4575.36
TXN03657,2025-01-18,STR004,PRD059,14,105,963,0,4,0,No,Low,2025-08-20,No,92388.38,27065.92
TXN03658,2025-04-23,STR003,PRD058,14,51,586,0,8,1,Yes,Medium,2025-08-08,No,53022.34,14101.36
TXN03659,2025-04-18,STR001,PRD010,13,122,111,0,9,0,No,Medium,2026-02-21,No,25583.09,4705.09
TXN03660,2025-04-22,STR003,PRD031,21,169,489,0,5,1,No,Low,2026-03-19,No,66667.02,21318.15
TXN03661,2025-05-21,STR001,PRD022,19,37,784,0,9,2,No,Medium,2026-03-24,No,94986.13,26613.49
TXN03662,2025-05-09,STR004,PRD055,15,34,360,160,6,0,Yes,Medium,2025-10-02,No,45515.7,6753.3
TXN03663,2025-04-08,STR003,PRD053,17,218,866,0,4,1,No,Medium,2025-07-17,No,34722.5,5052.06
TXN03664,2025-05-19,STR002,PRD030,24,60,392,0,8,1,Yes,Medium,2026-01-31,No,107970.24,19789.44
TXN03665,2025-03-12,STR001,PRD027,18,82,418,0,4,1,No,High,2025-09-29,No,87402.78,16353.18
TXN03666,2025-04-01,STR003,PRD039,15,5,456,113,8,1,Yes,Low,2026-02-14,Yes,47063.55,15659.4
TXN03667,2025-02-16,STR004,PRD027,21,131,84,0,4,1,No,Medium,2025-05-11,No,101969.91,19078.71
TXN03668,2025-01-11,STR004,PRD031,35,126,766,0,5,0,No,High,2025-02-24,No,111111.7,35530.25
TXN03669,2025-06-20,STR001,PRD018,10,143,154,0,9,2,Yes,Low,2025-08-31,No,58797.8,19463.6
TXN03670,2025-01-26,STR001,PRD062,20,98,847,0,4,0,No,Low,2025-12-29,No,59908.4,11468.8
TXN03671,2025-06-25,STR001,PRD038,15,0,386,56,3,1,No,High,2026-03-09,Yes,71298.6,18824.7
TXN03672,2025-06-24,STR003,PRD048,15,84,105,0,8,2,Yes,Low,2026-06-13,No,49138.8,8848.5
TXN03673,2025-01-07,STR003,PRD004,29,154,685,0,4,0,No,Low,2025-07-17,No,103553.78,14369.79
TXN03674,2025-03-10,STR003,PRD053,20,158,135,0,4,0,Yes,Low,2025-05-21,No,40850.0,5943.6
TXN03675,2025-06-20,STR003,PRD058,15,19,498,66,8,1,No,High,2026-01-18,No,56809.65,15108.6
TXN03676,2025-01-16,STR001,PRD032,15,25,827,126,4,0,Yes,Low,2025-07-28,No,17470.5,2898.0
TXN03677,2025-01-29,STR004,PRD017,14,72,269,0,4,1,Yes,Medium,2026-01-29,No,58955.96,8395.1
TXN03678,2025-06-25,STR004,PRD059,13,162,652,0,4,1,No,Medium,2026-06-14,No,85789.21,25132.64
TXN03679,2025-06-08,STR001,PRD024,16,70,82,0,6,1,No,Medium,2025-07-30,No,30446.4,7236.64
TXN03680,2025-05-07,STR001,PRD012,16,9,771,133,5,1,Yes,Low,2026-01-29,No,40392.16,8596.96
TXN03681,2025-06-02,STR001,PRD059,16,124,100,0,4,0,No,High,2026-04-30,No,105586.72,30932.48
TXN03682,2025-06-22,STR003,PRD046,19,74,709,0,6,1,Yes,Low,2025-08-24,No,97907.95,24164.77
TXN03683,2025-01-13,STR002,PRD046,16,0,344,120,6,0,Yes,Medium,2025-02-18,Yes,82448.8,20349.28
TXN03684,2025-02-22,STR004,PRD030,42,0,334,20,8,0,No,Low,2025-04-09,Yes,188947.92,34631.52
TXN03685,2025-02-24,STR003,PRD019,17,92,96,0,4,0,No,Low,2025-05-01,No,28092.84,4392.8
TXN03686,2025-05-19,STR004,PRD006,35,125,678,0,5,2,Yes,Low,2026-05-18,No,144016.95,41192.2
TXN03687,2025-03-28,STR001,PRD045,11,214,680,0,6,1,Yes,High,2025-10-27,No,60347.43,11765.82
TXN03688,2025-03-30,STR002,PRD038,16,178,818,0,3,0,Yes,Medium,2026-02-13,No,76051.84,20079.68
TXN03689,2025-03-29,STR002,PRD044,11,26,420,31,5,1,No,Low,2025-05-15,No,13211.33,1734.59
TXN03690,2025-01-16,STR001,PRD024,16,88,548,0,6,0,Yes,High,2025-02-24,No,30446.4,7236.64
TXN03691,2025-04-12,STR001,PRD009,14,132,488,0,4,1,Yes,Low,2026-02-15,No,79788.66,22565.76
TXN03692,2025-04-10,STR003,PRD057,18,165,499,0,4,0,No,Medium,2025-06-01,No,61226.82,15617.88
TXN03693,2025-06-28,STR001,PRD030,29,93,562,0,8,0,No,High,2025-09-30,No,130464.04,23912.24
TXN03694,2025-02-25,STR001,PRD048,20,149,248,0,8,1,No,Medium,2026-01-18,No,65518.4,11798.0
TXN03695,2025-06-28,STR004,PRD024,16,230,433,0,6,1,Yes,Low,2025-07-29,No,30446.4,7236.64
TXN03696,2025-04-11,STR003,PRD052,18,107,519,0,3,0,No,Low,2025-10-29,No,53976.78,17868.6
TXN03697,2025-03-25,STR004,PRD017,20,0,214,75,4,0,No,Low,2025-05-31,Yes,84222.8,11993.0
TXN03698,2025-05-07,STR003,PRD035,15,39,370,117,5,1,No,Low,2025-12-23,No,29926.05,9963.9
TXN03699,2025-02-17,STR003,PRD022,13,60,158,0,9,0,No,High,2025-07-27,No,64990.51,18209.23
TXN03700,2025-02-17,STR003,PRD023,15,134,112,0,4,0,Yes,High,2026-01-06,No,57402.15,9958.35
TXN03701,2025-06-29,STR003,PRD041,11,188,203,0,6,0,Yes,Low,2026-01-02,No,5459.74,1566.18
TXN03702,2025-03-26,STR002,PRD015,10,209,147,0,9,0,Yes,Low,2025-05-11,No,41690.5,12744.6
TXN03703,2025-05-27,STR004,PRD059,11,0,966,184,4,0,No,High,2025-07-19,Yes,72590.87,21266.08
TXN03704,2025-04-02,STR001,PRD056,19,43,702,21,9,1,No,High,2025-09-08,No,63606.11,10335.43
TXN03705,2025-03-04,STR003,PRD007,15,23,140,49,6,0,No,Medium,2025-11-16,No,52667.4,9749.1
TXN03706,2025-02-26,STR001,PRD027,28,129,999,0,4,1,Yes,Medium,2025-09-15,No,135959.88,25438.28
TXN03707,2025-04-27,STR003,PRD059,11,74,822,0,4,0,No,Medium,2026-03-12,No,72590.87,21266.08
TXN03708,2025-02-17,STR004,PRD057,9,13,657,63,4,1,No,Medium,2025-06-12,No,30613.41,7808.94
TXN03709,2025-04-12,STR003,PRD041,7,4,913,79,6,2,Yes,Medium,2025-08-11,Yes,3474.38,996.66
TXN03710,2025-01-03,STR003,PRD015,11,215,760,0,9,1,Yes,Medium,2025-08-10,No,45859.55,14019.06
TXN03711,2025-04-01,STR004,PRD023,15,118,241,0,4,0,Yes,Medium,2025-12-23,No,57402.15,9958.35
TXN03712,2025-04-29,STR003,PRD042,15,212,75,0,4,0,Yes,Low,2026-01-11,No,94485.3,27607.65
TXN03713,2025-01-30,STR002,PRD037,18,5,912,108,6,0,Yes,Low,2025-12-07,Yes,20100.78,5424.48
TXN03714,2025-01-02,STR002,PRD052,17,29,491,68,3,0,Yes,Low,2025-12-29,No,50978.07,16875.9
TXN03715,2025-06-05,STR003,PRD038,14,171,726,0,3,0,Yes,Low,2026-01-01,No,66545.36,17569.72
TXN03716,2025-05-15,STR002,PRD034,11,190,177,0,8,1,No,High,2025-06-16,No,34465.42,9015.38
TXN03717,2025-06-25,STR004,PRD034,21,72,629,0,8,0,Yes,Medium,2025-09-17,No,65797.62,17211.18
TXN03718,2025-01-29,STR001,PRD023,10,118,497,0,4,0,Yes,High,2025-09-06,No,38268.1,6638.9
TXN03719,2025-03-27,STR004,PRD029,46,94,133,0,5,0,No,High,2025-12-19,No,87934.52,28520.0
TXN03720,2025-06-26,STR003,PRD046,14,235,531,0,6,1,Yes,High,2025-09-12,No,72142.7,17805.62
TXN03721,2025-04-08,STR002,PRD014,20,122,579,0,6,0,Yes,High,2025-06-02,No,26118.2,8384.6
TXN03722,2025-03-28,STR004,PRD018,13,221,292,0,9,1,No,High,2026-03-02,No,76437.14,25302.68
TXN03723,2025-02-25,STR002,PRD017,16,1,434,160,4,0,Yes,High,2026-01-18,Yes,67378.24,9594.4
TXN03724,2025-05-03,STR001,PRD060,22,208,226,0,4,1,No,Medium,2025-11-08,No,34498.2,7099.18
TXN03725,2025-01-14,STR004,PRD045,16,152,148,0,6,2,Yes,Low,2025-10-15,No,87778.08,17113.92
TXN03726,2025-02-11,STR003,PRD029,22,0,614,65,5,0,Yes,High,2025-08-10,Yes,42055.64,13640.0
TXN03727,2025-05-18,STR003,PRD050,9,23,998,180,6,0,Yes,Low,2025-09-04,No,61388.28,19669.32
TXN03728,2025-01-16,STR003,PRD061,10,54,140,0,8,1,No,Medium,2025-10-22,No,43719.5,10175.2
TXN03729,2025-03-13,STR003,PRD044,15,152,266,0,5,1,Yes,High,2026-01-05,No,18015.45,2365.35
TXN03730,2025-01-29,STR003,PRD033,14,2,418,127,4,2,Yes,High,2025-03-05,Yes,51091.74,9953.72
TXN03731,2025-06-22,STR001,PRD057,17,15,802,180,4,0,Yes,Low,2025-08-09,No,57825.33,14750.22
TXN03732,2025-06-12,STR001,PRD058,5,48,101,0,8,0,No,High,2025-09-26,No,18936.55,5036.2
TXN03733,2025-02-26,STR004,PRD020,17,201,184,0,5,1,Yes,High,2025-11-07,No,59591.8,18264.29
TXN03734,2025-05-08,STR002,PRD035,18,73,920,0,5,0,Yes,High,2025-07-29,No,35911.26,11956.68
TXN03735,2025-03-04,STR002,PRD032,32,151,248,0,4,1,Yes,Low,2025-12-16,No,37270.4,6182.4
TXN03736,2025-01-24,STR001,PRD061,8,98,393,0,8,2,Yes,Medium,2025-07-02,No,34975.6,8140.16
TXN03737,2025-04-12,STR004,PRD048,12,38,748,20,8,1,Yes,Medium,2026-03-12,No,39311.04,7078.8
TXN03738,2025-03-01,STR003,PRD038,11,228,898,0,3,1,No,Medium,2025-11-21,No,52285.64,13804.78
TXN03739,2025-04-02,STR003,PRD044,20,81,974,0,5,1,Yes,High,2026-02-01,No,24020.6,3153.8
TXN03740,2025-02-27,STR002,PRD050,11,22,750,38,6,0,Yes,High,2025-06-19,No,75030.12,24040.28
TXN03741,2025-06-03,STR003,PRD036,13,9,749,126,9,0,Yes,Medium,2025-12-02,No,48169.81,14116.05
TXN03742,2025-04-07,STR001,PRD018,11,210,672,0,9,2,Yes,Low,2026-03-01,No,64677.58,21409.96
TXN03743,2025-05-16,STR002,PRD057,15,40,172,0,4,1,Yes,Medium,2025-10-19,No,51022.35,13014.9
TXN03744,2025-05-19,STR001,PRD030,28,0,446,178,8,0,No,Low,2025-09-03,Yes,125965.28,23087.68
TXN03745,2025-05-26,STR004,PRD017,15,5,171,71,4,1,No,Medium,2025-07-02,Yes,63167.1,8994.75
TXN03746,2025-05-09,STR004,PRD015,14,0,465,113,9,0,No,Medium,2025-12-26,Yes,58366.7,17842.44
TXN03747,2025-04-28,STR002,PRD021,22,222,821,0,6,0,Yes,Medium,2025-09-24,No,54898.8,10022.1
TXN03748,2025-06-29,STR004,PRD012,21,79,206,0,5,0,Yes,High,2026-04-17,No,53014.71,11283.51
TXN03749,2025-04-11,STR002,PRD035,17,75,420,0,5,1,Yes,Medium,2026-03-04,No,33916.19,11292.42
TXN03750,2025-03-15,STR002,PRD042,11,188,831,0,4,1,No,Medium,2026-03-15,No,69289.22,20245.61
TXN03751,2025-01-10,STR004,PRD053,15,97,491,0,4,0,No,Low,2025-07-15,No,30637.5,4457.7
TXN03752,2025-06-04,STR001,PRD021,11,186,243,0,6,2,Yes,High,2026-02-02,No,27449.4,5011.05
TXN03753,2025-03-30,STR001,PRD013,12,0,712,97,4,1,No,Low,2025-12-17,Yes,69036.36,19914.36
TXN03754,2025-02-18,STR002,PRD039,16,17,444,63,8,1,Yes,Medium,2025-05-19,No,50201.12,16703.36
TXN03755,2025-01-23,STR003,PRD040,20,55,311,57,8,0,Yes,Medium,2025-05-03,No,39815.8,10182.8
TXN03756,2025-03-29,STR001,PRD041,11,229,720,0,6,0,No,Medium,2025-07-14,No,5459.74,1566.18
TXN03757,2025-01-26,STR003,PRD044,13,160,577,0,5,2,Yes,High,2025-11-04,No,15613.39,2049.97
TXN03758,2025-06-02,STR003,PRD004,37,0,467,179,4,0,Yes,High,2025-11-01,Yes,132120.34,18333.87
TXN03759,2025-03-21,STR001,PRD064,18,214,890,0,5,0,Yes,High,2026-02-21,No,63598.32,8416.26
TXN03760,2025-05-27,STR001,PRD013,21,153,439,0,4,1,No,Low,2025-10-06,No,120813.63,34850.13
TXN03761,2025-05-24,STR003,PRD031,35,171,295,0,5,0,Yes,High,2025-11-14,No,111111.7,35530.25
TXN03762,2025-04-28,STR002,PRD008,26,201,424,0,8,0,Yes,Medium,2026-02-24,No,60780.72,18985.72
TXN03763,2025-03-02,STR003,PRD052,11,46,316,82,3,1,Yes,Low,2025-08-02,No,32985.81,10919.7
TXN03764,2025-01-20,STR004,PRD046,14,6,904,200,6,0,No,High,2025-11-16,No,72142.7,17805.62
TXN03765,2025-05-08,STR001,PRD030,33,0,786,115,8,0,No,Medium,2026-02-01,Yes,148459.08,27210.48
TXN03766,2025-04-10,STR004,PRD010,12,222,756,0,9,2,No,Medium,2025-10-26,No,23615.16,4343.16
TXN03767,2025-04-27,STR003,PRD061,15,87,650,0,8,1,No,High,2026-04-17,No,65579.25,15262.8
TXN03768,2025-03-27,STR003,PRD004,22,70,295,0,4,0,No,Medium,2026-02-08,No,78558.04,10901.22
TXN03769,2025-05-01,STR001,PRD046,14,205,327,0,6,0,No,Medium,2026-03-31,No,72142.7,17805.62
TXN03770,2025-05-09,STR004,PRD052,12,85,876,0,3,1,Yes,Medium,2025-09-22,No,35984.52,11912.4
TXN03771,2025-03-13,STR003,PRD056,13,19,231,40,9,1,No,Medium,2025-10-18,No,43519.97,7071.61
TXN03772,2025-01-06,STR001,PRD035,13,124,764,0,5,1,Yes,High,2025-07-25,No,25935.91,8635.38
TXN03773,2025-06-08,STR003,PRD020,16,218,363,0,5,0,Yes,Medium,2025-10-10,No,56086.4,17189.92
TXN03774,2025-04-13,STR003,PRD037,15,137,196,0,6,0,No,Medium,2026-03-03,No,16750.65,4520.4
TXN03775,2025-04-08,STR004,PRD033,18,83,359,0,4,1,No,Low,2025-07-04,No,65689.38,12797.64
TXN03776,2025-03-03,STR001,PRD019,15,0,940,136,4,0,No,Low,2025-08-02,Yes,24787.8,3876.0
TXN03777,2025-04-05,STR001,PRD049,16,182,784,0,4,2,Yes,Medium,2025-08-05,No,83192.96,21052.16
TXN03778,2025-04-09,STR002,PRD034,14,17,103,93,8,1,No,High,2026-02-11,No,43865.08,11474.12
TXN03779,2025-05-30,STR004,PRD011,18,32,303,0,8,0,Yes,Medium,2025-08-27,No,40056.84,6181.02
TXN03780,2025-03-19,STR004,PRD064,6,192,374,0,5,0,No,Low,2025-05-16,No,21199.44,2805.42
TXN03781,2025-04-26,STR001,PRD064,12,133,472,0,5,0,Yes,High,2026-01-15,No,42398.88,5610.84
TXN03782,2025-02-27,STR004,PRD056,19,7,975,194,9,1,Yes,Low,2025-12-27,No,63606.11,10335.43
TXN03783,2025-06-15,STR002,PRD005,27,99,593,0,4,0,No,Low,2025-09-25,No,47562.12,11716.92
TXN03784,2025-01-31,STR004,PRD027,23,71,797,0,4,1,No,Low,2025-12-12,No,111681.33,20895.73
TXN03785,2025-03-13,STR001,PRD050,11,70,210,0,6,1,Yes,Medium,2025-09-02,No,75030.12,24040.28
TXN03786,2025-02-15,STR001,PRD044,17,93,960,0,5,1,No,Medium,2025-07-31,No,20417.51,2680.73
TXN03787,2025-06-24,STR003,PRD006,35,192,745,0,5,0,No,Low,2025-09-19,No,144016.95,41192.2
TXN03788,2025-05-08,STR004,PRD017,22,27,217,184,4,1,Yes,High,2026-03-04,No,92645.08,13192.3
TXN03789,2025-04-16,STR003,PRD053,20,183,399,0,4,0,Yes,Low,2025-12-29,No,40850.0,5943.6
TXN03790,2025-04-29,STR001,PRD019,14,101,185,0,4,1,No,Medium,2025-11-10,No,23135.28,3617.6
TXN03791,2025-04-15,STR003,PRD049,10,38,529,69,4,0,Yes,Low,2025-10-04,No,51995.6,13157.6
TXN03792,2025-01-16,STR004,PRD007,39,172,97,0,6,0,No,Low,2025-09-27,No,136935.24,25347.66
TXN03793,2025-05-18,STR002,PRD056,12,4,999,26,9,3,No,Medium,2026-05-15,Yes,40172.28,6527.64
TXN03794,2025-05-13,STR002,PRD052,11,157,96,0,3,1,Yes,Low,2025-08-28,No,32985.81,10919.7
TXN03795,2025-05-04,STR004,PRD010,13,206,748,0,9,1,Yes,High,2025-08-07,No,25583.09,4705.09
TXN03796,2025-01-17,STR004,PRD014,16,63,240,0,6,0,No,Medium,2025-05-26,No,20894.56,6707.68
TXN03797,2025-01-31,STR004,PRD013,19,89,77,0,4,0,No,Low,2025-12-20,No,109307.57,31531.07
TXN03798,2025-06-27,STR002,PRD002,18,178,990,0,4,0,Yes,Medium,2026-04-23,No,31311.0,5193.18
TXN03799,2025-06-10,STR004,PRD008,25,101,218,0,8,1,Yes,Low,2025-09-10,No,58443.0,18255.5
TXN03800,2025-02-20,STR003,PRD011,11,85,687,0,8,0,No,Medium,2025-06-08,No,24479.18,3777.29
TXN03801,2025-05-13,STR001,PRD022,22,176,450,0,9,0,Yes,High,2025-06-25,No,109983.94,30815.62
TXN03802,2025-06-03,STR004,PRD010,13,152,240,0,9,0,No,Low,2025-12-26,No,25583.09,4705.09
TXN03803,2025-02-02,STR001,PRD055,19,165,432,0,6,1,No,High,2025-06-21,No,57653.22,8554.18
TXN03804,2025-03-02,STR002,PRD027,23,20,705,58,4,1,No,Low,2026-02-10,No,111681.33,20895.73
TXN03805,2025-02-18,STR002,PRD024,13,215,584,0,6,0,Yes,Low,2025-08-14,No,24737.7,5879.77
TXN03806,2025-04-04,STR003,PRD046,16,202,535,0,6,2,Yes,Medium,2025-08-27,No,82448.8,20349.28
TXN03807,2025-02-03,STR004,PRD051,14,44,487,128,8,1,Yes,High,2025-08-31,No,29532.86,4003.44
TXN03808,2025-01-09,STR004,PRD024,16,104,456,0,6,0,Yes,Low,2025-11-17,No,30446.4,7236.64
TXN03809,2025-04-28,STR001,PRD056,23,0,241,150,9,1,No,High,2026-02-06,Yes,76996.87,12511.31
TXN03810,2025-01-31,STR002,PRD031,38,168,212,0,5,1,Yes,Medium,2025-03-21,No,120635.56,38575.7
TXN03811,2025-01-26,STR002,PRD008,20,105,177,0,8,0,Yes,Medium,2025-04-17,No,46754.4,14604.4
TXN03812,2025-04-01,STR004,PRD023,18,147,915,0,4,2,Yes,High,2026-02-11,No,68882.58,11950.02
TXN03813,2025-06-11,STR002,PRD027,28,152,141,0,4,1,No,High,2026-05-29,No,135959.88,25438.28
TXN03814,2025-04-22,STR003,PRD044,16,220,774,0,5,1,No,High,2025-10-01,No,19216.48,2523.04
TXN03815,2025-04-14,STR001,PRD045,22,100,255,0,6,0,No,Medium,2025-09-25,No,120694.86,23531.64
TXN03816,2025-02-03,STR002,PRD023,10,27,271,73,4,0,Yes,Low,2025-05-26,No,38268.1,6638.9
TXN03817,2025-05-11,STR002,PRD044,10,0,158,182,5,0,No,Medium,2025-08-27,Yes,12010.3,1576.9
TXN03818,2025-03-30,STR002,PRD035,18,125,736,0,5,0,Yes,High,2026-03-18,No,35911.26,11956.68
TXN03819,2025-02-17,STR004,PRD003,23,164,412,0,4,0,No,Low,2025-09-28,No,117055.97,37004.7
TXN03820,2025-02-16,STR004,PRD030,41,45,430,74,8,1,Yes,Medium,2025-07-20,No,184449.16,33806.96
TXN03821,2025-06-12,STR003,PRD045,18,184,789,0,6,2,No,Low,2025-08-15,No,98750.34,19253.16
TXN03822,2025-06-15,STR003,PRD058,10,19,106,156,8,0,No,Medium,2026-03-23,No,37873.1,10072.4
TXN03823,2025-03-12,STR004,PRD016,15,11,56,80,4,0,No,High,2025-09-19,No,85433.7,18509.4
TXN03824,2025-02-28,STR001,PRD010,22,197,622,0,9,0,No,Low,2026-02-27,No,43294.46,7962.46
TXN03825,2025-05-24,STR003,PRD025,26,12,959,23,4,0,Yes,Low,2026-01-06,No,176860.84,48141.08
TXN03826,2025-02-14,STR001,PRD007,32,137,108,0,6,0,No,High,2025-10-06,No,112357.12,20798.08
TXN03827,2025-02-28,STR001,PRD024,19,127,898,0,6,0,No,High,2025-10-03,No,36155.1,8593.51
TXN03828,2025-04-09,STR003,PRD024,15,1,798,100,6,0,No,Medium,2025-06-01,Yes,28543.5,6784.35
TXN03829,2025-04-03,STR004,PRD001,26,38,632,0,3,0,Yes,Low,2026-03-19,No,99581.04,13642.98
TXN03830,2025-06-18,STR001,PRD036,9,8,138,114,9,1,No,High,2025-12-02,No,33348.33,9772.65
TXN03831,2025-01-19,STR003,PRD059,18,1,834,164,4,1,No,Medium,2025-09-25,Yes,118785.06,34799.04
TXN03832,2025-03-11,STR003,PRD036,10,0,736,165,9,0,Yes,High,2025-10-19,Yes,37053.7,10858.5
TXN03833,2025-06-01,STR004,PRD033,16,38,378,171,4,0,No,High,2026-03-12,No,58390.56,11375.68
TXN03834,2025-04-02,STR003,PRD025,28,0,872,142,4,0,Yes,Low,2025-05-11,Yes,190465.52,51844.24
TXN03835,2025-03-06,STR004,PRD023,18,25,212,131,4,0,Yes,Low,2026-02-17,No,68882.58,11950.02
TXN03836,2025-06-16,STR003,PRD024,12,115,148,0,6,0,Yes,High,2025-08-30,No,22834.8,5427.48
TXN03837,2025-02-08,STR004,PRD001,25,0,635,71,3,1,Yes,High,2025-10-16,Yes,95751.0,13118.25
TXN03838,2025-06-08,STR004,PRD042,14,89,523,0,4,0,No,Medium,2025-07-26,No,88186.28,25767.14
TXN03839,2025-05-25,STR004,PRD059,26,218,585,0,4,0,No,Low,2025-07-31,No,171578.42,50265.28
TXN03840,2025-02-12,STR001,PRD046,18,91,552,0,6,1,No,Low,2025-04-23,No,92754.9,22892.94
TXN03841,2025-06-04,STR004,PRD034,15,182,239,0,8,0,Yes,Medium,2026-06-02,No,46998.3,12293.7
TXN03842,2025-04-10,STR003,PRD063,12,160,832,0,6,0,Yes,Medium,2025-10-30,No,30735.72,8067.72
TXN03843,2025-06-28,STR002,PRD002,32,214,593,0,4,0,No,High,2026-05-02,No,55664.0,9232.32
TXN03844,2025-04-18,STR002,PRD032,30,30,262,183,4,1,No,Low,2025-07-16,No,34941.0,5796.0
TXN03845,2025-06-04,STR004,PRD060,15,8,838,181,4,0,No,Medium,2025-12-09,No,23521.5,4840.35
TXN03846,2025-02-18,STR004,PRD042,13,0,738,151,4,0,No,Low,2025-07-17,Yes,81887.26,23926.63
TXN03847,2025-02-01,STR002,PRD013,11,26,212,31,4,0,Yes,High,2025-04-07,No,63283.33,18254.83
TXN03848,2025-04-01,STR004,PRD011,15,200,74,0,8,1,No,Medium,2025-11-10,No,33380.7,5150.85
TXN03849,2025-03-11,STR001,PRD004,26,118,705,0,4,1,No,Medium,2025-12-11,No,92841.32,12883.26
TXN03850,2025-01-02,STR003,PRD028,16,0,480,55,4,1,No,Medium,2025-07-07,Yes,84314.56,18975.04
TXN03851,2025-03-21,STR002,PRD042,14,125,731,0,4,0,No,Medium,2025-11-11,No,88186.28,25767.14
TXN03852,2025-03-18,STR002,PRD049,16,130,508,0,4,0,No,Medium,2025-06-01,No,83192.96,21052.16
TXN03853,2025-04-18,STR001,PRD028,22,76,961,0,4,1,No,Medium,2025-06-04,No,115932.52,26090.68
TXN03854,2025-03-07,STR002,PRD034,14,205,388,0,8,0,Yes,Low,2025-10-31,No,43865.08,11474.12
TXN03855,2025-03-04,STR003,PRD028,34,46,765,0,4,0,Yes,Medium,2025-07-13,No,179168.44,40321.96
TXN03856,2025-01-10,STR003,PRD049,15,135,806,0,4,1,No,Medium,2025-11-25,No,77993.4,19736.4
TXN03857,2025-04-20,STR003,PRD004,36,11,501,138,4,1,Yes,Low,2026-04-10,No,128549.52,17838.36
TXN03858,2025-05-25,STR002,PRD026,41,50,632,55,9,1,No,Low,2025-12-05,No,69012.02,14392.23
TXN03859,2025-02-22,STR003,PRD024,11,1,429,197,6,1,No,High,2025-03-28,Yes,20931.9,4975.19
TXN03860,2025-02-15,STR004,PRD036,12,82,408,0,9,1,Yes,Low,2025-12-12,No,44464.44,13030.2
TXN03861,2025-02-11,STR002,PRD062,19,99,473,0,4,0,Yes,Medium,2025-08-13,No,56912.98,10895.36
TXN03862,2025-03-02,STR002,PRD036,17,3,678,100,9,0,No,High,2026-02-12,Yes,62991.29,18459.45
TXN03863,2025-05-24,STR001,PRD001,35,160,393,0,3,0,No,Medium,2025-11-14,No,134051.4,18365.55
TXN03864,2025-04-16,STR002,PRD010,16,152,495,0,9,1,Yes,Medium,2025-11-01,No,31486.88,5790.88
TXN03865,2025-03-09,STR001,PRD027,24,166,276,0,4,1,No,High,2025-08-17,No,116537.04,21804.24
TXN03866,2025-01-19,STR003,PRD029,26,130,174,0,5,1,No,High,2025-12-23,No,49702.12,16120.0
TXN03867,2025-05-31,STR001,PRD059,14,48,298,175,4,2,No,Medium,2026-04-22,No,92388.38,27065.92
TXN03868,2025-04-26,STR002,PRD046,11,61,281,0,6,2,No,Medium,2025-10-08,No,56683.55,13990.13
TXN03869,2025-01-05,STR002,PRD032,29,165,742,0,4,1,Yes,Low,2025-05-29,No,33776.3,5602.8
TXN03870,2025-01-13,STR002,PRD024,12,139,386,0,6,2,No,Low,2025-12-18,No,22834.8,5427.48
TXN03871,2025-05-03,STR002,PRD016,15,170,273,0,4,1,No,Low,2025-10-07,No,85433.7,18509.4
TXN03872,2025-02-10,STR001,PRD031,23,224,58,0,5,0,No,Low,2025-04-12,No,73016.26,23348.45
TXN03873,2025-06-26,STR003,PRD064,14,30,931,49,5,1,No,Low,2026-03-28,No,49465.36,6545.98
TXN03874,2025-03-25,STR001,PRD064,21,56,406,152,5,0,Yes,Medium,2026-03-12,No,74198.04,9818.97
TXN03875,2025-04-16,STR001,PRD014,20,74,394,0,6,1,No,High,2025-07-22,No,26118.2,8384.6
TXN03876,2025-02-02,STR003,PRD058,19,0,60,82,8,0,Yes,Medium,2025-07-24,Yes,71958.89,19137.56
TXN03877,2025-05-26,STR001,PRD028,34,183,361,0,4,0,No,Low,2025-09-08,No,179168.44,40321.96
TXN03878,2025-06-06,STR003,PRD027,24,121,105,0,4,0,Yes,Low,2026-01-04,No,116537.04,21804.24
TXN03879,2025-01-28,STR003,PRD045,14,20,258,49,6,0,No,Medium,2025-09-16,No,76805.82,14974.68
TXN03880,2025-04-02,STR002,PRD043,12,123,773,0,5,1,No,Low,2025-10-18,No,47264.76,7514.52
TXN03881,2025-05-30,STR001,PRD044,21,65,743,180,5,2,No,Low,2026-04-09,No,25221.63,3311.49
TXN03882,2025-04-21,STR004,PRD056,13,235,875,0,9,0,Yes,High,2026-03-29,No,43519.97,7071.61
TXN03883,2025-02-25,STR002,PRD040,14,227,120,0,8,0,No,High,2025-09-27,No,27871.06,7127.96
TXN03884,2025-05-22,STR004,PRD033,14,62,243,0,4,1,No,High,2025-12-05,No,51091.74,9953.72
TXN03885,2025-04-12,STR003,PRD033,19,80,276,0,4,0,Yes,Low,2025-09-03,No,69338.79,13508.62
TXN03886,2025-05-19,STR004,PRD012,17,123,429,0,5,1,Yes,Low,2025-11-16,No,42916.67,9134.27
TXN03887,2025-02-16,STR003,PRD025,22,190,467,0,4,0,Yes,High,2025-05-26,No,149651.48,40734.76
TXN03888,2025-01-09,STR001,PRD033,19,200,304,0,4,0,Yes,Medium,2025-09-30,No,69338.79,13508.62
TXN03889,2025-03-16,STR002,PRD010,20,26,466,87,9,0,Yes,High,2025-06-09,No,39358.6,7238.6
TXN03890,2025-01-05,STR004,PRD020,13,64,287,0,5,0,No,High,2025-11-27,No,45570.2,13966.81
TXN03891,2025-04-17,STR004,PRD030,40,149,759,0,8,0,No,High,2025-05-31,No,179950.4,32982.4
TXN03892,2025-01-09,STR002,PRD063,14,127,860,0,6,0,No,High,2025-04-21,No,35858.34,9412.34
TXN03893,2025-05-26,STR001,PRD051,10,210,337,0,8,0,No,High,2025-07-20,No,21094.9,2859.6
TXN03894,2025-02-09,STR002,PRD036,14,212,874,0,9,0,Yes,High,2025-11-15,No,51875.18,15201.9
TXN03895,2025-04-23,STR003,PRD038,12,215,342,0,3,0,Yes,Medium,2025-10-04,No,57038.88,15059.76
TXN03896,2025-02-18,STR001,PRD058,15,0,262,97,8,1,No,Low,2025-06-07,Yes,56809.65,15108.6
TXN03897,2025-02-28,STR003,PRD012,19,118,862,0,5,0,No,Low,2025-06-21,No,47965.69,10208.89
TXN03898,2025-02-11,STR001,PRD042,13,195,622,0,4,0,No,Medium,2025-09-29,No,81887.26,23926.63
TXN03899,2025-03-28,STR004,PRD004,25,89,819,0,4,0,No,High,2025-07-17,No,89270.5,12387.75
TXN03900,2025-02-20,STR001,PRD021,18,33,582,54,6,0,Yes,High,2025-07-19,No,44917.2,8199.9
TXN03901,2025-01-03,STR002,PRD018,14,20,187,24,9,0,No,Medium,2025-11-22,No,82316.92,27249.04
TXN03902,2025-01-28,STR002,PRD033,16,39,948,72,4,0,Yes,Low,2025-03-10,No,58390.56,11375.68
TXN03903,2025-02-26,STR003,PRD063,20,30,468,84,6,0,No,Medium,2025-05-01,No,51226.2,13446.2
TXN03904,2025-06-27,STR001,PRD011,12,19,972,191,8,0,No,Medium,2026-01-29,No,26704.56,4120.68
TXN03905,2025-01-03,STR003,PRD010,17,95,926,0,9,0,No,Low,2025-10-04,No,33454.81,6152.81
TXN03906,2025-06-06,STR003,PRD040,13,143,405,0,8,0,No,Low,2025-08-04,No,25880.27,6618.82
TXN03907,2025-02-14,STR001,PRD033,24,47,429,184,4,0,Yes,Low,2025-04-25,No,87585.84,17063.52
TXN03908,2025-02-14,STR002,PRD002,29,159,645,0,4,0,No,Medium,2025-06-11,No,50445.5,8366.79
TXN03909,2025-03-02,STR001,PRD057,8,0,327,75,4,0,Yes,Low,2025-06-05,Yes,27211.92,6941.28
TXN03910,2025-05-19,STR003,PRD017,15,60,519,0,4,1,Yes,High,2025-06-26,No,63167.1,8994.75
TXN03911,2025-01-24,STR003,PRD028,35,148,216,0,4,0,Yes,High,2025-05-01,No,184438.1,41507.9
TXN03912,2025-03-16,STR002,PRD007,14,211,432,0,6,0,Yes,Medium,2025-11-12,No,49156.24,9099.16
TXN03913,2025-03-08,STR003,PRD050,14,155,954,0,6,0,No,High,2025-05-29,No,95492.88,30596.72
TXN03914,2025-05-02,STR001,PRD057,12,152,701,0,4,2,No,Medium,2025-10-12,No,40817.88,10411.92
TXN03915,2025-04-16,STR004,PRD019,19,8,855,179,4,0,Yes,Medium,2025-06-10,No,31397.88,4909.6
TXN03916,2025-04-09,STR003,PRD059,18,74,705,0,4,0,Yes,High,2025-12-20,No,118785.06,34799.04
TXN03917,2025-02-09,STR003,PRD026,31,130,201,0,9,0,No,High,2025-04-12,No,52179.82,10881.93
TXN03918,2025-02-16,STR002,PRD056,16,23,663,101,9,0,Yes,High,2025-09-09,No,53563.04,8703.52
TXN03919,2025-04-09,STR001,PRD028,31,163,596,0,4,1,No,High,2025-09-16,No,163359.46,36764.14
TXN03920,2025-05-10,STR004,PRD045,15,170,807,0,6,1,Yes,Low,2026-02-12,No,82291.95,16044.3
TXN03921,2025-03-05,STR003,PRD040,15,145,242,0,8,0,No,High,2025-05-13,No,29861.85,7637.1
TXN03922,2025-02-17,STR001,PRD031,30,3,138,41,5,0,Yes,Low,2025-12-15,Yes,95238.6,30454.5
TXN03923,2025-04-28,STR004,PRD043,16,231,575,0,5,0,Yes,Low,2025-11-21,No,63019.68,10019.36
TXN03924,2025-06-26,STR001,PRD019,8,133,475,0,4,0,Yes,High,2025-09-01,No,13220.16,2067.2
TXN03925,2025-04-27,STR002,PRD037,14,204,100,0,6,0,No,Medium,2025-06-14,No,15633.94,4219.04
TXN03926,2025-06-11,STR002,PRD031,30,123,204,0,5,1,No,Low,2026-05-07,No,95238.6,30454.5
TXN03927,2025-06-08,STR001,PRD005,40,24,761,0,4,0,No,Low,2026-05-10,No,70462.4,17358.4
TXN03928,2025-03-23,STR003,PRD007,25,101,154,0,6,1,Yes,Low,2025-07-03,No,87779.0,16248.5
TXN03929,2025-05-07,STR004,PRD007,30,161,310,0,6,1,Yes,Low,2026-03-18,No,105334.8,19498.2
TXN03930,2025-04-27,STR001,PRD049,16,30,71,61,4,1,No,Medium,2025-08-11,No,83192.96,21052.16
TXN03931,2025-02-06,STR003,PRD010,15,13,230,116,9,1,No,High,2025-08-19,No,29518.95,5428.95
TXN03932,2025-06-25,STR001,PRD054,21,186,316,0,6,0,No,Low,2025-11-01,No,73360.14,11061.96
TXN03933,2025-01-01,STR003,PRD040,20,157,602,0,8,0,Yes,Low,2025-06-28,No,39815.8,10182.8
TXN03934,2025-03-17,STR004,PRD036,8,69,948,133,9,1,Yes,Medium,2025-12-29,No,29642.96,8686.8
TXN03935,2025-05-13,STR001,PRD002,39,91,663,0,4,0,No,Low,2025-10-28,No,67840.5,11251.89
TXN03936,2025-04-29,STR001,PRD028,13,192,220,0,4,1,Yes,Medium,2026-04-08,No,68505.58,15417.22
TXN03937,2025-06-24,STR001,PRD043,9,87,834,0,5,0,No,Low,2026-06-02,No,35448.57,5635.89
TXN03938,2025-03-22,STR001,PRD010,10,38,508,194,9,2,No,Medium,2026-03-06,No,19679.3,3619.3
TXN03939,2025-06-29,STR004,PRD028,20,81,487,0,4,0,Yes,Low,2026-05-31,No,105393.2,23718.8
TXN03940,2025-03-23,STR001,PRD030,34,25,239,88,8,0,No,Medium,2025-12-20,No,152957.84,28035.04
TXN03941,2025-03-23,STR003,PRD061,17,186,224,0,8,0,Yes,Medium,2026-02-06,No,74323.15,17297.84
TXN03942,2025-02-09,STR001,PRD056,19,0,132,127,9,0,No,Medium,2025-12-13,Yes,63606.11,10335.43
TXN03943,2025-01-22,STR004,PRD033,16,20,187,174,4,0,Yes,High,2025-08-28,No,58390.56,11375.68
TXN03944,2025-05-27,STR001,PRD035,22,163,999,0,5,2,Yes,Low,2026-04-25,No,43891.54,14613.72
TXN03945,2025-03-15,STR001,PRD001,24,0,996,102,3,0,No,Low,2025-05-05,Yes,91920.96,12593.52
TXN03946,2025-02-08,STR003,PRD020,13,138,375,0,5,0,No,High,2026-01-01,No,45570.2,13966.81
TXN03947,2025-04-13,STR002,PRD050,25,34,300,131,6,1,No,High,2025-07-30,No,170523.0,54637.0
TXN03948,2025-06-15,STR004,PRD050,13,91,226,0,6,1,No,High,2025-10-15,No,88671.96,28411.24
TXN03949,2025-01-11,STR001,PRD058,12,98,436,0,8,0,Yes,Medium,2025-06-22,No,45447.72,12086.88
TXN03950,2025-06-09,STR002,PRD057,17,114,77,0,4,1,No,Low,2025-10-16,No,57825.33,14750.22
TXN03951,2025-02-22,STR004,PRD041,23,162,159,0,6,1,Yes,High,2025-12-24,No,11415.82,3274.74
TXN03952,2025-01-11,STR002,PRD037,13,0,637,89,6,0,Yes,High,2025-05-01,Yes,14517.23,3917.68
TXN03953,2025-01-17,STR004,PRD017,8,201,707,0,4,0,Yes,Low,2025-05-04,No,33689.12,4797.2
TXN03954,2025-01-25,STR004,PRD061,19,224,898,0,8,0,Yes,Low,2025-09-02,No,83067.05,19332.88
TXN03955,2025-03-17,STR003,PRD031,37,132,983,0,5,0,Yes,High,2025-10-23,No,117460.94,37560.55
TXN03956,2025-05-18,STR001,PRD064,16,23,606,131,5,1,No,High,2026-02-27,No,56531.84,7481.12
TXN03957,2025-04-13,STR003,PRD062,9,67,965,0,4,0,Yes,Low,2026-03-07,No,26958.78,5160.96
TXN03958,2025-01-29,STR001,PRD031,37,46,619,87,5,1,Yes,Medium,2025-08-05,No,117460.94,37560.55
TXN03959,2025-03-20,STR002,PRD026,27,187,906,0,9,1,Yes,Low,2025-11-03,No,45446.94,9477.81
TXN03960,2025-02-15,STR004,PRD013,20,125,1000,0,4,0,No,Medium,2026-02-06,No,115060.6,33190.6
TXN03961,2025-05-15,STR002,PRD027,38,24,901,0,4,1,No,High,2025-11-28,No,184516.98,34523.38
TXN03962,2025-04-10,STR001,PRD064,16,147,461,0,5,1,No,Medium,2025-10-16,No,56531.84,7481.12
TXN03963,2025-01-31,STR002,PRD013,16,136,495,0,4,2,Yes,Low,2025-07-31,No,92048.48,26552.48
TXN03964,2025-06-18,STR004,PRD013,15,31,675,48,4,0,Yes,High,2026-02-26,No,86295.45,24892.95
TXN03965,2025-02-07,STR002,PRD045,11,34,247,39,6,0,Yes,Low,2025-08-12,No,60347.43,11765.82
TXN03966,2025-06-26,STR004,PRD050,11,5,341,31,6,0,Yes,High,2025-12-02,Yes,75030.12,24040.28
TXN03967,2025-05-17,STR003,PRD063,17,38,864,0,6,0,Yes,Medium,2026-02-19,No,43542.27,11429.27
TXN03968,2025-05-11,STR002,PRD019,18,216,951,0,4,2,Yes,Low,2026-02-06,No,29745.36,4651.2
TXN03969,2025-06-07,STR003,PRD029,36,3,652,124,5,0,No,High,2026-04-02,Yes,68818.32,22320.0
TXN03970,2025-01-25,STR002,PRD064,15,151,214,0,5,1,Yes,Low,2025-12-02,No,52998.6,7013.55
TXN03971,2025-01-06,STR003,PRD057,18,0,946,76,4,0,No,Medium,2025-09-02,Yes,61226.82,15617.88
TXN03972,2025-01-06,STR003,PRD058,8,180,754,0,8,0,Yes,High,2025-02-06,No,30298.48,8057.92
TXN03973,2025-01-16,STR002,PRD003,21,68,251,0,4,1,Yes,High,2025-08-06,No,106877.19,33786.9
TXN03974,2025-02-19,STR004,PRD016,20,119,455,0,4,0,Yes,Low,2025-03-22,No,113911.6,24679.2
TXN03975,2025-03-24,STR001,PRD035,20,141,97,0,5,0,No,Low,2025-09-08,No,39901.4,13285.2
TXN03976,2025-03-04,STR002,PRD040,10,216,592,0,8,0,Yes,High,2025-04-03,No,19907.9,5091.4
TXN03977,2025-04-01,STR003,PRD049,12,129,755,0,4,0,Yes,Medium,2026-03-12,No,62394.72,15789.12
TXN03978,2025-02-13,STR001,PRD038,20,148,847,0,3,0,Yes,Low,2025-10-31,No,95064.8,25099.6
TXN03979,2025-04-12,STR002,PRD005,34,144,492,0,4,0,Yes,Medium,2025-12-21,No,59893.04,14754.64
TXN03980,2025-03-04,STR001,PRD056,11,208,282,0,9,1,Yes,High,2025-07-17,No,36824.59,5983.67
TXN03981,2025-05-09,STR003,PRD054,17,139,964,0,6,0,No,High,2025-09-20,No,59386.78,8954.92
TXN03982,2025-02-24,STR004,PRD007,32,72,971,0,6,1,Yes,High,2025-09-14,No,112357.12,20798.08
TXN03983,2025-06-12,STR001,PRD010,11,18,605,181,9,1,No,Low,2026-01-31,No,21647.23,3981.23
TXN03984,2025-04-27,STR001,PRD026,20,43,615,131,9,0,No,Low,2025-05-27,No,33664.4,7020.6
TXN03985,2025-01-20,STR004,PRD001,32,7,567,189,3,1,Yes,Low,2025-06-14,No,122561.28,16791.36
TXN03986,2025-06-05,STR001,PRD041,7,32,739,45,6,1,Yes,Medium,2025-10-08,No,3474.38,996.66
TXN03987,2025-04-29,STR001,PRD039,17,171,664,0,8,0,Yes,High,2026-01-28,No,53338.69,17747.32
TXN03988,2025-03-25,STR001,PRD038,8,173,832,0,3,1,Yes,Medium,2025-12-26,No,38025.92,10039.84
TXN03989,2025-05-07,STR002,PRD029,33,0,94,186,5,0,No,High,2025-12-12,Yes,63083.46,20460.0
TXN03990,2025-05-29,STR001,PRD010,12,30,700,21,9,0,Yes,High,2025-11-11,No,23615.16,4343.16
TXN03991,2025-03-05,STR002,PRD059,11,186,126,0,4,1,Yes,Medium,2026-02-08,No,72590.87,21266.08
TXN03992,2025-04-24,STR003,PRD057,17,227,469,0,4,0,Yes,Medium,2026-02-05,No,57825.33,14750.22
TXN03993,2025-06-27,STR003,PRD054,13,15,657,110,6,0,No,High,2026-04-26,No,45413.42,6847.88
TXN03994,2025-06-14,STR004,PRD046,19,44,604,0,6,0,No,Medium,2026-03-25,No,97907.95,24164.77
TXN03995,2025-02-15,STR002,PRD047,13,175,741,0,8,0,Yes,High,2025-06-02,No,71615.31,14526.59
TXN03996,2025-06-29,STR003,PRD002,32,64,427,0,4,1,No,High,2026-02-10,No,55664.0,9232.32
TXN03997,2025-02-13,STR002,PRD026,36,186,412,0,9,2,Yes,Low,2025-08-27,No,60595.92,12637.08
TXN03998,2025-04-25,STR002,PRD026,22,56,569,177,9,0,Yes,Medium,2025-11-07,No,37030.84,7722.66
TXN03999,2025-02-27,STR001,PRD027,41,28,737,0,4,1,No,High,2026-02-17,No,199084.11,37248.91
TXN04000,2025-01-03,STR002,PRD029,36,152,355,0,5,0,Yes,High,2025-12-10,No,68818.32,22320.0
TXN04001,2025-01-06,STR003,PRD017,10,103,324,0,4,0,No,Low,2025-12-18,No,42111.4,5996.5
TXN04002,2025-04-16,STR004,PRD044,13,95,654,0,5,0,No,Low,2025-12-26,No,15613.39,2049.97
TXN04003,2025-05-27,STR004,PRD022,16,142,455,0,9,1,No,Low,2026-04-09,No,79988.32,22411.36
TXN04004,2025-01-01,STR002,PRD041,14,127,850,0,6,1,No,Medium,2025-10-12,No,6948.76,1993.32
TXN04005,2025-03-07,STR004,PRD039,10,133,410,0,8,0,No,Medium,2025-08-25,No,31375.7,10439.6
TXN04006,2025-01-20,STR001,PRD062,11,233,571,0,4,1,Yes,High,2025-11-04,No,32949.62,6307.84
TXN04007,2025-03-19,STR001,PRD020,13,15,523,125,5,1,Yes,Medium,2025-12-08,No,45570.2,13966.81
TXN04008,2025-05-13,STR003,PRD002,45,42,261,0,4,1,No,High,2026-04-05,No,78277.5,12982.95
TXN04009,2025-05-18,STR004,PRD033,9,197,596,0,4,1,Yes,Medium,2025-11-13,No,32844.69,6398.82
TXN04010,2025-05-30,STR002,PRD031,39,0,346,87,5,1,No,Low,2026-05-04,Yes,123810.18,39590.85
TXN04011,2025-02-12,STR003,PRD005,44,87,875,0,4,1,No,Low,2025-08-28,No,77508.64,19094.24
TXN04012,2025-02-13,STR001,PRD036,16,14,217,28,9,1,No,Low,2025-11-04,No,59285.92,17373.6
TXN04013,2025-01-11,STR004,PRD034,7,94,459,0,8,1,No,High,2025-12-15,No,21932.54,5737.06
TXN04014,2025-01-16,STR001,PRD035,12,0,233,159,5,0,No,High,2025-06-24,Yes,23940.84,7971.12
TXN04015,2025-04-02,STR002,PRD050,11,122,156,0,6,0,Yes,Low,2026-02-10,No,75030.12,24040.28
TXN04016,2025-05-19,STR002,PRD040,13,133,618,0,8,1,Yes,High,2025-07-09,No,25880.27,6618.82
TXN04017,2025-03-26,STR002,PRD056,15,108,362,0,9,1,Yes,High,2026-02-23,No,50215.35,8159.55
TXN04018,2025-05-02,STR001,PRD039,16,51,616,47,8,0,No,Medium,2025-09-30,No,50201.12,16703.36
TXN04019,2025-01-04,STR002,PRD023,12,26,857,134,4,0,No,Low,2025-02-27,No,45921.72,7966.68
TXN04020,2025-01-01,STR004,PRD010,12,42,745,31,9,1,No,High,2025-08-18,No,23615.16,4343.16
TXN04021,2025-06-23,STR003,PRD047,18,85,154,0,8,0,No,High,2025-11-04,No,99159.66,20113.74
TXN04022,2025-01-05,STR003,PRD062,14,219,416,0,4,0,No,Medium,2025-03-25,No,41935.88,8028.16
TXN04023,2025-05-23,STR003,PRD028,26,170,628,0,4,0,Yes,Medium,2026-03-26,No,137011.16,30834.44
TXN04024,2025-06-20,STR003,PRD034,16,200,968,0,8,1,No,Medium,2026-03-06,No,50131.52,13113.28
TXN04025,2025-05-26,STR004,PRD049,10,3,829,148,4,1,No,High,2025-07-04,Yes,51995.6,13157.6
TXN04026,2025-06-17,STR004,PRD064,12,18,533,155,5,2,Yes,Medium,2026-06-11,No,42398.88,5610.84
TXN04027,2025-01-09,STR004,PRD019,14,0,696,48,4,1,Yes,Medium,2025-08-17,Yes,23135.28,3617.6
TXN04028,2025-06-26,STR002,PRD019,10,21,286,32,4,1,No,Medium,2025-12-28,No,16525.2,2584.0
TXN04029,2025-03-06,STR004,PRD062,16,17,659,173,4,0,Yes,Medium,2025-12-08,No,47926.72,9175.04
TXN04030,2025-03-12,STR001,PRD055,16,154,401,0,6,0,No,High,2025-11-02,No,48550.08,7203.52
TXN04031,2025-04-06,STR003,PRD007,32,45,436,29,6,0,Yes,Low,2025-07-04,No,112357.12,20798.08
TXN04032,2025-03-24,STR002,PRD050,14,219,402,0,6,0,No,Medium,2025-07-02,No,95492.88,30596.72
TXN04033,2025-03-22,STR002,PRD037,15,223,485,0,6,0,Yes,Low,2025-07-22,No,16750.65,4520.4
TXN04034,2025-02-01,STR001,PRD015,18,137,58,0,9,2,No,Low,2025-06-21,No,75042.9,22940.28
TXN04035,2025-06-12,STR003,PRD055,14,151,725,0,6,1,No,Medium,2025-07-27,No,42481.32,6303.08
TXN04036,2025-03-08,STR003,PRD029,34,44,972,142,5,0,No,Medium,2026-01-09,No,64995.08,21080.0
TXN04037,2025-03-15,STR002,PRD042,21,154,854,0,4,0,No,Medium,2026-02-13,No,132279.42,38650.71
TXN04038,2025-02-27,STR004,PRD008,45,66,224,103,8,0,Yes,Low,2025-12-27,No,105197.4,32859.9
TXN04039,2025-02-27,STR002,PRD059,10,70,56,0,4,0,No,Low,2025-06-07,No,65991.7,19332.8
TXN04040,2025-03-15,STR003,PRD059,19,66,796,0,4,1,No,Low,2025-06-05,No,125384.23,36732.32
TXN04041,2025-02-12,STR002,PRD063,20,159,898,0,6,0,Yes,Low,2025-07-19,No,51226.2,13446.2
TXN04042,2025-04-11,STR001,PRD002,29,139,239,0,4,2,Yes,Low,2026-01-07,No,50445.5,8366.79
TXN04043,2025-03-02,STR003,PRD059,21,215,847,0,4,1,Yes,High,2025-11-24,No,138582.57,40598.88
TXN04044,2025-05-07,STR002,PRD006,29,79,840,0,5,0,No,High,2026-04-30,No,119328.33,34130.68
TXN04045,2025-05-20,STR003,PRD052,6,181,302,0,3,0,No,High,2025-11-30,No,17992.26,5956.2
TXN04046,2025-06-22,STR004,PRD030,35,106,382,0,8,0,Yes,Low,2026-05-17,No,157456.6,28859.6
TXN04047,2025-06-21,STR002,PRD059,11,67,224,0,4,1,No,Low,2025-12-28,No,72590.87,21266.08
TXN04048,2025-01-26,STR003,PRD049,13,90,168,0,4,1,No,Medium,2025-09-01,No,67594.28,17104.88
TXN04049,2025-06-07,STR002,PRD043,18,3,118,134,5,0,Yes,Medium,2025-08-02,Yes,70897.14,11271.78
TXN04050,2025-05-16,STR001,PRD058,19,199,702,0,8,0,Yes,Medium,2025-11-19,No,71958.89,19137.56
TXN04051,2025-06-03,STR003,PRD058,20,3,508,86,8,0,No,Medium,2025-11-17,Yes,75746.2,20144.8
TXN04052,2025-05-01,STR004,PRD029,28,167,424,0,5,2,Yes,Medium,2025-08-11,No,53525.36,17360.0
TXN04053,2025-03-18,STR004,PRD060,14,98,944,0,4,0,No,Low,2025-12-09,No,21953.4,4517.66
TXN04054,2025-01-31,STR004,PRD051,15,76,357,168,8,0,No,Low,2025-07-13,No,31642.35,4289.4
TXN04055,2025-03-16,STR002,PRD026,44,8,391,29,9,0,Yes,Medium,2026-01-01,No,74061.68,15445.32
TXN04056,2025-05-17,STR004,PRD046,14,0,249,76,6,0,Yes,High,2025-10-05,Yes,72142.7,17805.62
TXN04057,2025-04-18,STR002,PRD051,15,6,754,37,8,0,Yes,Low,2026-04-12,No,31642.35,4289.4
TXN04058,2025-05-14,STR004,PRD063,13,222,665,0,6,0,Yes,Medium,2025-07-02,No,33297.03,8740.03
TXN04059,2025-05-12,STR003,PRD061,16,105,568,0,8,2,Yes,High,2025-07-15,No,69951.2,16280.32
TXN04060,2025-04-01,STR004,PRD038,11,192,228,0,3,0,No,High,2025-12-30,No,52285.64,13804.78
TXN04061,2025-02-20,STR002,PRD020,10,0,897,93,5,0,No,Low,2025-08-30,Yes,35054.0,10743.7
TXN04062,2025-06-25,STR002,PRD028,21,59,235,0,4,0,Yes,Medium,2025-12-28,No,110662.86,24904.74
TXN04063,2025-04-15,STR003,PRD056,19,64,901,0,9,0,Yes,Medium,2025-09-07,No,63606.11,10335.43
TXN04064,2025-05-04,STR004,PRD060,11,196,875,0,4,1,Yes,Low,2026-02-20,No,17249.1,3549.59
TXN04065,2025-05-25,STR001,PRD030,31,60,485,0,8,2,No,Low,2025-11-20,No,139461.56,25561.36
TXN04066,2025-03-13,STR003,PRD001,25,102,139,0,3,0,No,Medium,2025-10-22,No,95751.0,13118.25
TXN04067,2025-02-11,STR004,PRD039,13,138,878,0,8,0,No,High,2025-04-15,No,40788.41,13571.48
TXN04068,2025-03-21,STR001,PRD042,9,48,883,73,4,0,No,Low,2026-02-14,No,56691.18,16564.59
TXN04069,2025-06-04,STR002,PRD014,16,131,313,0,6,0,No,High,2026-02-09,No,20894.56,6707.68
TXN04070,2025-03-09,STR001,PRD012,19,229,977,0,5,0,No,Low,2026-02-14,No,47965.69,10208.89
TXN04071,2025-05-31,STR002,PRD002,39,110,859,0,4,0,Yes,High,2025-07-18,No,67840.5,11251.89
TXN04072,2025-01-29,STR003,PRD042,18,0,659,156,4,2,No,Medium,2025-06-24,Yes,113382.36,33129.18
TXN04073,2025-05-28,STR001,PRD021,21,0,977,156,6,1,Yes,High,2025-12-18,Yes,52403.4,9566.55
TXN04074,2025-02-11,STR001,PRD061,17,7,137,200,8,0,No,High,2025-12-05,No,74323.15,17297.84
TXN04075,2025-03-16,STR002,PRD017,16,215,344,0,4,0,Yes,High,2025-09-12,No,67378.24,9594.4
TXN04076,2025-04-10,STR001,PRD045,17,53,803,0,6,0,No,High,2026-03-20,No,93264.21,18183.54
TXN04077,2025-04-28,STR001,PRD046,10,139,429,0,6,1,No,Low,2026-03-11,No,51530.5,12718.3
TXN04078,2025-04-05,STR002,PRD039,10,200,843,0,8,1,No,Medium,2026-03-26,No,31375.7,10439.6
TXN04079,2025-05-27,STR002,PRD049,18,71,822,0,4,0,Yes,High,2025-08-21,No,93592.08,23683.68
TXN04080,2025-06-01,STR001,PRD006,15,30,123,56,5,1,No,High,2026-04-25,No,61721.55,17653.8
TXN04081,2025-04-29,STR003,PRD046,22,165,601,0,6,0,Yes,Low,2025-10-29,No,113367.1,27980.26
TXN04082,2025-05-16,STR004,PRD011,20,118,242,0,8,2,No,Low,2026-02-06,No,44507.6,6867.8
TXN04083,2025-01-04,STR002,PRD059,12,225,386,0,4,1,No,Medium,2025-07-21,No,79190.04,23199.36
TXN04084,2025-01-26,STR004,PRD063,11,191,322,0,6,0,Yes,Medium,2025-11-06,No,28174.41,7395.41
TXN04085,2025-02-10,STR001,PRD005,30,70,585,0,4,0,Yes,Low,2025-06-13,No,52846.8,13018.8
TXN04086,2025-02-25,STR003,PRD030,37,0,590,73,8,0,No,Medium,2025-12-26,Yes,166454.12,30508.72
TXN04087,2025-01-30,STR001,PRD002,21,126,301,0,4,0,No,High,2025-04-10,No,36529.5,6058.71
TXN04088,2025-03-12,STR002,PRD003,30,117,61,0,4,0,Yes,High,2026-02-21,No,152681.7,48267.0
TXN04089,2025-06-18,STR003,PRD036,11,223,937,0,9,0,Yes,Low,2026-03-02,No,40759.07,11944.35
TXN04090,2025-04-30,STR003,PRD061,23,124,98,0,8,1,No,Medium,2025-08-13,No,100554.85,23402.96
TXN04091,2025-05-24,STR003,PRD024,17,203,485,0,6,1,No,High,2025-10-07,No,32349.3,7688.93
TXN04092,2025-02-26,STR004,PRD059,15,195,858,0,4,1,No,Low,2026-02-12,No,98987.55,28999.2
TXN04093,2025-06-18,STR004,PRD051,14,66,601,149,8,0,Yes,High,2026-03-12,No,29532.86,4003.44
TXN04094,2025-01-04,STR002,PRD037,13,183,906,0,6,0,No,Low,2025-04-08,No,14517.23,3917.68
TXN04095,2025-06-22,STR002,PRD009,17,84,70,0,4,0,Yes,Low,2026-05-12,No,96886.23,27401.28
TXN04096,2025-03-03,STR001,PRD022,23,178,648,0,9,0,Yes,Low,2025-08-07,No,114983.21,32216.33
TXN04097,2025-05-17,STR001,PRD019,23,9,535,166,4,1,No,Low,2026-05-12,No,38007.96,5943.2
TXN04098,2025-03-22,STR003,PRD057,16,73,174,0,4,0,Yes,High,2025-11-25,No,54423.84,13882.56
TXN04099,2025-01-11,STR001,PRD042,13,133,110,0,4,0,No,High,2025-04-02,No,81887.26,23926.63
TXN04100,2025-05-09,STR001,PRD051,14,169,175,0,8,1,Yes,Medium,2025-11-22,No,29532.86,4003.44
TXN04101,2025-01-16,STR004,PRD020,10,215,188,0,5,0,No,Low,2025-10-09,No,35054.0,10743.7
TXN04102,2025-02-22,STR004,PRD009,18,84,121,0,4,0,No,High,2025-12-20,No,102585.42,29013.12
TXN04103,2025-05-08,STR002,PRD015,11,41,825,117,9,0,No,Low,2026-01-18,No,45859.55,14019.06
TXN04104,2025-01-21,STR002,PRD037,10,45,407,196,6,0,No,High,2025-06-25,No,11167.1,3013.6
TXN04105,2025-02-23,STR004,PRD027,33,28,867,0,4,0,Yes,High,2025-03-28,No,160238.43,29980.83
TXN04106,2025-06-10,STR004,PRD024,18,67,607,0,6,1,No,Medium,2025-08-25,No,34252.2,8141.22
TXN04107,2025-04-04,STR004,PRD030,37,207,348,0,8,0,No,High,2025-09-07,No,166454.12,30508.72
TXN04108,2025-01-23,STR001,PRD009,14,152,392,0,4,0,No,Medium,2025-06-24,No,79788.66,22565.76
TXN04109,2025-05-30,STR003,PRD003,37,108,240,0,4,0,No,Medium,2025-08-27,No,188307.43,59529.3
TXN04110,2025-01-26,STR004,PRD035,10,87,347,0,5,1,Yes,Medium,2026-01-05,No,19950.7,6642.6
TXN04111,2025-01-11,STR003,PRD032,23,191,570,0,4,1,Yes,Medium,2025-10-16,No,26788.1,4443.6
TXN04112,2025-02-16,STR004,PRD009,13,103,78,0,4,1,Yes,High,2026-01-16,No,74089.47,20953.92
TXN04113,2025-04-18,STR001,PRD035,12,184,715,0,5,0,No,Medium,2025-05-20,No,23940.84,7971.12
TXN04114,2025-03-29,STR004,PRD036,15,219,305,0,9,1,No,Low,2026-01-19,No,55580.55,16287.75
TXN04115,2025-01-22,STR004,PRD064,12,84,876,0,5,1,No,Medium,2025-03-28,No,42398.88,5610.84
TXN04116,2025-06-30,STR004,PRD002,28,0,964,28,4,0,Yes,High,2026-03-23,Yes,48706.0,8078.28
TXN04117,2025-03-24,STR003,PRD062,13,149,963,0,4,1,Yes,Medium,2026-01-22,No,38940.46,7454.72
TXN04118,2025-06-12,STR003,PRD022,15,220,356,0,9,0,No,Medium,2025-08-02,No,74989.05,21010.65
TXN04119,2025-04-06,STR001,PRD025,27,0,735,68,4,2,Yes,Low,2026-01-12,Yes,183663.18,49992.66
TXN04120,2025-02-24,STR001,PRD048,16,0,196,87,8,1,No,Medium,2025-07-10,Yes,52414.72,9438.4
TXN04121,2025-04-19,STR003,PRD009,22,12,943,150,4,0,Yes,Medium,2026-04-08,No,125382.18,35460.48
TXN04122,2025-03-08,STR002,PRD016,19,154,327,0,4,1,No,Low,2026-01-02,No,108216.02,23445.24
TXN04123,2025-05-29,STR002,PRD063,27,31,374,171,6,0,Yes,Low,2026-04-18,No,69155.37,18152.37
TXN04124,2025-04-16,STR004,PRD019,19,128,866,0,4,0,Yes,Medium,2026-01-24,No,31397.88,4909.6
TXN04125,2025-04-13,STR002,PRD002,26,151,824,0,4,0,Yes,High,2025-08-09,No,45227.0,7501.26
TXN04126,2025-02-14,STR002,PRD006,38,99,831,0,5,0,No,High,2025-12-01,No,156361.26,44722.96
TXN04127,2025-04-27,STR001,PRD046,16,179,326,0,6,0,No,Medium,2025-07-23,No,82448.8,20349.28
TXN04128,2025-06-30,STR001,PRD034,15,45,901,0,8,0,No,High,2026-03-19,No,46998.3,12293.7
TXN04129,2025-02-04,STR002,PRD041,14,202,552,0,6,0,Yes,Medium,2025-07-20,No,6948.76,1993.32
TXN04130,2025-02-20,STR002,PRD030,17,147,485,0,8,1,Yes,Low,2025-10-04,No,76478.92,14017.52
TXN04131,2025-03-11,STR004,PRD036,15,183,788,0,9,0,Yes,Low,2025-09-13,No,55580.55,16287.75
TXN04132,2025-02-23,STR003,PRD058,15,136,565,0,8,0,Yes,High,2025-12-02,No,56809.65,15108.6
TXN04133,2025-02-22,STR001,PRD044,11,129,531,0,5,1,No,High,2025-09-23,No,13211.33,1734.59
TXN04134,2025-05-12,STR004,PRD025,23,164,289,0,4,0,Yes,Medium,2025-11-03,No,156453.82,42586.34
TXN04135,2025-05-02,STR001,PRD025,38,0,146,84,4,0,Yes,High,2025-06-05,Yes,258488.92,70360.04
TXN04136,2025-06-04,STR003,PRD003,22,137,985,0,4,1,Yes,Medium,2025-10-10,No,111966.58,35395.8
TXN04137,2025-05-12,STR003,PRD022,8,203,702,0,9,1,No,Low,2025-09-14,No,39994.16,11205.68
TXN04138,2025-05-20,STR002,PRD001,20,81,186,0,3,1,No,Medium,2025-09-12,No,76600.8,10494.6
TXN04139,2025-01-11,STR003,PRD042,15,221,318,0,4,0,Yes,High,2025-05-08,No,94485.3,27607.65
TXN04140,2025-03-01,STR001,PRD003,18,138,85,0,4,0,No,Medium,2025-11-22,No,91609.02,28960.2
TXN04141,2025-02-04,STR002,PRD014,14,0,826,88,6,0,No,Low,2025-03-16,Yes,18282.74,5869.22
TXN04142,2025-01-15,STR002,PRD038,13,168,756,0,3,1,No,High,2025-12-13,No,61792.12,16314.74
TXN04143,2025-06-30,STR004,PRD004,31,0,270,164,4,2,Yes,Medium,2026-02-05,Yes,110695.42,15360.81
TXN04144,2025-03-03,STR001,PRD019,16,199,614,0,4,0,Yes,Low,2026-02-14,No,26440.32,4134.4
TXN04145,2025-05-04,STR003,PRD048,14,168,680,0,8,0,No,Low,2026-04-23,No,45862.88,8258.6
TXN04146,2025-02-06,STR004,PRD012,22,14,607,90,5,1,No,Low,2026-01-02,No,55539.22,11820.82
TXN04147,2025-05-23,STR004,PRD057,14,107,204,0,4,1,No,Medium,2026-04-12,No,47620.86,12147.24
TXN04148,2025-04-15,STR002,PRD034,11,41,231,66,8,1,No,Low,2026-01-23,No,34465.42,9015.38
TXN04149,2025-03-18,STR003,PRD051,19,184,197,0,8,0,Yes,Medium,2025-04-24,No,40080.31,5433.24
TXN04150,2025-03-09,STR003,PRD039,16,197,961,0,8,0,Yes,Low,2025-11-08,No,50201.12,16703.36
TXN04151,2025-01-26,STR003,PRD061,19,8,898,156,8,1,Yes,Low,2025-06-03,No,83067.05,19332.88
TXN04152,2025-03-20,STR003,PRD048,15,82,588,0,8,0,No,Low,2025-10-31,No,49138.8,8848.5
TXN04153,2025-02-25,STR002,PRD010,16,0,62,141,9,1,Yes,High,2025-10-17,Yes,31486.88,5790.88
TXN04154,2025-04-25,STR001,PRD001,37,6,205,34,3,0,Yes,Low,2026-03-25,No,141711.48,19415.01
TXN04155,2025-03-27,STR004,PRD026,22,78,964,0,9,1,No,High,2025-07-04,No,37030.84,7722.66
TXN04156,2025-01-18,STR002,PRD038,13,133,419,0,3,0,Yes,Medium,2025-11-22,No,61792.12,16314.74
TXN04157,2025-05-30,STR003,PRD005,22,0,526,106,4,0,No,High,2025-12-06,Yes,38754.32,9547.12
TXN04158,2025-01-08,STR004,PRD009,12,3,556,44,4,2,Yes,Low,2025-07-27,Yes,68390.28,19342.08
TXN04159,2025-05-25,STR001,PRD048,12,235,62,0,8,1,Yes,Medium,2025-10-12,No,39311.04,7078.8
TXN04160,2025-06-07,STR003,PRD012,17,101,141,0,5,0,Yes,Low,2026-06-07,No,42916.67,9134.27
TXN04161,2025-04-26,STR001,PRD026,27,14,161,43,9,1,Yes,High,2025-12-06,No,45446.94,9477.81
TXN04162,2025-05-25,STR002,PRD039,14,0,533,150,8,0,Yes,High,2026-01-09,Yes,43925.98,14615.44
TXN04163,2025-05-07,STR004,PRD052,15,21,172,67,3,1,Yes,Medium,2025-11-14,No,44980.65,14890.5
TXN04164,2025-03-13,STR001,PRD023,10,180,467,0,4,0,Yes,Medium,2025-06-07,No,38268.1,6638.9
TXN04165,2025-05-26,STR003,PRD063,14,28,877,160,6,0,Yes,Medium,2025-06-28,No,35858.34,9412.34
TXN04166,2025-04-27,STR002,PRD035,26,39,300,98,5,0,No,Low,2025-08-09,No,51871.82,17270.76
TXN04167,2025-02-27,STR002,PRD057,14,180,358,0,4,1,No,Low,2025-07-01,No,47620.86,12147.24
TXN04168,2025-04-03,STR004,PRD020,18,18,713,43,5,0,No,Low,2025-07-15,No,63097.2,19338.66
TXN04169,2025-03-29,STR003,PRD037,12,34,983,74,6,2,No,Low,2025-07-09,No,13400.52,3616.32
TXN04170,2025-06-20,STR001,PRD053,15,171,67,0,4,0,No,Medium,2026-03-05,No,30637.5,4457.7
TXN04171,2025-05-02,STR002,PRD047,15,211,234,0,8,0,No,High,2025-06-12,No,82633.05,16761.45
TXN04172,2025-02-23,STR004,PRD003,27,80,706,0,4,0,No,Medium,2025-05-12,No,137413.53,43440.3
TXN04173,2025-02-27,STR003,PRD061,12,224,183,0,8,1,No,Medium,2025-05-08,No,52463.4,12210.24
TXN04174,2025-06-16,STR004,PRD033,16,103,667,0,4,0,No,High,2026-04-27,No,58390.56,11375.68
TXN04175,2025-01-07,STR004,PRD044,21,227,743,0,5,0,Yes,Medium,2025-08-01,No,25221.63,3311.49
TXN04176,2025-06-27,STR003,PRD002,32,117,603,0,4,1,No,Low,2026-02-07,No,55664.0,9232.32
TXN04177,2025-01-10,STR001,PRD062,15,18,158,47,4,0,Yes,Medium,2025-11-10,No,44931.3,8601.6
TXN04178,2025-05-29,STR002,PRD036,19,217,911,0,9,0,Yes,Low,2026-02-03,No,70402.03,20631.15
TXN04179,2025-05-19,STR002,PRD055,16,209,464,0,6,0,No,High,2026-04-24,No,48550.08,7203.52
TXN04180,2025-05-18,STR001,PRD023,15,211,473,0,4,0,No,Medium,2026-03-28,No,57402.15,9958.35
TXN04181,2025-04-20,STR002,PRD063,20,182,949,0,6,3,No,Low,2025-09-06,No,51226.2,13446.2
TXN04182,2025-04-29,STR001,PRD062,15,82,110,0,4,1,Yes,High,2026-02-22,No,44931.3,8601.6
TXN04183,2025-03-10,STR002,PRD063,12,67,517,0,6,0,No,Low,2025-12-26,No,30735.72,8067.72
TXN04184,2025-03-01,STR001,PRD005,34,176,723,0,4,1,Yes,High,2025-05-26,No,59893.04,14754.64
TXN04185,2025-05-27,STR004,PRD029,25,100,348,0,5,2,Yes,Low,2026-02-04,No,47790.5,15500.0
TXN04186,2025-03-18,STR002,PRD022,17,0,463,32,9,0,Yes,Medium,2026-02-22,Yes,84987.59,23812.07
TXN04187,2025-06-10,STR002,PRD029,26,187,252,0,5,1,No,Low,2025-11-29,No,49702.12,16120.0
TXN04188,2025-05-19,STR001,PRD063,22,46,572,0,6,1,No,Medium,2026-02-02,No,56348.82,14790.82
TXN04189,2025-01-11,STR001,PRD059,11,118,211,0,4,0,Yes,Low,2025-11-30,No,72590.87,21266.08
TXN04190,2025-05-16,STR001,PRD017,17,88,376,0,4,0,No,Medium,2025-09-18,No,71589.38,10194.05
TXN04191,2025-02-07,STR002,PRD031,18,25,220,36,5,0,Yes,High,2025-11-15,No,57143.16,18272.7
TXN04192,2025-06-25,STR004,PRD044,15,225,810,0,5,0,Yes,Low,2026-01-24,No,18015.45,2365.35
TXN04193,2025-03-26,STR004,PRD028,22,202,263,0,4,1,Yes,Low,2025-05-26,No,115932.52,26090.68
TXN04194,2025-01-06,STR004,PRD062,10,0,581,160,4,2,No,Low,2025-07-04,Yes,29954.2,5734.4
TXN04195,2025-04-14,STR002,PRD049,11,105,295,0,4,2,Yes,High,2025-05-16,No,57195.16,14473.36
TXN04196,2025-01-01,STR001,PRD016,20,112,583,0,4,1,Yes,Low,2025-06-09,No,113911.6,24679.2
TXN04197,2025-01-31,STR001,PRD033,16,87,867,0,4,0,Yes,Low,2025-12-23,No,58390.56,11375.68
TXN04198,2025-01-24,STR002,PRD058,20,78,631,0,8,0,Yes,Low,2025-05-05,No,75746.2,20144.8
TXN04199,2025-06-25,STR002,PRD063,10,116,256,0,6,0,No,High,2026-05-18,No,25613.1,6723.1
TXN04200,2025-06-22,STR004,PRD057,26,110,841,0,4,2,No,High,2026-06-03,No,88438.74,22559.16
TXN04201,2025-01-12,STR003,PRD008,32,0,864,158,8,1,No,Medium,2025-11-16,Yes,74807.04,23367.04
TXN04202,2025-01-22,STR004,PRD016,15,226,925,0,4,1,No,Medium,2025-07-03,No,85433.7,18509.4
TXN04203,2025-04-10,STR001,PRD059,13,49,101,30,4,0,Yes,High,2026-03-07,No,85789.21,25132.64
TXN04204,2025-05-12,STR002,PRD039,11,59,750,0,8,0,Yes,Low,2026-01-19,No,34513.27,11483.56
TXN04205,2025-01-31,STR002,PRD052,18,209,149,0,3,0,Yes,Medium,2025-04-13,No,53976.78,17868.6
TXN04206,2025-01-25,STR002,PRD012,19,114,953,0,5,0,Yes,Medium,2025-04-12,No,47965.69,10208.89
TXN04207,2025-06-19,STR002,PRD001,40,102,711,0,3,0,No,High,2025-11-28,No,153201.6,20989.2
TXN04208,2025-03-26,STR004,PRD007,36,0,874,166,6,2,No,Low,2025-05-04,Yes,126401.76,23397.84
TXN04209,2025-02-18,STR002,PRD028,38,28,874,0,4,1,Yes,Low,2025-09-21,No,200247.08,45065.72
TXN04210,2025-02-22,STR001,PRD044,12,70,830,0,5,1,Yes,Medium,2025-10-21,No,14412.36,1892.28
TXN04211,2025-04-16,STR004,PRD061,18,0,379,134,8,3,No,High,2026-03-22,Yes,78695.1,18315.36
TXN04212,2025-06-02,STR001,PRD049,16,48,645,92,4,0,No,Medium,2026-02-08,No,83192.96,21052.16
TXN04213,2025-04-24,STR004,PRD054,16,21,147,33,6,0,Yes,High,2025-08-02,No,55893.44,8428.16
TXN04214,2025-03-10,STR001,PRD019,15,210,709,0,4,1,Yes,Low,2026-01-10,No,24787.8,3876.0
TXN04215,2025-01-24,STR001,PRD022,16,160,569,0,9,1,Yes,Low,2026-01-23,No,79988.32,22411.36
TXN04216,2025-02-26,STR001,PRD002,38,76,660,0,4,0,No,Low,2025-06-12,No,66101.0,10963.38
TXN04217,2025-04-11,STR003,PRD038,13,23,593,28,3,0,No,High,2025-06-15,No,61792.12,16314.74
TXN04218,2025-05-08,STR002,PRD046,17,50,755,0,6,0,No,Low,2026-02-01,No,87601.85,21621.11
TXN04219,2025-02-28,STR004,PRD048,17,185,984,0,8,0,No,High,2025-07-06,No,55690.64,10028.3
TXN04220,2025-04-16,STR004,PRD046,12,67,213,0,6,0,Yes,Medium,2026-01-03,No,61836.6,15261.96
TXN04221,2025-01-05,STR002,PRD046,20,0,139,95,6,2,Yes,High,2025-03-24,Yes,103061.0,25436.6
TXN04222,2025-05-24,STR004,PRD016,11,232,192,0,4,0,No,Low,2026-03-31,No,62651.38,13573.56
TXN04223,2025-01-30,STR004,PRD050,11,164,478,0,6,0,Yes,High,2025-05-30,No,75030.12,24040.28
TXN04224,2025-06-11,STR002,PRD014,18,231,385,0,6,1,No,High,2025-07-20,No,23506.38,7546.14
TXN04225,2025-03-15,STR002,PRD054,13,157,937,0,6,0,No,Low,2025-04-30,No,45413.42,6847.88
TXN04226,2025-01-16,STR001,PRD009,19,99,666,0,4,0,Yes,Low,2025-03-15,No,108284.61,30624.96
TXN04227,2025-03-09,STR004,PRD010,16,93,468,0,9,2,Yes,Low,2025-05-21,No,31486.88,5790.88
TXN04228,2025-02-02,STR004,PRD018,19,124,298,0,9,0,Yes,Medium,2025-04-17,No,111715.82,36980.84
TXN04229,2025-01-08,STR001,PRD002,20,165,950,0,4,0,Yes,Low,2025-04-13,No,34790.0,5770.2
TXN04230,2025-05-26,STR004,PRD031,41,68,120,0,5,1,No,Low,2025-08-28,No,130159.42,41621.15
TXN04231,2025-01-08,STR004,PRD050,18,149,976,0,6,0,No,High,2025-08-17,No,122776.56,39338.64
TXN04232,2025-01-03,STR001,PRD059,16,111,803,0,4,0,No,Medium,2025-07-18,No,105586.72,30932.48
TXN04233,2025-02-27,STR004,PRD054,9,235,884,0,6,0,No,Medium,2025-10-10,No,31440.06,4740.84
TXN04234,2025-01-12,STR001,PRD049,12,236,946,0,4,0,No,High,2025-05-12,No,62394.72,15789.12
TXN04235,2025-02-06,STR001,PRD052,12,238,500,0,3,1,No,Low,2026-01-26,No,35984.52,11912.4
TXN04236,2025-03-18,STR004,PRD018,18,80,895,0,9,1,Yes,Low,2026-03-01,No,105836.04,35034.48
TXN04237,2025-01-23,STR002,PRD062,12,73,292,0,4,0,Yes,Medium,2025-11-04,No,35945.04,6881.28
TXN04238,2025-06-10,STR001,PRD033,11,41,553,99,4,0,Yes,Medium,2025-11-07,No,40143.51,7820.78
TXN04239,2025-03-31,STR004,PRD042,13,129,481,0,4,1,Yes,Medium,2025-11-25,No,81887.26,23926.63
TXN04240,2025-05-17,STR003,PRD005,27,14,825,101,4,1,Yes,High,2025-08-19,No,47562.12,11716.92
TXN04241,2025-04-28,STR001,PRD040,13,158,237,0,8,0,No,Medium,2025-05-29,No,25880.27,6618.82
TXN04242,2025-05-11,STR002,PRD064,14,86,917,0,5,0,No,High,2025-12-25,No,49465.36,6545.98
TXN04243,2025-03-31,STR001,PRD002,36,207,206,0,4,0,Yes,Medium,2025-06-08,No,62622.0,10386.36
TXN04244,2025-06-09,STR002,PRD005,39,187,468,0,4,0,No,High,2025-11-24,No,68700.84,16924.44
TXN04245,2025-06-09,STR004,PRD029,27,94,528,0,5,0,Yes,High,2025-09-28,No,51613.74,16740.0
TXN04246,2025-05-29,STR001,PRD054,18,0,262,183,6,0,No,Low,2025-07-16,Yes,62880.12,9481.68
TXN04247,2025-04-16,STR003,PRD014,17,232,161,0,6,1,No,High,2026-03-01,No,22200.47,7126.91
TXN04248,2025-05-04,STR002,PRD030,36,213,199,0,8,1,Yes,Low,2025-11-10,No,161955.36,29684.16
TXN04249,2025-03-11,STR003,PRD057,7,200,264,0,4,1,No,Low,2025-09-14,No,23810.43,6073.62
TXN04250,2025-04-18,STR004,PRD030,30,110,206,0,8,1,Yes,Low,2025-07-01,No,134962.8,24736.8
TXN04251,2025-03-28,STR004,PRD060,12,190,702,0,4,0,No,Medium,2026-03-02,No,18817.2,3872.28
TXN04252,2025-04-02,STR002,PRD035,17,24,312,111,5,1,Yes,Low,2025-11-22,No,33916.19,11292.42
TXN04253,2025-06-18,STR001,PRD022,16,160,333,0,9,0,No,High,2025-09-01,No,79988.32,22411.36
TXN04254,2025-02-01,STR002,PRD010,18,7,777,191,9,1,No,Low,2025-12-07,No,35422.74,6514.74
TXN04255,2025-05-21,STR004,PRD043,18,2,200,155,5,0,No,Low,2025-06-21,Yes,70897.14,11271.78
TXN04256,2025-06-21,STR004,PRD021,15,94,289,0,6,1,No,Low,2026-01-09,No,37431.0,6833.25
TXN04257,2025-06-23,STR002,PRD025,33,168,344,0,4,0,Yes,High,2025-08-25,No,224477.22,61102.14
TXN04258,2025-05-16,STR001,PRD033,19,113,333,0,4,0,No,High,2025-06-26,No,69338.79,13508.62
TXN04259,2025-04-14,STR001,PRD014,16,87,315,0,6,1,Yes,Medium,2025-07-03,No,20894.56,6707.68
TXN04260,2025-01-26,STR002,PRD003,20,26,143,0,4,0,Yes,Medium,2025-08-03,No,101787.8,32178.0
TXN04261,2025-02-20,STR003,PRD023,13,155,817,0,4,1,No,Low,2025-06-25,No,49748.53,8630.57
TXN04262,2025-03-05,STR003,PRD029,21,9,102,122,5,1,No,High,2025-12-30,No,40144.02,13020.0
TXN04263,2025-04-19,STR001,PRD030,15,195,295,0,8,0,No,Low,2025-07-09,No,67481.4,12368.4
TXN04264,2025-06-14,STR002,PRD027,34,64,104,0,4,1,Yes,Low,2025-10-05,No,165094.14,30889.34
TXN04265,2025-01-16,STR004,PRD048,18,160,256,0,8,1,Yes,High,2025-10-01,No,58966.56,10618.2
TXN04266,2025-05-21,STR002,PRD061,18,193,656,0,8,0,Yes,Low,2025-08-04,No,78695.1,18315.36
TXN04267,2025-03-12,STR004,PRD039,19,0,264,23,8,1,No,Medium,2025-06-09,Yes,59613.83,19835.24
TXN04268,2025-03-03,STR001,PRD061,13,14,558,196,8,1,Yes,High,2025-11-26,No,56835.35,13227.76
TXN04269,2025-06-16,STR003,PRD006,30,76,96,0,5,0,Yes,High,2026-01-30,No,123443.1,35307.6
TXN04270,2025-02-09,STR002,PRD004,25,150,782,0,4,0,Yes,High,2025-11-25,No,89270.5,12387.75
TXN04271,2025-03-08,STR004,PRD013,15,10,713,168,4,0,No,High,2025-12-01,No,86295.45,24892.95
TXN04272,2025-05-15,STR001,PRD013,15,69,938,0,4,0,No,Low,2026-05-01,No,86295.45,24892.95
TXN04273,2025-01-31,STR003,PRD006,22,30,398,132,5,1,Yes,Medium,2025-11-28,No,90524.94,25892.24
TXN04274,2025-02-12,STR001,PRD029,25,0,994,140,5,0,Yes,High,2025-12-09,Yes,47790.5,15500.0
TXN04275,2025-06-23,STR004,PRD021,9,213,907,0,6,0,No,High,2025-07-24,No,22458.6,4099.95
TXN04276,2025-05-01,STR002,PRD006,27,172,529,0,5,0,Yes,High,2025-09-24,No,111098.79,31776.84
TXN04277,2025-04-30,STR001,PRD029,20,222,475,0,5,0,Yes,Medium,2025-06-13,No,38232.4,12400.0
TXN04278,2025-05-22,STR001,PRD009,13,163,574,0,4,0,Yes,High,2026-02-16,No,74089.47,20953.92
TXN04279,2025-02-09,STR001,PRD044,17,16,743,71,5,0,No,Medium,2025-11-12,No,20417.51,2680.73
TXN04280,2025-05-06,STR001,PRD053,18,180,173,0,4,1,Yes,Medium,2025-11-25,No,36765.0,5349.24
TXN04281,2025-02-28,STR002,PRD057,19,0,949,134,4,1,No,High,2025-05-23,Yes,64628.31,16485.54
TXN04282,2025-01-02,STR003,PRD042,10,36,610,93,4,0,Yes,High,2025-11-09,No,62990.2,18405.1
TXN04283,2025-04-04,STR004,PRD026,24,95,937,0,9,0,Yes,Low,2025-07-29,No,40397.28,8424.72
TXN04284,2025-06-16,STR001,PRD021,15,50,735,0,6,0,No,Low,2025-09-23,No,37431.0,6833.25
TXN04285,2025-02-24,STR003,PRD002,35,211,240,0,4,1,Yes,Low,2025-10-12,No,60882.5,10097.85
TXN04286,2025-05-30,STR004,PRD013,19,0,666,118,4,0,No,High,2025-12-26,Yes,109307.57,31531.07
TXN04287,2025-04-27,STR004,PRD004,36,65,732,0,4,1,No,Low,2025-12-12,No,128549.52,17838.36
TXN04288,2025-04-24,STR004,PRD032,35,0,684,131,4,1,Yes,Low,2026-03-15,Yes,40764.5,6762.0
TXN04289,2025-04-04,STR001,PRD041,15,163,816,0,6,1,Yes,Low,2025-10-15,No,7445.1,2135.7
TXN04290,2025-01-15,STR004,PRD050,16,172,168,0,6,3,No,Medium,2025-04-29,No,109134.72,34967.68
TXN04291,2025-04-10,STR001,PRD062,10,8,541,21,4,1,Yes,Low,2025-08-19,No,29954.2,5734.4
TXN04292,2025-04-04,STR003,PRD015,18,0,585,186,9,0,No,Low,2025-09-25,Yes,75042.9,22940.28
TXN04293,2025-02-24,STR003,PRD020,15,164,816,0,5,0,Yes,High,2025-12-26,No,52581.0,16115.55
TXN04294,2025-02-26,STR001,PRD003,45,0,604,93,4,0,No,High,2025-04-30,Yes,229022.55,72400.5
TXN04295,2025-02-26,STR003,PRD016,14,0,358,22,4,0,Yes,High,2025-10-31,Yes,79738.12,17275.44
TXN04296,2025-06-03,STR002,PRD010,13,194,878,0,9,1,Yes,Low,2025-12-11,No,25583.09,4705.09
TXN04297,2025-02-28,STR003,PRD032,20,17,427,45,4,0,Yes,Medium,2025-11-28,No,23294.0,3864.0
TXN04298,2025-04-04,STR003,PRD006,37,62,347,198,5,0,No,High,2025-09-06,No,152246.49,43546.04
TXN04299,2025-03-01,STR001,PRD006,35,185,387,0,5,0,Yes,Medium,2026-01-06,No,144016.95,41192.2
TXN04300,2025-01-24,STR003,PRD007,27,0,67,103,6,0,Yes,Medium,2025-11-05,Yes,94801.32,17548.38
TXN04301,2025-04-18,STR002,PRD063,17,49,837,0,6,0,Yes,Medium,2026-01-31,No,43542.27,11429.27
TXN04302,2025-05-30,STR002,PRD019,16,185,484,0,4,1,Yes,Medium,2026-02-25,No,26440.32,4134.4
TXN04303,2025-03-05,STR002,PRD055,12,129,395,0,6,0,No,High,2025-05-30,No,36412.56,5402.64
TXN04304,2025-02-05,STR001,PRD059,20,119,838,0,4,1,Yes,Medium,2025-11-14,No,131983.4,38665.6
TXN04305,2025-03-26,STR003,PRD037,19,187,150,0,6,0,Yes,Low,2026-02-22,No,21217.49,5725.84
TXN04306,2025-04-06,STR001,PRD037,11,184,626,0,6,0,No,High,2025-06-25,No,12283.81,3314.96
TXN04307,2025-03-29,STR001,PRD044,8,84,315,0,5,0,Yes,Medium,2026-03-21,No,9608.24,1261.52
TXN04308,2025-01-12,STR003,PRD013,11,184,737,0,4,1,No,Low,2025-06-07,No,63283.33,18254.83
TXN04309,2025-04-09,STR002,PRD040,18,0,352,59,8,0,No,Medium,2025-11-14,Yes,35834.22,9164.52
TXN04310,2025-03-13,STR002,PRD064,16,92,841,0,5,1,No,Medium,2025-06-23,No,56531.84,7481.12
TXN04311,2025-01-10,STR001,PRD018,22,69,502,36,9,1,Yes,Low,2025-10-02,No,129355.16,42819.92
TXN04312,2025-02-22,STR003,PRD042,18,0,524,148,4,1,Yes,Medium,2025-10-06,Yes,113382.36,33129.18
TXN04313,2025-03-09,STR001,PRD061,20,173,717,0,8,1,No,High,2026-03-02,No,87439.0,20350.4
TXN04314,2025-02-28,STR002,PRD030,32,138,790,0,8,0,Yes,Low,2025-05-19,No,143960.32,26385.92
TXN04315,2025-05-05,STR001,PRD050,12,69,364,0,6,1,Yes,High,2025-06-12,No,81851.04,26225.76
TXN04316,2025-02-17,STR001,PRD051,14,213,502,0,8,0,No,Low,2025-08-20,No,29532.86,4003.44
TXN04317,2025-05-09,STR002,PRD045,14,202,382,0,6,0,No,High,2025-09-08,No,76805.82,14974.68
TXN04318,2025-04-09,STR003,PRD049,18,0,626,61,4,0,Yes,Medium,2025-09-18,Yes,93592.08,23683.68
TXN04319,2025-04-11,STR002,PRD046,12,163,590,0,6,0,No,Low,2025-12-27,No,61836.6,15261.96
TXN04320,2025-02-17,STR002,PRD033,7,135,578,0,4,0,No,Low,2025-11-03,No,25545.87,4976.86
TXN04321,2025-04-17,STR003,PRD042,13,96,306,0,4,1,Yes,Low,2025-12-31,No,81887.26,23926.63
TXN04322,2025-06-17,STR004,PRD011,21,207,436,0,8,1,Yes,Low,2026-03-18,No,46732.98,7211.19
TXN04323,2025-01-18,STR002,PRD034,16,204,904,0,8,0,Yes,Medium,2025-06-03,No,50131.52,13113.28
TXN04324,2025-05-21,STR001,PRD049,20,227,992,0,4,0,No,Medium,2026-01-19,No,103991.2,26315.2
TXN04325,2025-06-27,STR001,PRD027,16,75,668,0,4,0,Yes,Low,2026-04-23,No,77691.36,14536.16
TXN04326,2025-04-21,STR001,PRD055,19,165,566,0,6,0,No,High,2025-06-16,No,57653.22,8554.18
TXN04327,2025-04-15,STR003,PRD043,6,223,737,0,5,0,Yes,Medium,2026-02-03,No,23632.38,3757.26
TXN04328,2025-05-14,STR001,PRD058,13,87,655,0,8,0,Yes,Low,2025-07-12,No,49235.03,13094.12
TXN04329,2025-06-27,STR004,PRD036,15,70,846,114,9,0,Yes,Medium,2025-07-30,No,55580.55,16287.75
TXN04330,2025-03-30,STR001,PRD041,8,193,76,0,6,3,Yes,Medium,2025-08-09,No,3970.72,1139.04
TXN04331,2025-05-28,STR003,PRD052,17,90,810,0,3,2,Yes,Medium,2026-04-28,No,50978.07,16875.9
TXN04332,2025-04-26,STR001,PRD041,11,98,313,0,6,0,Yes,Medium,2025-09-01,No,5459.74,1566.18
TXN04333,2025-06-24,STR003,PRD055,12,155,805,0,6,0,No,Medium,2026-03-11,No,36412.56,5402.64
TXN04334,2025-01-15,STR004,PRD011,14,174,535,0,8,0,No,Medium,2025-08-06,No,31155.32,4807.46
TXN04335,2025-03-30,STR003,PRD001,32,8,920,131,3,1,Yes,High,2025-05-13,No,122561.28,16791.36
TXN04336,2025-03-03,STR001,PRD059,11,201,850,0,4,1,No,Low,2025-07-03,No,72590.87,21266.08
TXN04337,2025-05-03,STR002,PRD005,27,193,462,0,4,2,Yes,Medium,2025-09-15,No,47562.12,11716.92
TXN04338,2025-02-16,STR004,PRD021,11,4,230,200,6,1,Yes,High,2025-06-01,Yes,27449.4,5011.05
TXN04339,2025-05-04,STR002,PRD062,20,6,829,47,4,0,Yes,Medium,2025-12-09,No,59908.4,11468.8
TXN04340,2025-06-16,STR003,PRD027,41,68,671,0,4,0,Yes,Medium,2025-09-08,No,199084.11,37248.91
TXN04341,2025-04-19,STR002,PRD011,12,30,108,0,8,0,No,Low,2026-03-30,No,26704.56,4120.68
TXN04342,2025-05-20,STR001,PRD019,13,82,166,0,4,0,No,Medium,2026-03-28,No,21482.76,3359.2
TXN04343,2025-04-14,STR004,PRD001,39,102,288,0,3,0,Yes,Medium,2025-08-11,No,149371.56,20464.47
TXN04344,2025-01-27,STR004,PRD007,36,208,642,0,6,1,Yes,Low,2025-12-22,No,126401.76,23397.84
TXN04345,2025-02-15,STR002,PRD062,15,32,80,0,4,2,Yes,High,2025-10-14,No,44931.3,8601.6
TXN04346,2025-05-26,STR004,PRD057,16,187,612,0,4,0,Yes,Low,2025-11-08,No,54423.84,13882.56
TXN04347,2025-02-17,STR002,PRD022,13,160,457,0,9,0,No,Medium,2025-04-27,No,64990.51,18209.23
TXN04348,2025-01-16,STR001,PRD042,16,92,609,0,4,1,Yes,Low,2025-10-03,No,100784.32,29448.16
TXN04349,2025-04-29,STR004,PRD038,13,213,958,0,3,1,Yes,Low,2025-07-09,No,61792.12,16314.74
TXN04350,2025-04-13,STR004,PRD035,15,221,248,0,5,0,No,Low,2025-11-04,No,29926.05,9963.9
TXN04351,2025-06-25,STR003,PRD022,14,0,348,28,9,0,Yes,Low,2025-10-27,Yes,69989.78,19609.94
TXN04352,2025-04-16,STR001,PRD019,26,187,519,0,4,0,Yes,Medium,2025-10-06,No,42965.52,6718.4
TXN04353,2025-04-07,STR004,PRD015,13,134,279,0,9,1,Yes,Medium,2025-07-27,No,54197.65,16567.98
TXN04354,2025-05-25,STR002,PRD008,26,174,504,0,8,1,No,Low,2026-04-04,No,60780.72,18985.72
TXN04355,2025-01-02,STR002,PRD017,11,127,277,0,4,0,Yes,High,2025-08-23,No,46322.54,6596.15
TXN04356,2025-03-25,STR003,PRD025,24,0,952,60,4,1,No,High,2026-03-03,Yes,163256.16,44437.92
TXN04357,2025-05-21,STR001,PRD037,13,70,161,0,6,0,Yes,High,2026-04-25,No,14517.23,3917.68
TXN04358,2025-02-27,STR004,PRD058,13,19,767,138,8,0,Yes,Medium,2025-06-29,No,49235.03,13094.12
TXN04359,2025-05-19,STR001,PRD040,15,205,139,0,8,2,Yes,High,2025-08-17,No,29861.85,7637.1
TXN04360,2025-04-10,STR003,PRD050,14,42,717,109,6,0,Yes,Medium,2026-02-22,No,95492.88,30596.72
TXN04361,2025-04-20,STR002,PRD039,13,2,900,52,8,1,No,High,2025-12-20,Yes,40788.41,13571.48
TXN04362,2025-04-26,STR002,PRD038,17,84,711,0,3,0,No,Low,2026-01-13,No,80805.08,21334.66
TXN04363,2025-02-12,STR004,PRD009,12,129,709,0,4,0,No,Medium,2025-06-27,No,68390.28,19342.08
TXN04364,2025-05-31,STR001,PRD064,16,109,321,0,5,1,No,Low,2026-02-16,No,56531.84,7481.12
TXN04365,2025-01-01,STR001,PRD049,13,116,929,0,4,0,No,Medium,2025-02-01,No,67594.28,17104.88
TXN04366,2025-04-18,STR002,PRD058,18,173,557,0,8,0,No,Medium,2025-05-29,No,68171.58,18130.32
TXN04367,2025-02-13,STR004,PRD061,13,0,60,159,8,1,Yes,High,2025-06-10,Yes,56835.35,13227.76
TXN04368,2025-06-02,STR002,PRD023,10,1,240,62,4,0,Yes,Medium,2025-12-02,Yes,38268.1,6638.9
TXN04369,2025-03-02,STR001,PRD049,19,139,83,0,4,0,No,Medium,2026-01-03,No,98791.64,24999.44
TXN04370,2025-05-27,STR003,PRD057,11,222,85,0,4,0,Yes,Low,2025-09-14,No,37416.39,9544.26
TXN04371,2025-03-31,STR002,PRD004,27,36,261,0,4,1,Yes,Low,2025-07-24,No,96412.14,13378.77
TXN04372,2025-03-04,STR003,PRD054,9,82,118,0,6,0,Yes,Low,2025-10-11,No,31440.06,4740.84
TXN04373,2025-06-16,STR002,PRD030,31,57,923,0,8,1,Yes,Low,2026-05-28,No,139461.56,25561.36
TXN04374,2025-02-27,STR003,PRD023,8,78,340,0,4,1,No,High,2025-04-15,No,30614.48,5311.12
TXN04375,2025-02-27,STR004,PRD030,31,117,566,0,8,0,No,High,2025-07-13,No,139461.56,25561.36
TXN04376,2025-06-09,STR003,PRD001,29,164,844,0,3,0,Yes,Low,2025-09-30,No,111071.16,15217.17
TXN04377,2025-03-17,STR003,PRD051,9,208,302,0,8,0,No,Low,2026-02-13,No,18985.41,2573.64
TXN04378,2025-04-20,STR003,PRD041,17,16,881,21,6,0,Yes,Medium,2026-03-04,No,8437.78,2420.46
TXN04379,2025-05-18,STR001,PRD035,17,148,286,0,5,0,Yes,Low,2025-11-01,No,33916.19,11292.42
TXN04380,2025-03-11,STR003,PRD048,16,7,950,61,8,0,Yes,Medium,2025-09-27,No,52414.72,9438.4
TXN04381,2025-06-03,STR002,PRD025,30,50,665,176,4,0,Yes,Low,2025-09-01,No,204070.2,55547.4
TXN04382,2025-02-06,STR004,PRD054,20,42,461,147,6,0,Yes,Low,2025-11-09,No,69866.8,10535.2
TXN04383,2025-04-28,STR002,PRD064,12,67,652,0,5,1,No,Medium,2025-08-17,No,42398.88,5610.84
TXN04384,2025-01-17,STR004,PRD043,8,224,65,0,5,1,No,Low,2025-12-17,No,31509.84,5009.68
TXN04385,2025-03-10,STR001,PRD055,14,150,145,0,6,3,Yes,Medium,2025-10-01,No,42481.32,6303.08
TXN04386,2025-06-09,STR004,PRD013,12,191,150,0,4,1,Yes,Low,2026-01-27,No,69036.36,19914.36
TXN04387,2025-04-25,STR002,PRD058,12,7,284,199,8,1,Yes,Medium,2025-12-01,No,45447.72,12086.88
TXN04388,2025-03-01,STR002,PRD041,14,170,460,0,6,0,Yes,Medium,2025-08-18,No,6948.76,1993.32
TXN04389,2025-05-02,STR001,PRD048,14,67,204,0,8,1,No,Medium,2025-12-14,No,45862.88,8258.6
TXN04390,2025-01-27,STR003,PRD038,12,217,977,0,3,0,Yes,High,2025-03-11,No,57038.88,15059.76
TXN04391,2025-06-08,STR001,PRD029,30,0,878,134,5,0,Yes,Low,2025-07-10,Yes,57348.6,18600.0
TXN04392,2025-05-27,STR004,PRD017,13,138,212,0,4,0,No,Medium,2025-09-04,No,54744.82,7795.45
TXN04393,2025-03-11,STR002,PRD029,16,32,772,62,5,0,Yes,Low,2025-10-08,No,30585.92,9920.0
TXN04394,2025-06-26,STR001,PRD019,14,44,930,0,4,2,No,Medium,2025-07-31,No,23135.28,3617.6
TXN04395,2025-03-23,STR002,PRD038,15,9,264,89,3,0,Yes,Low,2026-02-13,No,71298.6,18824.7
TXN04396,2025-06-13,STR003,PRD025,25,51,732,80,4,1,Yes,High,2026-02-24,No,170058.5,46289.5
TXN04397,2025-05-05,STR004,PRD012,14,220,655,0,5,0,No,High,2025-08-14,No,35343.14,7522.34
TXN04398,2025-03-08,STR003,PRD026,27,127,179,0,9,0,No,High,2025-08-13,No,45446.94,9477.81
TXN04399,2025-02-03,STR004,PRD019,16,23,563,43,4,0,Yes,High,2025-07-13,No,26440.32,4134.4
TXN04400,2025-06-10,STR002,PRD035,18,186,741,0,5,1,No,High,2026-04-12,No,35911.26,11956.68
TXN04401,2025-01-29,STR002,PRD051,14,137,234,0,8,0,Yes,Medium,2025-12-02,No,29532.86,4003.44
TXN04402,2025-05-04,STR003,PRD016,22,104,92,0,4,0,No,Medium,2026-04-23,No,125302.76,27147.12
TXN04403,2025-04-08,STR001,PRD032,43,7,951,73,4,0,Yes,Low,2026-03-05,No,50082.1,8307.6
TXN04404,2025-05-31,STR004,PRD057,9,133,490,0,4,0,No,Low,2025-12-30,No,30613.41,7808.94
TXN04405,2025-06-08,STR001,PRD005,27,15,528,107,4,0,No,Medium,2025-11-25,No,47562.12,11716.92
TXN04406,2025-01-15,STR002,PRD033,10,216,582,0,4,1,No,High,2025-10-29,No,36494.1,7109.8
TXN04407,2025-04-02,STR002,PRD022,15,173,589,0,9,0,Yes,High,2026-02-03,No,74989.05,21010.65
TXN04408,2025-02-13,STR004,PRD046,12,237,843,0,6,0,No,High,2025-10-24,No,61836.6,15261.96
TXN04409,2025-05-03,STR001,PRD056,12,22,857,123,9,0,Yes,Low,2026-02-17,No,40172.28,6527.64
TXN04410,2025-03-10,STR002,PRD051,15,86,543,0,8,2,Yes,High,2026-02-02,No,31642.35,4289.4
TXN04411,2025-02-13,STR003,PRD060,17,75,362,0,4,0,Yes,High,2025-08-25,No,26657.7,5485.73
TXN04412,2025-04-06,STR002,PRD062,17,3,451,169,4,1,Yes,High,2025-07-26,Yes,50922.14,9748.48
TXN04413,2025-02-14,STR001,PRD051,14,32,58,109,8,0,Yes,High,2025-06-17,No,29532.86,4003.44
TXN04414,2025-04-01,STR004,PRD054,14,172,864,0,6,1,No,Low,2025-10-01,No,48906.76,7374.64
TXN04415,2025-04-25,STR001,PRD034,21,23,471,161,8,0,Yes,High,2025-09-30,No,65797.62,17211.18
TXN04416,2025-02-16,STR003,PRD059,20,145,63,0,4,0,Yes,Low,2025-06-09,No,131983.4,38665.6
TXN04417,2025-03-04,STR002,PRD004,26,0,633,93,4,0,Yes,High,2025-04-08,Yes,92841.32,12883.26
TXN04418,2025-01-04,STR004,PRD049,17,138,769,0,4,0,No,Medium,2025-05-01,No,88392.52,22367.92
TXN04419,2025-06-27,STR001,PRD056,17,96,90,0,9,1,Yes,Medium,2026-02-16,No,56910.73,9247.49
TXN04420,2025-01-01,STR003,PRD033,19,48,897,107,4,1,Yes,High,2025-08-03,No,69338.79,13508.62
TXN04421,2025-04-21,STR004,PRD047,20,29,118,67,8,0,No,Medium,2026-04-17,No,110177.4,22348.6
TXN04422,2025-01-11,STR004,PRD031,14,169,287,0,5,1,Yes,Low,2025-03-25,No,44444.68,14212.1
TXN04423,2025-05-28,STR001,PRD064,13,43,429,82,5,0,Yes,High,2026-05-10,No,45932.12,6078.41
TXN04424,2025-02-15,STR003,PRD037,7,27,355,61,6,0,No,Low,2025-04-30,No,7816.97,2109.52
TXN04425,2025-06-01,STR003,PRD019,12,44,441,0,4,0,Yes,High,2025-07-24,No,19830.24,3100.8
TXN04426,2025-04-18,STR004,PRD046,15,232,71,0,6,1,Yes,Medium,2026-01-21,No,77295.75,19077.45
TXN04427,2025-06-18,STR004,PRD006,27,55,337,122,5,0,No,Low,2026-02-17,No,111098.79,31776.84
TXN04428,2025-01-15,STR004,PRD025,37,212,496,0,4,0,Yes,Medium,2025-07-08,No,251686.58,68508.46
TXN04429,2025-02-25,STR001,PRD011,12,169,588,0,8,1,No,Low,2025-04-03,No,26704.56,4120.68
TXN04430,2025-05-27,STR002,PRD013,7,76,283,0,4,1,No,Low,2025-10-06,No,40271.21,11616.71
TXN04431,2025-03-11,STR002,PRD030,35,0,895,133,8,0,No,High,2025-06-24,Yes,157456.6,28859.6
TXN04432,2025-02-27,STR002,PRD062,14,158,163,0,4,0,Yes,Low,2025-10-25,No,41935.88,8028.16
TXN04433,2025-01-30,STR004,PRD058,21,0,861,184,8,1,No,Medium,2025-04-17,Yes,79533.51,21152.04
TXN04434,2025-04-22,STR001,PRD039,11,65,190,0,8,0,Yes,High,2025-07-11,No,34513.27,11483.56
TXN04435,2025-04-10,STR002,PRD007,34,36,169,93,6,1,Yes,Medium,2025-08-09,No,119379.44,22097.96
TXN04436,2025-04-29,STR003,PRD046,17,103,724,0,6,0,No,High,2025-11-30,No,87601.85,21621.11
TXN04437,2025-05-03,STR003,PRD003,31,197,990,0,4,0,Yes,Medium,2025-09-16,No,157771.09,49875.9
TXN04438,2025-03-06,STR004,PRD048,6,148,349,0,8,0,Yes,High,2025-04-28,No,19655.52,3539.4
TXN04439,2025-03-13,STR002,PRD053,11,214,488,0,4,0,Yes,Medium,2025-09-26,No,22467.5,3268.98
TXN04440,2025-03-29,STR003,PRD050,10,15,613,150,6,0,No,Low,2025-06-11,No,68209.2,21854.8
TXN04441,2025-05-07,STR002,PRD059,19,139,680,0,4,1,Yes,Low,2025-11-06,No,125384.23,36732.32
TXN04442,2025-06-28,STR003,PRD058,10,36,92,0,8,0,Yes,Medium,2026-05-10,No,37873.1,10072.4
TXN04443,2025-02-26,STR001,PRD028,38,40,323,0,4,0,No,Low,2025-12-07,No,200247.08,45065.72
TXN04444,2025-02-13,STR001,PRD025,24,44,488,108,4,1,No,Low,2025-11-26,No,163256.16,44437.92
TXN04445,2025-04-10,STR002,PRD054,13,133,311,0,6,0,No,High,2025-05-15,No,45413.42,6847.88
TXN04446,2025-02-12,STR001,PRD023,17,74,945,0,4,1,No,High,2025-09-19,No,65055.77,11286.13
TXN04447,2025-02-27,STR002,PRD015,10,86,912,0,9,1,Yes,Medium,2026-01-09,No,41690.5,12744.6
TXN04448,2025-05-26,STR004,PRD033,14,0,754,91,4,1,No,Low,2025-10-04,Yes,51091.74,9953.72
TXN04449,2025-05-13,STR004,PRD005,31,156,773,0,4,2,No,Low,2026-05-12,No,54608.36,13452.76
TXN04450,2025-01-04,STR003,PRD013,15,235,53,0,4,0,No,Low,2025-10-17,No,86295.45,24892.95
TXN04451,2025-03-28,STR002,PRD006,42,184,370,0,5,1,No,High,2025-09-11,No,172820.34,49430.64
TXN04452,2025-02-14,STR003,PRD033,13,10,793,120,4,1,No,Low,2025-08-27,No,47442.33,9242.74
TXN04453,2025-06-01,STR004,PRD034,15,139,66,0,8,2,Yes,High,2025-10-21,No,46998.3,12293.7
TXN04454,2025-05-03,STR002,PRD008,42,0,738,87,8,0,No,Low,2025-11-05,Yes,98184.24,30669.24
TXN04455,2025-05-06,STR001,PRD016,14,202,713,0,4,1,No,High,2025-07-23,No,79738.12,17275.44
TXN04456,2025-03-17,STR003,PRD020,16,40,516,0,5,0,No,Medium,2025-08-02,No,56086.4,17189.92
TXN04457,2025-04-28,STR002,PRD033,15,0,795,121,4,1,No,Low,2026-03-01,Yes,54741.15,10664.7
TXN04458,2025-04-26,STR001,PRD041,15,200,717,0,6,1,No,Medium,2025-10-04,No,7445.1,2135.7
TXN04459,2025-04-17,STR001,PRD017,12,205,528,0,4,1,Yes,High,2025-12-01,No,50533.68,7195.8
TXN04460,2025-03-01,STR002,PRD026,30,111,996,0,9,0,Yes,Medium,2025-08-30,No,50496.6,10530.9
TXN04461,2025-06-27,STR003,PRD013,14,8,431,152,4,0,Yes,Low,2025-10-11,No,80542.42,23233.42
TXN04462,2025-04-26,STR003,PRD028,32,204,762,0,4,1,Yes,High,2025-07-21,No,168629.12,37950.08
TXN04463,2025-01-03,STR004,PRD033,24,174,579,0,4,0,No,Medium,2025-02-22,No,87585.84,17063.52
TXN04464,2025-06-28,STR004,PRD051,14,102,715,0,8,0,No,Low,2025-12-23,No,29532.86,4003.44
TXN04465,2025-03-02,STR001,PRD033,18,75,471,0,4,0,No,Low,2025-09-20,No,65689.38,12797.64
TXN04466,2025-01-10,STR002,PRD061,15,43,303,200,8,1,No,Medium,2025-09-14,No,65579.25,15262.8
TXN04467,2025-06-01,STR003,PRD015,17,113,301,0,9,0,Yes,Low,2026-01-19,No,70873.85,21665.82
TXN04468,2025-05-04,STR001,PRD056,14,151,500,0,9,0,Yes,Low,2025-12-27,No,46867.66,7615.58
TXN04469,2025-05-01,STR001,PRD027,21,119,188,0,4,1,Yes,High,2025-09-01,No,101969.91,19078.71
TXN04470,2025-04-18,STR002,PRD051,19,86,959,0,8,0,No,High,2026-04-11,No,40080.31,5433.24
TXN04471,2025-03-13,STR001,PRD044,17,181,133,0,5,2,Yes,High,2025-11-29,No,20417.51,2680.73
TXN04472,2025-05-11,STR003,PRD012,17,148,569,0,5,2,No,Medium,2025-09-29,No,42916.67,9134.27
TXN04473,2025-05-09,STR004,PRD025,27,146,662,0,4,0,Yes,Medium,2026-02-04,No,183663.18,49992.66
TXN04474,2025-02-22,STR004,PRD022,19,127,474,0,9,0,Yes,Medium,2025-06-18,No,94986.13,26613.49
TXN04475,2025-06-28,STR001,PRD038,18,113,760,0,3,1,No,Medium,2025-08-09,No,85558.32,22589.64
TXN04476,2025-03-22,STR004,PRD012,15,189,702,0,5,0,No,Low,2026-03-13,No,37867.65,8059.65
TXN04477,2025-03-19,STR003,PRD055,12,134,191,0,6,0,Yes,Low,2025-12-07,No,36412.56,5402.64
TXN04478,2025-01-16,STR003,PRD033,14,53,927,185,4,0,No,High,2025-03-26,No,51091.74,9953.72
TXN04479,2025-05-20,STR001,PRD026,32,142,790,0,9,0,No,Low,2026-01-13,No,53863.04,11232.96
TXN04480,2025-04-11,STR001,PRD013,19,33,909,67,4,1,Yes,Low,2025-12-02,No,109307.57,31531.07
TXN04481,2025-02-11,STR003,PRD057,16,131,742,0,4,1,Yes,Medium,2025-06-19,No,54423.84,13882.56
TXN04482,2025-05-29,STR001,PRD024,15,133,231,0,6,0,Yes,High,2026-04-14,No,28543.5,6784.35
TXN04483,2025-05-18,STR003,PRD027,24,101,172,0,4,0,Yes,Medium,2025-11-29,No,116537.04,21804.24
TXN04484,2025-02-22,STR004,PRD040,13,184,873,0,8,0,Yes,Medium,2025-05-09,No,25880.27,6618.82
TXN04485,2025-04-28,STR001,PRD049,21,167,986,0,4,1,Yes,High,2025-12-30,No,109190.76,27630.96
TXN04486,2025-03-20,STR004,PRD013,21,135,318,0,4,0,Yes,Medium,2026-02-13,No,120813.63,34850.13
TXN04487,2025-03-16,STR003,PRD051,15,25,261,27,8,0,Yes,Low,2025-08-14,No,31642.35,4289.4
TXN04488,2025-03-25,STR001,PRD062,12,65,753,0,4,1,Yes,Low,2025-09-15,No,35945.04,6881.28
TXN04489,2025-04-02,STR004,PRD008,34,122,478,0,8,1,No,Low,2025-11-12,No,79482.48,24827.48
TXN04490,2025-06-03,STR002,PRD011,14,31,115,0,8,0,No,High,2026-02-12,No,31155.32,4807.46
TXN04491,2025-02-18,STR001,PRD047,14,0,314,114,8,1,Yes,Medium,2025-07-16,Yes,77124.18,15644.02
TXN04492,2025-05-24,STR003,PRD036,14,219,574,0,9,0,No,High,2025-10-26,No,51875.18,15201.9
TXN04493,2025-01-14,STR004,PRD004,25,175,942,0,4,0,Yes,Medium,2025-11-15,No,89270.5,12387.75
TXN04494,2025-01-29,STR002,PRD029,36,84,564,0,5,0,Yes,Medium,2026-01-18,No,68818.32,22320.0
TXN04495,2025-04-07,STR001,PRD041,18,226,706,0,6,0,No,High,2025-08-28,No,8934.12,2562.84
TXN04496,2025-06-23,STR003,PRD060,15,14,954,107,4,0,Yes,Low,2026-02-02,No,23521.5,4840.35
TXN04497,2025-06-16,STR004,PRD030,27,198,840,0,8,0,Yes,High,2026-04-03,No,121466.52,22263.12
TXN04498,2025-01-24,STR002,PRD003,26,0,509,71,4,0,Yes,Low,2025-10-24,Yes,132324.14,41831.4
TXN04499,2025-01-14,STR001,PRD004,34,216,209,0,4,1,No,High,2025-07-15,No,121407.88,16847.34
TXN04500,2025-01-11,STR003,PRD030,36,189,99,0,8,1,Yes,Low,2025-10-30,No,161955.36,29684.16
TXN04501,2025-06-11,STR002,PRD012,24,114,82,0,5,2,Yes,Medium,2025-09-30,No,60588.24,12895.44
TXN04502,2025-04-13,STR001,PRD017,7,31,219,155,4,2,No,High,2025-08-10,No,29477.98,4197.55
TXN04503,2025-06-16,STR004,PRD020,21,201,838,0,5,0,No,Medium,2026-04-11,No,73613.4,22561.77
TXN04504,2025-03-25,STR004,PRD028,20,149,921,0,4,0,Yes,Medium,2025-07-08,No,105393.2,23718.8
TXN04505,2025-05-13,STR003,PRD062,22,107,725,0,4,1,No,High,2025-09-14,No,65899.24,12615.68
TXN04506,2025-06-14,STR001,PRD059,8,157,528,0,4,0,No,Low,2025-08-21,No,52793.36,15466.24
TXN04507,2025-04-18,STR004,PRD032,32,0,656,128,4,1,Yes,High,2026-03-21,Yes,37270.4,6182.4
TXN04508,2025-04-09,STR001,PRD010,18,201,162,0,9,0,Yes,Medium,2025-12-02,No,35422.74,6514.74
TXN04509,2025-04-11,STR001,PRD040,16,17,620,23,8,1,Yes,High,2025-07-18,No,31852.64,8146.24
TXN04510,2025-01-05,STR001,PRD052,16,45,172,179,3,0,No,Low,2025-12-26,No,47979.36,15883.2
TXN04511,2025-02-14,STR002,PRD056,16,220,481,0,9,0,Yes,High,2025-07-29,No,53563.04,8703.52
TXN04512,2025-03-13,STR004,PRD054,18,50,383,75,6,0,No,High,2026-03-11,No,62880.12,9481.68
TXN04513,2025-02-17,STR002,PRD031,35,29,584,105,5,0,No,Low,2025-04-29,No,111111.7,35530.25
TXN04514,2025-02-15,STR004,PRD022,11,0,879,95,9,2,Yes,Medium,2025-06-08,Yes,54991.97,15407.81
TXN04515,2025-06-18,STR002,PRD022,13,211,432,0,9,1,Yes,Medium,2026-05-19,No,64990.51,18209.23
TXN04516,2025-01-05,STR003,PRD043,11,138,142,0,5,1,Yes,Low,2025-09-26,No,43326.03,6888.31
TXN04517,2025-04-04,STR002,PRD004,26,0,614,66,4,0,No,High,2025-12-21,Yes,92841.32,12883.26
TXN04518,2025-04-14,STR003,PRD015,13,197,885,0,9,0,Yes,Low,2026-03-22,No,54197.65,16567.98
TXN04519,2025-04-07,STR002,PRD018,16,150,829,0,9,0,No,Low,2025-07-13,No,94076.48,31141.76
TXN04520,2025-03-17,STR004,PRD028,21,75,375,0,4,2,Yes,High,2025-09-20,No,110662.86,24904.74
TXN04521,2025-01-11,STR004,PRD037,13,77,413,0,6,0,Yes,High,2025-09-15,No,14517.23,3917.68
TXN04522,2025-03-07,STR003,PRD037,9,119,821,0,6,0,Yes,High,2026-01-03,No,10050.39,2712.24
TXN04523,2025-04-23,STR002,PRD060,20,182,426,0,4,2,No,High,2025-05-31,No,31362.0,6453.8
TXN04524,2025-03-04,STR004,PRD023,18,205,459,0,4,0,No,High,2026-01-07,No,68882.58,11950.02
TXN04525,2025-02-07,STR001,PRD029,27,63,512,165,5,0,No,Low,2025-11-29,No,51613.74,16740.0
TXN04526,2025-04-05,STR001,PRD015,11,59,779,0,9,0,No,Medium,2025-07-21,No,45859.55,14019.06
TXN04527,2025-02-20,STR004,PRD025,29,30,89,129,4,0,No,Medium,2025-11-14,No,197267.86,53695.82
TXN04528,2025-06-04,STR003,PRD057,13,185,689,0,4,0,No,Medium,2026-04-29,No,44219.37,11279.58
TXN04529,2025-01-19,STR004,PRD058,18,15,645,115,8,2,No,High,2025-10-24,No,68171.58,18130.32
TXN04530,2025-06-20,STR003,PRD046,15,216,228,0,6,0,Yes,High,2025-08-14,No,77295.75,19077.45
TXN04531,2025-03-07,STR003,PRD001,21,133,587,0,3,0,No,Low,2025-06-29,No,80430.84,11019.33
TXN04532,2025-04-16,STR001,PRD058,9,135,684,0,8,0,Yes,Low,2025-11-28,No,34085.79,9065.16
TXN04533,2025-04-17,STR004,PRD010,15,86,124,0,9,1,No,High,2026-03-11,No,29518.95,5428.95
TXN04534,2025-04-15,STR003,PRD051,7,38,963,68,8,0,No,Medium,2026-03-23,No,14766.43,2001.72
TXN04535,2025-06-01,STR003,PRD046,20,212,961,0,6,2,Yes,High,2026-05-05,No,103061.0,25436.6
TXN04536,2025-05-21,STR002,PRD015,12,51,378,75,9,0,No,Medium,2026-03-31,No,50028.6,15293.52
TXN04537,2025-05-12,STR004,PRD064,17,101,777,0,5,0,No,Medium,2026-04-19,No,60065.08,7948.69
TXN04538,2025-02-17,STR004,PRD033,11,84,988,0,4,0,No,Low,2025-08-20,No,40143.51,7820.78
TXN04539,2025-02-01,STR004,PRD047,9,54,587,85,8,0,Yes,Low,2025-11-25,No,49579.83,10056.87
TXN04540,2025-03-06,STR004,PRD035,14,215,672,0,5,1,Yes,Low,2025-09-19,No,27930.98,9299.64
TXN04541,2025-02-21,STR001,PRD003,34,101,813,0,4,1,Yes,High,2025-05-05,No,173039.26,54702.6
TXN04542,2025-02-09,STR004,PRD056,23,9,60,123,9,0,Yes,Low,2025-04-14,No,76996.87,12511.31
TXN04543,2025-03-16,STR001,PRD039,23,53,100,0,8,0,No,Medium,2025-06-29,No,72164.11,24011.08
TXN04544,2025-06-07,STR003,PRD003,16,228,861,0,4,1,No,High,2026-06-05,No,81430.24,25742.4
TXN04545,2025-06-19,STR002,PRD023,16,42,941,28,4,0,No,High,2026-05-03,No,61228.96,10622.24
TXN04546,2025-01-19,STR004,PRD061,14,41,171,96,8,0,Yes,Low,2025-11-09,No,61207.3,14245.28
TXN04547,2025-05-28,STR004,PRD007,34,48,972,58,6,0,No,Low,2025-07-13,No,119379.44,22097.96
TXN04548,2025-06-01,STR003,PRD019,9,147,603,0,4,0,No,High,2025-12-15,No,14872.68,2325.6
TXN04549,2025-06-21,STR004,PRD036,12,86,354,0,9,0,Yes,High,2025-09-28,No,44464.44,13030.2
TXN04550,2025-03-17,STR004,PRD010,9,223,61,0,9,0,No,High,2026-03-14,No,17711.37,3257.37
TXN04551,2025-02-08,STR002,PRD005,26,106,237,0,4,1,Yes,Medium,2025-07-06,No,45800.56,11282.96
TXN04552,2025-01-08,STR001,PRD063,19,126,546,0,6,0,No,Medium,2025-12-15,No,48664.89,12773.89
TXN04553,2025-01-27,STR003,PRD049,11,148,317,0,4,1,No,Low,2025-12-14,No,57195.16,14473.36
TXN04554,2025-05-20,STR002,PRD034,6,229,886,0,8,1,Yes,High,2025-12-25,No,18799.32,4917.48
TXN04555,2025-04-13,STR003,PRD026,32,1,137,21,9,0,No,High,2025-11-15,Yes,53863.04,11232.96
TXN04556,2025-03-04,STR004,PRD051,18,142,52,0,8,2,No,High,2025-10-29,No,37970.82,5147.28
TXN04557,2025-04-15,STR002,PRD064,18,7,490,154,5,2,No,Medium,2025-08-01,No,63598.32,8416.26
TXN04558,2025-06-16,STR004,PRD027,42,204,839,0,4,0,No,Low,2025-12-21,No,203939.82,38157.42
TXN04559,2025-03-05,STR004,PRD046,10,193,364,0,6,0,No,Medium,2025-06-04,No,51530.5,12718.3
TXN04560,2025-02-11,STR002,PRD036,14,67,124,77,9,0,Yes,Medium,2026-01-23,No,51875.18,15201.9
TXN04561,2025-03-22,STR002,PRD036,15,202,464,0,9,0,Yes,Low,2025-05-17,No,55580.55,16287.75
TXN04562,2025-05-08,STR001,PRD039,18,107,557,0,8,0,Yes,High,2025-09-01,No,56476.26,18791.28
TXN04563,2025-01-19,STR004,PRD045,16,111,408,0,6,1,Yes,Low,2025-09-20,No,87778.08,17113.92
TXN04564,2025-01-23,STR003,PRD041,18,175,639,0,6,3,Yes,Low,2025-05-08,No,8934.12,2562.84
TXN04565,2025-06-27,STR004,PRD041,13,72,903,0,6,0,Yes,High,2025-11-05,No,6452.42,1850.94
TXN04566,2025-05-13,STR001,PRD054,9,114,248,0,6,1,Yes,Medium,2025-07-02,No,31440.06,4740.84
TXN04567,2025-02-18,STR002,PRD006,32,155,238,0,5,0,No,Medium,2025-08-07,No,131672.64,37661.44
TXN04568,2025-04-25,STR004,PRD018,14,59,673,160,9,0,Yes,Medium,2026-02-01,No,82316.92,27249.04
TXN04569,2025-04-21,STR004,PRD022,17,0,817,133,9,0,No,Low,2025-09-13,Yes,84987.59,23812.07
TXN04570,2025-03-22,STR004,PRD004,22,214,956,0,4,0,Yes,High,2025-12-17,No,78558.04,10901.22
TXN04571,2025-04-16,STR003,PRD052,14,68,846,39,3,1,Yes,Medium,2026-04-03,No,41981.94,13897.8
TXN04572,2025-01-09,STR002,PRD054,24,226,990,0,6,1,No,Low,2025-10-13,No,83840.16,12642.24
TXN04573,2025-06-27,STR001,PRD060,17,44,220,188,4,0,No,Low,2025-12-11,No,26657.7,5485.73
TXN04574,2025-04-01,STR001,PRD046,11,87,247,0,6,0,No,Low,2026-03-06,No,56683.55,13990.13
TXN04575,2025-01-19,STR001,PRD027,34,169,412,0,4,1,Yes,Medium,2025-08-14,No,165094.14,30889.34
TXN04576,2025-05-20,STR002,PRD009,12,177,130,0,4,1,Yes,Medium,2026-02-05,No,68390.28,19342.08
TXN04577,2025-03-08,STR004,PRD039,21,48,451,178,8,1,No,Low,2026-02-09,No,65888.97,21923.16
TXN04578,2025-06-20,STR004,PRD012,18,11,98,121,5,0,No,Medium,2025-07-21,No,45441.18,9671.58
TXN04579,2025-01-13,STR003,PRD057,11,61,61,0,4,0,Yes,Low,2025-07-21,No,37416.39,9544.26
TXN04580,2025-03-23,STR003,PRD038,17,211,369,0,3,0,Yes,High,2025-09-10,No,80805.08,21334.66
TXN04581,2025-01-05,STR004,PRD025,35,119,995,0,4,1,Yes,Low,2025-03-17,No,238081.9,64805.3
TXN04582,2025-05-19,STR004,PRD006,14,160,264,0,5,0,No,Medium,2025-09-08,No,57606.78,16476.88
TXN04583,2025-01-11,STR003,PRD048,16,45,576,0,8,1,No,High,2025-11-20,No,52414.72,9438.4
TXN04584,2025-04-13,STR001,PRD035,7,168,335,0,5,2,Yes,High,2025-12-26,No,13965.49,4649.82
TXN04585,2025-05-17,STR001,PRD006,50,0,451,58,5,0,No,Low,2026-04-23,Yes,205738.5,58846.0
TXN04586,2025-06-28,STR001,PRD042,23,63,972,43,4,0,No,Medium,2026-03-08,No,144877.46,42331.73
TXN04587,2025-06-03,STR004,PRD009,18,34,789,72,4,0,Yes,Medium,2026-02-01,No,102585.42,29013.12
TXN04588,2025-02-03,STR002,PRD041,16,35,244,34,6,0,No,Medium,2025-07-17,No,7941.44,2278.08
TXN04589,2025-01-06,STR001,PRD055,11,117,979,0,6,2,Yes,Medium,2025-10-12,No,33378.18,4952.42
TXN04590,2025-01-11,STR002,PRD006,34,150,669,0,5,2,No,Low,2025-12-12,No,139902.18,40015.28
TXN04591,2025-02-13,STR004,PRD039,17,0,782,193,8,1,Yes,High,2026-01-23,Yes,53338.69,17747.32
TXN04592,2025-01-24,STR001,PRD004,35,179,790,0,4,2,No,Low,2025-04-04,No,124978.7,17342.85
TXN04593,2025-01-24,STR002,PRD020,15,36,747,0,5,1,Yes,Medium,2025-09-04,No,52581.0,16115.55
TXN04594,2025-01-26,STR002,PRD058,17,7,600,105,8,1,No,High,2025-08-17,No,64384.27,17123.08
TXN04595,2025-05-24,STR004,PRD062,11,1,216,107,4,0,No,Low,2025-09-26,Yes,32949.62,6307.84
TXN04596,2025-06-18,STR003,PRD030,20,8,721,172,8,0,No,Low,2025-12-16,No,89975.2,16491.2
TXN04597,2025-04-27,STR002,PRD001,29,8,371,24,3,0,Yes,High,2026-01-22,No,111071.16,15217.17
TXN04598,2025-06-23,STR002,PRD028,25,96,538,0,4,0,No,Medium,2025-12-12,No,131741.5,29648.5
TXN04599,2025-03-17,STR004,PRD007,33,152,764,0,6,3,Yes,High,2025-06-25,No,115868.28,21448.02
TXN04600,2025-06-13,STR004,PRD019,21,208,251,0,4,0,Yes,Medium,2025-08-14,No,34702.92,5426.4
TXN04601,2025-03-16,STR003,PRD004,33,157,125,0,4,1,No,High,2025-08-17,No,117837.06,16351.83
TXN04602,2025-05-28,STR001,PRD020,20,49,481,0,5,3,No,Medium,2026-01-21,No,70108.0,21487.4
TXN04603,2025-02-03,STR004,PRD019,16,207,467,0,4,0,Yes,Low,2025-08-19,No,26440.32,4134.4
TXN04604,2025-06-29,STR001,PRD011,23,171,640,0,8,0,No,Low,2026-01-31,No,51183.74,7897.97
TXN04605,2025-03-01,STR002,PRD047,20,229,63,0,8,0,Yes,High,2025-10-13,No,110177.4,22348.6
TXN04606,2025-01-19,STR003,PRD007,36,41,182,24,6,2,No,Medium,2025-11-29,No,126401.76,23397.84
TXN04607,2025-04-25,STR004,PRD013,16,0,978,75,4,1,No,High,2025-12-16,Yes,92048.48,26552.48
TXN04608,2025-01-13,STR002,PRD035,13,71,1000,0,5,2,Yes,Medium,2025-06-13,No,25935.91,8635.38
TXN04609,2025-01-11,STR003,PRD039,13,88,455,0,8,1,Yes,Medium,2025-02-14,No,40788.41,13571.48
TXN04610,2025-04-05,STR004,PRD042,11,0,798,53,4,1,Yes,High,2026-03-25,Yes,69289.22,20245.61
TXN04611,2025-04-20,STR003,PRD029,29,185,58,0,5,0,Yes,Low,2025-09-07,No,55436.98,17980.0
TXN04612,2025-05-31,STR002,PRD020,17,0,171,171,5,0,Yes,Low,2025-10-29,Yes,59591.8,18264.29
TXN04613,2025-06-13,STR003,PRD048,19,0,423,56,8,0,Yes,Low,2026-05-20,Yes,62242.48,11208.1
TXN04614,2025-03-09,STR002,PRD013,15,71,211,0,4,0,Yes,Medium,2025-10-14,No,86295.45,24892.95
TXN04615,2025-05-26,STR001,PRD043,12,107,762,0,5,0,No,Low,2025-08-21,No,47264.76,7514.52
TXN04616,2025-05-28,STR003,PRD011,19,147,894,0,8,1,Yes,Medium,2025-07-18,No,42282.22,6524.41
TXN04617,2025-01-13,STR002,PRD010,11,148,783,0,9,1,No,Low,2025-04-21,No,21647.23,3981.23
TXN04618,2025-04-29,STR003,PRD019,19,70,989,0,4,0,No,Medium,2025-11-09,No,31397.88,4909.6
TXN04619,2025-03-07,STR004,PRD002,28,133,654,0,4,0,Yes,Low,2025-09-16,No,48706.0,8078.28
TXN04620,2025-03-15,STR003,PRD061,16,175,620,0,8,1,No,High,2025-09-07,No,69951.2,16280.32
TXN04621,2025-03-26,STR002,PRD017,18,39,576,0,4,1,Yes,Low,2026-02-04,No,75800.52,10793.7
TXN04622,2025-01-05,STR004,PRD060,22,139,624,0,4,0,Yes,High,2025-11-11,No,34498.2,7099.18
TXN04623,2025-06-02,STR004,PRD048,12,87,406,0,8,0,No,High,2025-10-18,No,39311.04,7078.8
TXN04624,2025-03-14,STR002,PRD026,29,166,388,0,9,0,No,Medium,2025-07-02,No,48813.38,10179.87
TXN04625,2025-02-12,STR004,PRD020,20,132,863,0,5,2,No,Low,2025-05-16,No,70108.0,21487.4
TXN04626,2025-05-07,STR002,PRD061,13,144,556,0,8,1,Yes,Medium,2025-12-31,No,56835.35,13227.76
TXN04627,2025-04-08,STR002,PRD017,13,0,881,80,4,0,No,Low,2025-12-09,Yes,54744.82,7795.45
TXN04628,2025-02-05,STR002,PRD025,29,109,483,0,4,1,Yes,Medium,2025-03-12,No,197267.86,53695.82
TXN04629,2025-03-17,STR002,PRD053,16,98,934,0,4,0,Yes,Medium,2025-11-09,No,32680.0,4754.88
TXN04630,2025-01-05,STR003,PRD008,30,20,868,110,8,0,Yes,Medium,2025-10-20,No,70131.6,21906.6
TXN04631,2025-04-04,STR004,PRD036,20,0,433,38,9,0,Yes,High,2025-05-06,Yes,74107.4,21717.0
TXN04632,2025-01-18,STR001,PRD006,27,31,793,193,5,0,Yes,Medium,2025-10-29,No,111098.79,31776.84
TXN04633,2025-01-25,STR004,PRD012,17,63,483,0,5,1,Yes,Medium,2025-11-20,No,42916.67,9134.27
TXN04634,2025-04-23,STR004,PRD052,14,132,113,0,3,2,No,Low,2025-08-22,No,41981.94,13897.8
TXN04635,2025-03-07,STR003,PRD040,22,55,264,39,8,0,Yes,High,2025-09-20,No,43797.38,11201.08
TXN04636,2025-03-20,STR004,PRD030,36,109,321,0,8,1,Yes,High,2025-10-28,No,161955.36,29684.16
TXN04637,2025-03-09,STR002,PRD061,15,172,813,0,8,1,No,Low,2025-05-27,No,65579.25,15262.8
TXN04638,2025-06-24,STR003,PRD002,32,145,989,0,4,1,No,High,2025-08-20,No,55664.0,9232.32
TXN04639,2025-03-23,STR003,PRD045,6,179,521,0,6,1,Yes,High,2025-06-01,No,32916.78,6417.72
TXN04640,2025-06-14,STR003,PRD044,23,215,587,0,5,1,No,Medium,2025-12-14,No,27623.69,3626.87
TXN04641,2025-04-14,STR001,PRD027,33,21,388,129,4,0,No,Low,2026-02-21,No,160238.43,29980.83
TXN04642,2025-03-02,STR003,PRD017,12,37,952,0,4,1,No,High,2026-02-05,No,50533.68,7195.8
TXN04643,2025-05-07,STR002,PRD061,15,52,736,180,8,0,No,Medium,2026-03-13,No,65579.25,15262.8
TXN04644,2025-01-02,STR004,PRD007,38,137,529,0,6,0,Yes,Low,2025-06-05,No,133424.08,24697.72
TXN04645,2025-06-27,STR003,PRD042,11,111,917,0,4,1,No,High,2025-09-10,No,69289.22,20245.61
TXN04646,2025-05-19,STR004,PRD028,29,33,926,0,4,1,Yes,High,2025-08-08,No,152820.14,34392.26
TXN04647,2025-05-25,STR003,PRD031,23,18,667,26,5,2,No,Medium,2026-03-01,No,73016.26,23348.45
TXN04648,2025-03-03,STR002,PRD036,28,27,920,68,9,0,Yes,High,2026-02-05,No,103750.36,30403.8
TXN04649,2025-06-28,STR001,PRD021,13,109,267,0,6,0,Yes,Low,2026-05-13,No,32440.2,5922.15
TXN04650,2025-04-14,STR004,PRD008,27,39,240,30,8,0,Yes,Medium,2025-09-13,No,63118.44,19715.94
TXN04651,2025-02-11,STR003,PRD043,18,190,454,0,5,0,No,Medium,2026-01-23,No,70897.14,11271.78
TXN04652,2025-06-01,STR002,PRD064,14,153,241,0,5,0,No,Low,2026-02-10,No,49465.36,6545.98
TXN04653,2025-05-02,STR003,PRD022,13,222,292,0,9,2,Yes,Low,2026-03-01,No,64990.51,18209.23
TXN04654,2025-03-28,STR001,PRD019,18,148,194,0,4,0,Yes,Low,2025-08-27,No,29745.36,4651.2
TXN04655,2025-06-25,STR004,PRD028,21,0,146,167,4,1,No,High,2025-07-25,Yes,110662.86,24904.74
TXN04656,2025-01-17,STR003,PRD057,15,93,681,0,4,0,Yes,Low,2025-05-16,No,51022.35,13014.9
TXN04657,2025-05-13,STR003,PRD025,30,45,267,55,4,0,No,Medium,2025-07-18,No,204070.2,55547.4
TXN04658,2025-06-04,STR004,PRD055,21,130,587,0,6,0,Yes,High,2025-07-08,No,63721.98,9454.62
TXN04659,2025-06-22,STR003,PRD055,12,111,389,0,6,0,No,Low,2026-01-06,No,36412.56,5402.64
TXN04660,2025-03-10,STR002,PRD025,31,1,108,119,4,0,No,Medium,2025-11-18,Yes,210872.54,57398.98
TXN04661,2025-05-26,STR001,PRD064,15,161,673,0,5,0,Yes,Low,2026-04-03,No,52998.6,7013.55
TXN04662,2025-02-26,STR001,PRD037,16,15,53,27,6,0,No,Medium,2025-07-31,No,17867.36,4821.76
TXN04663,2025-02-24,STR004,PRD013,16,156,208,0,4,0,Yes,Medium,2026-02-09,No,92048.48,26552.48
TXN04664,2025-02-08,STR002,PRD026,25,101,510,0,9,1,No,Medium,2025-06-29,No,42080.5,8775.75
TXN04665,2025-02-22,STR002,PRD010,17,223,127,0,9,1,No,High,2025-12-08,No,33454.81,6152.81
TXN04666,2025-06-29,STR003,PRD043,13,232,84,0,5,0,No,Medium,2025-12-28,No,51203.49,8140.73
TXN04667,2025-05-03,STR003,PRD014,15,0,53,133,6,1,Yes,High,2025-12-04,Yes,19588.65,6288.45
TXN04668,2025-01-14,STR003,PRD045,11,49,866,116,6,0,Yes,Medium,2025-12-24,No,60347.43,11765.82
TXN04669,2025-03-22,STR004,PRD037,21,22,565,179,6,2,No,Low,2026-03-09,No,23450.91,6328.56
TXN04670,2025-03-15,STR002,PRD041,18,3,705,29,6,0,No,High,2025-09-13,Yes,8934.12,2562.84
TXN04671,2025-01-14,STR001,PRD039,18,15,326,146,8,0,Yes,High,2026-01-10,No,56476.26,18791.28
TXN04672,2025-04-22,STR003,PRD009,16,105,850,0,4,0,No,High,2025-08-15,No,91187.04,25789.44
TXN04673,2025-04-20,STR002,PRD050,13,103,480,0,6,0,Yes,Medium,2026-03-07,No,88671.96,28411.24
TXN04674,2025-01-01,STR003,PRD021,20,195,998,0,6,0,No,Low,2025-02-07,No,49908.0,9111.0
TXN04675,2025-01-11,STR004,PRD058,15,47,773,0,8,0,No,Low,2025-10-28,No,56809.65,15108.6
TXN04676,2025-06-19,STR002,PRD045,7,84,699,0,6,1,No,Medium,2026-02-14,No,38402.91,7487.34
TXN04677,2025-01-19,STR004,PRD044,17,55,508,166,5,0,No,Medium,2025-12-19,No,20417.51,2680.73
TXN04678,2025-05-05,STR002,PRD058,17,148,650,0,8,0,Yes,Low,2026-02-26,No,64384.27,17123.08
TXN04679,2025-02-25,STR002,PRD038,15,135,765,0,3,1,No,High,2026-01-15,No,71298.6,18824.7
TXN04680,2025-05-19,STR003,PRD014,15,166,334,0,6,0,Yes,Medium,2026-04-20,No,19588.65,6288.45
TXN04681,2025-06-30,STR002,PRD045,16,113,487,0,6,0,Yes,High,2026-06-12,No,87778.08,17113.92
TXN04682,2025-03-22,STR001,PRD003,28,0,661,92,4,0,Yes,Low,2025-11-20,Yes,142502.92,45049.2
TXN04683,2025-04-22,STR004,PRD063,10,65,271,0,6,0,Yes,Low,2025-09-12,No,25613.1,6723.1
TXN04684,2025-06-01,STR004,PRD034,15,50,964,0,8,0,No,Low,2025-09-05,No,46998.3,12293.7
TXN04685,2025-01-26,STR003,PRD056,12,28,649,160,9,0,Yes,High,2025-04-19,No,40172.28,6527.64
TXN04686,2025-03-26,STR001,PRD002,42,31,625,0,4,0,No,Low,2025-08-31,No,73059.0,12117.42
TXN04687,2025-01-05,STR003,PRD029,19,160,124,0,5,1,Yes,High,2025-09-22,No,36320.78,11780.0
TXN04688,2025-04-22,STR004,PRD057,18,171,765,0,4,0,Yes,Low,2025-08-28,No,61226.82,15617.88
TXN04689,2025-06-01,STR001,PRD003,35,145,987,0,4,0,No,Medium,2025-12-01,No,178128.65,56311.5
TXN04690,2025-02-14,STR003,PRD040,16,195,960,0,8,0,Yes,Medium,2025-10-05,No,31852.64,8146.24
TXN04691,2025-04-29,STR001,PRD025,36,142,553,0,4,0,Yes,High,2026-02-09,No,244884.24,66656.88
TXN04692,2025-05-15,STR001,PRD010,13,23,259,52,9,0,No,High,2026-05-09,No,25583.09,4705.09
TXN04693,2025-05-20,STR002,PRD034,14,152,544,0,8,1,Yes,Medium,2026-03-25,No,43865.08,11474.12
TXN04694,2025-03-16,STR003,PRD029,28,71,100,153,5,1,No,High,2025-05-24,No,53525.36,17360.0
TXN04695,2025-02-21,STR001,PRD050,15,163,790,0,6,2,No,High,2026-02-14,No,102313.8,32782.2
TXN04696,2025-04-05,STR004,PRD060,12,90,363,0,4,0,No,High,2026-02-23,No,18817.2,3872.28
TXN04697,2025-06-03,STR003,PRD019,7,130,940,0,4,0,No,Medium,2025-07-15,No,11567.64,1808.8
TXN04698,2025-06-23,STR004,PRD061,15,68,577,0,8,1,No,High,2026-03-07,No,65579.25,15262.8
TXN04699,2025-06-09,STR002,PRD029,26,119,843,0,5,1,No,Low,2026-04-12,No,49702.12,16120.0
TXN04700,2025-03-03,STR004,PRD039,11,237,53,0,8,1,No,Low,2025-07-14,No,34513.27,11483.56
TXN04701,2025-04-12,STR001,PRD027,22,0,110,159,4,0,Yes,Medium,2025-06-23,Yes,106825.62,19987.22
TXN04702,2025-04-09,STR003,PRD058,19,83,185,0,8,0,Yes,Low,2025-12-09,No,71958.89,19137.56
TXN04703,2025-03-24,STR002,PRD045,16,75,972,0,6,0,No,High,2025-12-09,No,87778.08,17113.92
TXN04704,2025-06-25,STR002,PRD021,12,117,466,0,6,1,No,Medium,2026-04-06,No,29944.8,5466.6
TXN04705,2025-06-20,STR001,PRD021,11,226,585,0,6,1,No,Medium,2026-01-03,No,27449.4,5011.05
TXN04706,2025-04-02,STR002,PRD005,37,53,152,0,4,0,Yes,Medium,2025-12-28,No,65177.72,16056.52
TXN04707,2025-04-21,STR003,PRD007,31,0,103,21,6,1,No,High,2026-01-04,Yes,108845.96,20148.14
TXN04708,2025-03-28,STR004,PRD064,18,115,855,0,5,1,No,High,2025-07-03,No,63598.32,8416.26
TXN04709,2025-03-16,STR004,PRD064,21,153,108,0,5,0,No,Low,2025-11-13,No,74198.04,9818.97
TXN04710,2025-04-08,STR002,PRD007,33,32,159,103,6,1,Yes,Low,2025-09-16,No,115868.28,21448.02
TXN04711,2025-03-19,STR002,PRD054,16,50,838,37,6,0,No,Medium,2025-04-20,No,55893.44,8428.16
TXN04712,2025-02-06,STR003,PRD052,15,190,918,0,3,1,Yes,Low,2025-12-03,No,44980.65,14890.5
TXN04713,2025-04-15,STR001,PRD030,33,76,67,0,8,0,Yes,Medium,2026-01-10,No,148459.08,27210.48
TXN04714,2025-01-11,STR002,PRD006,17,98,70,0,5,1,Yes,Medium,2025-05-20,No,69951.09,20007.64
TXN04715,2025-01-12,STR002,PRD006,45,31,207,88,5,0,Yes,High,2026-01-06,No,185164.65,52961.4
TXN04716,2025-04-16,STR003,PRD006,19,25,866,31,5,0,No,High,2025-06-09,No,78180.63,22361.48
TXN04717,2025-05-19,STR003,PRD035,14,142,803,0,5,0,Yes,Low,2026-04-25,No,27930.98,9299.64
TXN04718,2025-03-13,STR003,PRD026,24,30,734,88,9,0,Yes,High,2025-11-19,No,40397.28,8424.72
TXN04719,2025-06-13,STR002,PRD046,8,8,537,175,6,1,No,High,2026-03-19,No,41224.4,10174.64
TXN04720,2025-02-04,STR001,PRD002,27,59,206,0,4,0,No,Low,2025-06-21,No,46966.5,7789.77
TXN04721,2025-04-03,STR001,PRD052,17,82,674,0,3,0,No,High,2025-05-09,No,50978.07,16875.9
TXN04722,2025-03-18,STR002,PRD013,18,63,986,0,4,2,Yes,Medium,2025-07-30,No,103554.54,29871.54
TXN04723,2025-04-01,STR002,PRD045,14,178,838,0,6,0,No,High,2026-01-07,No,76805.82,14974.68
TXN04724,2025-03-18,STR003,PRD023,20,110,64,0,4,1,No,Medium,2026-03-10,No,76536.2,13277.8
TXN04725,2025-06-13,STR004,PRD033,16,228,278,0,4,0,No,High,2025-07-22,No,58390.56,11375.68
TXN04726,2025-03-28,STR004,PRD043,10,139,898,0,5,1,Yes,Low,2025-12-04,No,39387.3,6262.1
TXN04727,2025-01-01,STR004,PRD004,22,161,681,0,4,1,No,Medium,2025-04-16,No,78558.04,10901.22
TXN04728,2025-06-16,STR004,PRD008,19,186,288,0,8,0,Yes,Medium,2026-04-13,No,44416.68,13874.18
TXN04729,2025-06-03,STR004,PRD038,16,233,831,0,3,0,Yes,Medium,2026-03-26,No,76051.84,20079.68
TXN04730,2025-03-13,STR004,PRD015,16,140,911,0,9,1,Yes,Medium,2025-07-18,No,66704.8,20391.36
TXN04731,2025-03-21,STR003,PRD048,18,21,282,30,8,0,Yes,High,2025-12-01,No,58966.56,10618.2
TXN04732,2025-06-20,STR001,PRD017,23,94,532,0,4,0,No,High,2026-02-28,No,96856.22,13791.95
TXN04733,2025-04-28,STR003,PRD010,13,79,674,0,9,0,No,Low,2025-11-02,No,25583.09,4705.09
TXN04734,2025-01-18,STR001,PRD038,13,118,970,0,3,0,No,High,2025-07-03,No,61792.12,16314.74
TXN04735,2025-06-25,STR002,PRD002,33,151,212,0,4,0,Yes,Low,2026-04-07,No,57403.5,9520.83
TXN04736,2025-05-14,STR004,PRD004,27,187,670,0,4,1,No,High,2026-03-06,No,96412.14,13378.77
TXN04737,2025-04-12,STR004,PRD038,14,164,576,0,3,1,No,Low,2026-02-28,No,66545.36,17569.72
TXN04738,2025-04-18,STR002,PRD050,14,26,712,82,6,1,Yes,Low,2025-12-23,No,95492.88,30596.72
TXN04739,2025-01-08,STR001,PRD050,20,168,708,0,6,0,No,High,2025-11-14,No,136418.4,43709.6
TXN04740,2025-04-07,STR001,PRD059,10,173,687,0,4,0,No,Low,2025-12-28,No,65991.7,19332.8
TXN04741,2025-04-18,STR001,PRD029,38,36,264,152,5,0,Yes,Medium,2025-08-24,No,72641.56,23560.0
TXN04742,2025-06-29,STR002,PRD043,11,0,462,118,5,0,Yes,High,2025-11-15,Yes,43326.03,6888.31
TXN04743,2025-06-18,STR001,PRD058,13,234,707,0,8,1,Yes,Medium,2025-09-03,No,49235.03,13094.12
TXN04744,2025-05-16,STR002,PRD044,18,218,964,0,5,0,Yes,Medium,2026-03-18,No,21618.54,2838.42
TXN04745,2025-05-09,STR004,PRD044,16,22,847,95,5,1,Yes,Medium,2025-12-10,No,19216.48,2523.04
TXN04746,2025-03-29,STR001,PRD010,25,119,369,0,9,0,No,High,2026-02-02,No,49198.25,9048.25
TXN04747,2025-06-01,STR001,PRD031,20,218,480,0,5,0,Yes,Low,2025-09-07,No,63492.4,20303.0
TXN04748,2025-04-28,STR004,PRD063,14,171,197,0,6,0,Yes,High,2026-01-25,No,35858.34,9412.34
TXN04749,2025-01-31,STR002,PRD058,14,101,689,0,8,1,Yes,Low,2025-05-28,No,53022.34,14101.36
TXN04750,2025-02-28,STR003,PRD062,10,110,745,0,4,2,Yes,Low,2025-11-04,No,29954.2,5734.4
TXN04751,2025-03-22,STR001,PRD024,15,195,329,0,6,0,No,Low,2026-01-28,No,28543.5,6784.35
TXN04752,2025-03-13,STR002,PRD020,11,196,527,0,5,1,No,High,2025-09-24,No,38559.4,11818.07
TXN04753,2025-06-30,STR001,PRD048,11,55,122,0,8,0,No,Medium,2026-04-10,No,36035.12,6488.9
TXN04754,2025-03-22,STR004,PRD047,18,62,257,0,8,0,Yes,High,2026-01-22,No,99159.66,20113.74
TXN04755,2025-06-09,STR003,PRD051,14,161,90,0,8,0,No,High,2025-10-24,No,29532.86,4003.44
TXN04756,2025-04-29,STR003,PRD059,16,115,117,0,4,1,No,High,2025-07-01,No,105586.72,30932.48
TXN04757,2025-03-24,STR001,PRD021,16,110,666,0,6,0,Yes,High,2026-02-14,No,39926.4,7288.8
TXN04758,2025-03-19,STR004,PRD031,32,98,673,0,5,1,No,Low,2025-11-11,No,101587.84,32484.8
TXN04759,2025-05-21,STR003,PRD057,16,37,567,0,4,0,No,High,2026-03-09,No,54423.84,13882.56
TXN04760,2025-04-24,STR001,PRD019,16,89,260,0,4,0,Yes,Low,2025-06-01,No,26440.32,4134.4
TXN04761,2025-06-25,STR001,PRD055,11,111,458,0,6,0,Yes,Low,2025-11-23,No,33378.18,4952.42
TXN04762,2025-06-01,STR004,PRD026,28,146,161,0,9,0,Yes,Low,2026-05-20,No,47130.16,9828.84
TXN04763,2025-06-20,STR003,PRD029,35,0,920,181,5,0,No,High,2025-09-03,Yes,66906.7,21700.0
TXN04764,2025-05-21,STR001,PRD037,17,207,876,0,6,1,Yes,Low,2026-04-06,No,18984.07,5123.12
TXN04765,2025-06-15,STR002,PRD041,12,190,602,0,6,0,No,High,2025-09-03,No,5956.08,1708.56
TXN04766,2025-05-11,STR004,PRD038,10,186,187,0,3,0,Yes,High,2026-02-15,No,47532.4,12549.8
TXN04767,2025-01-02,STR002,PRD051,18,216,461,0,8,1,No,High,2025-12-03,No,37970.82,5147.28
TXN04768,2025-01-10,STR002,PRD015,16,207,171,0,9,0,Yes,Medium,2025-12-06,No,66704.8,20391.36
TXN04769,2025-02-03,STR001,PRD059,13,43,848,143,4,1,Yes,High,2025-12-14,No,85789.21,25132.64
TXN04770,2025-02-06,STR001,PRD015,9,90,616,0,9,1,Yes,Low,2025-07-26,No,37521.45,11470.14
TXN04771,2025-06-30,STR001,PRD022,14,116,728,0,9,2,No,High,2026-01-01,No,69989.78,19609.94
TXN04772,2025-06-05,STR004,PRD045,14,216,515,0,6,0,Yes,Low,2025-12-13,No,76805.82,14974.68
TXN04773,2025-01-12,STR001,PRD060,10,97,552,0,4,0,No,Medium,2025-10-30,No,15681.0,3226.9
TXN04774,2025-06-07,STR003,PRD040,16,89,932,0,8,2,Yes,Low,2025-12-27,No,31852.64,8146.24
TXN04775,2025-04-01,STR002,PRD057,17,159,506,0,4,0,Yes,Medium,2025-12-13,No,57825.33,14750.22
TXN04776,2025-03-02,STR002,PRD029,21,175,224,0,5,0,Yes,Low,2025-09-13,No,40144.02,13020.0
TXN04777,2025-03-26,STR002,PRD030,28,133,93,0,8,1,No,Medium,2025-05-11,No,125965.28,23087.68
TXN04778,2025-04-02,STR003,PRD035,14,18,145,184,5,0,No,High,2026-03-06,No,27930.98,9299.64
TXN04779,2025-06-22,STR001,PRD009,12,212,806,0,4,0,Yes,High,2025-12-09,No,68390.28,19342.08
TXN04780,2025-03-13,STR003,PRD007,30,0,426,99,6,2,Yes,Low,2025-05-21,Yes,105334.8,19498.2
TXN04781,2025-03-21,STR001,PRD041,15,1,959,98,6,0,No,Low,2026-03-19,Yes,7445.1,2135.7
TXN04782,2025-06-29,STR003,PRD058,22,4,282,59,8,0,No,Low,2025-11-07,Yes,83320.82,22159.28
TXN04783,2025-04-13,STR003,PRD024,13,124,504,0,6,1,Yes,Medium,2026-03-30,No,24737.7,5879.77
TXN04784,2025-04-11,STR003,PRD021,14,195,845,0,6,1,Yes,High,2025-05-30,No,34935.6,6377.7
TXN04785,2025-05-30,STR002,PRD044,22,141,498,0,5,1,No,High,2026-02-12,No,26422.66,3469.18
TXN04786,2025-05-18,STR004,PRD013,17,0,287,56,4,0,No,High,2025-10-31,Yes,97801.51,28212.01
TXN04787,2025-04-02,STR001,PRD001,44,87,348,0,3,0,No,Medium,2025-12-30,No,168521.76,23088.12
TXN04788,2025-05-28,STR004,PRD047,13,194,350,0,8,0,Yes,Low,2026-01-29,No,71615.31,14526.59
TXN04789,2025-04-20,STR002,PRD064,15,229,355,0,5,1,Yes,Low,2025-12-27,No,52998.6,7013.55
TXN04790,2025-02-25,STR001,PRD042,17,223,187,0,4,0,No,Medium,2025-07-16,No,107083.34,31288.67
TXN04791,2025-05-08,STR004,PRD039,16,113,727,0,8,1,Yes,Low,2025-12-05,No,50201.12,16703.36
TXN04792,2025-05-30,STR001,PRD040,18,223,560,0,8,0,No,Medium,2025-09-19,No,35834.22,9164.52
TXN04793,2025-06-03,STR001,PRD057,9,223,770,0,4,0,Yes,High,2026-02-12,No,30613.41,7808.94
TXN04794,2025-03-01,STR003,PRD011,12,14,452,150,8,0,Yes,High,2025-04-19,No,26704.56,4120.68
TXN04795,2025-02-04,STR001,PRD013,10,134,899,0,4,0,Yes,Medium,2025-12-17,No,57530.3,16595.3
TXN04796,2025-04-05,STR002,PRD036,17,218,772,0,9,1,No,High,2025-07-27,No,62991.29,18459.45
TXN04797,2025-02-28,STR002,PRD030,18,26,142,96,8,1,No,High,2025-10-06,No,80977.68,14842.08
TXN04798,2025-01-18,STR002,PRD027,40,48,691,0,4,0,No,High,2025-06-23,No,194228.4,36340.4
TXN04799,2025-05-30,STR001,PRD052,14,96,866,0,3,0,No,Low,2026-02-22,No,41981.94,13897.8
TXN04800,2025-02-23,STR003,PRD020,20,56,348,0,5,1,No,Medium,2025-08-02,No,70108.0,21487.4
TXN04801,2025-04-10,STR001,PRD045,15,30,403,51,6,0,No,High,2025-10-02,No,82291.95,16044.3
TXN04802,2025-06-16,STR002,PRD064,14,7,548,180,5,0,No,High,2026-05-24,No,49465.36,6545.98
TXN04803,2025-01-30,STR003,PRD060,17,91,115,0,4,1,No,Low,2025-08-20,No,26657.7,5485.73
TXN04804,2025-01-04,STR001,PRD053,21,221,215,0,4,0,Yes,Low,2025-10-23,No,42892.5,6240.78
TXN04805,2025-06-20,STR003,PRD001,25,78,628,0,3,1,Yes,High,2025-12-13,No,95751.0,13118.25
TXN04806,2025-01-26,STR004,PRD045,19,39,907,96,6,1,No,High,2025-10-28,No,104236.47,20322.78
TXN04807,2025-04-09,STR002,PRD028,17,163,654,0,4,0,No,High,2025-08-21,No,89584.22,20160.98
TXN04808,2025-06-27,STR002,PRD060,16,108,880,0,4,1,No,Medium,2025-08-09,No,25089.6,5163.04
TXN04809,2025-02-02,STR003,PRD052,14,137,879,0,3,1,Yes,High,2025-09-27,No,41981.94,13897.8
TXN04810,2025-03-15,STR002,PRD050,16,154,702,0,6,0,Yes,Low,2025-04-28,No,109134.72,34967.68
TXN04811,2025-02-08,STR002,PRD061,8,100,923,0,8,2,No,High,2025-03-25,No,34975.6,8140.16
TXN04812,2025-05-28,STR003,PRD037,12,173,711,0,6,0,No,High,2025-09-30,No,13400.52,3616.32
TXN04813,2025-01-30,STR004,PRD002,29,199,243,0,4,0,No,Medium,2025-10-18,No,50445.5,8366.79
TXN04814,2025-04-28,STR001,PRD017,13,18,814,173,4,0,No,Medium,2025-12-25,No,54744.82,7795.45
TXN04815,2025-04-22,STR004,PRD012,11,232,129,0,5,0,Yes,Low,2025-10-29,No,27769.61,5910.41
TXN04816,2025-04-11,STR002,PRD012,24,210,296,0,5,1,No,Low,2025-05-27,No,60588.24,12895.44
TXN04817,2025-02-04,STR004,PRD033,18,185,919,0,4,0,Yes,Low,2025-06-26,No,65689.38,12797.64
TXN04818,2025-03-10,STR004,PRD005,36,114,607,0,4,2,Yes,Low,2025-07-24,No,63416.16,15622.56
TXN04819,2025-04-23,STR003,PRD037,8,240,483,0,6,0,Yes,Medium,2026-01-27,No,8933.68,2410.88
TXN04820,2025-04-02,STR004,PRD041,16,142,808,0,6,1,Yes,Low,2025-12-30,No,7941.44,2278.08
TXN04821,2025-04-26,STR001,PRD005,37,0,203,103,4,0,No,Medium,2025-12-18,Yes,65177.72,16056.52
TXN04822,2025-01-31,STR001,PRD003,28,47,77,0,4,0,Yes,Low,2025-07-05,No,142502.92,45049.2
TXN04823,2025-03-31,STR003,PRD038,25,0,361,137,3,0,No,Medium,2025-12-08,Yes,118831.0,31374.5
TXN04824,2025-03-20,STR001,PRD010,14,21,883,116,9,0,Yes,Low,2026-01-25,No,27551.02,5067.02
TXN04825,2025-04-09,STR004,PRD006,24,101,819,0,5,0,Yes,Medium,2025-08-28,No,98754.48,28246.08
TXN04826,2025-01-18,STR001,PRD050,12,133,648,0,6,0,No,High,2026-01-12,No,81851.04,26225.76
TXN04827,2025-04-08,STR003,PRD010,15,213,677,0,9,3,No,Medium,2026-03-02,No,29518.95,5428.95
TXN04828,2025-02-10,STR002,PRD035,14,149,237,0,5,0,No,High,2025-10-22,No,27930.98,9299.64
TXN04829,2025-04-07,STR002,PRD043,15,202,951,0,5,1,No,Low,2025-10-06,No,59080.95,9393.15
TXN04830,2025-06-05,STR004,PRD054,16,0,271,26,6,0,No,Low,2025-10-04,Yes,55893.44,8428.16
TXN04831,2025-03-27,STR002,PRD045,21,66,115,0,6,0,Yes,Medium,2025-09-20,No,115208.73,22462.02
TXN04832,2025-06-24,STR003,PRD030,28,196,612,0,8,1,No,Medium,2025-10-04,No,125965.28,23087.68
TXN04833,2025-02-16,STR003,PRD024,11,125,982,0,6,1,Yes,High,2025-03-18,No,20931.9,4975.19
TXN04834,2025-03-18,STR001,PRD007,30,163,296,0,6,0,Yes,Low,2025-08-24,No,105334.8,19498.2
TXN04835,2025-04-03,STR003,PRD032,32,64,135,198,4,0,No,High,2026-01-04,No,37270.4,6182.4
TXN04836,2025-03-16,STR002,PRD031,37,175,252,0,5,0,Yes,Medium,2025-06-01,No,117460.94,37560.55
TXN04837,2025-01-30,STR004,PRD047,15,51,850,198,8,0,No,High,2025-11-20,No,82633.05,16761.45
TXN04838,2025-04-30,STR004,PRD062,15,135,893,0,4,0,No,Low,2025-07-01,No,44931.3,8601.6
TXN04839,2025-02-04,STR002,PRD046,11,212,754,0,6,1,Yes,Medium,2025-03-13,No,56683.55,13990.13
TXN04840,2025-05-30,STR003,PRD053,27,55,299,93,4,0,No,Medium,2026-05-28,No,55147.5,8023.86
TXN04841,2025-04-22,STR004,PRD058,13,95,147,0,8,0,Yes,Low,2026-02-16,No,49235.03,13094.12
TXN04842,2025-04-06,STR004,PRD019,15,113,102,0,4,2,Yes,Low,2026-02-04,No,24787.8,3876.0
TXN04843,2025-05-03,STR004,PRD024,19,228,299,0,6,1,Yes,Medium,2025-09-15,No,36155.1,8593.51
TXN04844,2025-05-30,STR004,PRD004,20,63,144,0,4,0,Yes,Medium,2025-10-24,No,71416.4,9910.2
TXN04845,2025-04-21,STR002,PRD040,11,112,597,0,8,0,No,Low,2026-04-09,No,21898.69,5600.54
TXN04846,2025-01-27,STR001,PRD016,13,228,869,0,4,2,Yes,Medium,2025-12-03,No,74042.54,16041.48
TXN04847,2025-01-20,STR003,PRD054,11,129,517,0,6,2,Yes,Low,2025-12-30,No,38426.74,5794.36
TXN04848,2025-06-21,STR003,PRD037,16,87,696,0,6,0,No,Medium,2025-12-22,No,17867.36,4821.76
TXN04849,2025-02-02,STR001,PRD027,35,159,515,0,4,1,Yes,Medium,2026-01-26,No,169949.85,31797.85
TXN04850,2025-05-21,STR002,PRD011,17,149,907,0,8,0,Yes,Low,2026-01-25,No,37831.46,5837.63
TXN04851,2025-05-29,STR002,PRD037,11,157,252,0,6,0,Yes,High,2025-08-03,No,12283.81,3314.96
TXN04852,2025-04-06,STR002,PRD020,21,220,319,0,5,1,Yes,High,2025-08-14,No,73613.4,22561.77
TXN04853,2025-01-04,STR002,PRD064,16,87,84,0,5,1,Yes,Low,2025-05-13,No,56531.84,7481.12
TXN04854,2025-01-14,STR002,PRD008,26,219,564,0,8,0,No,Medium,2026-01-10,No,60780.72,18985.72
TXN04855,2025-06-26,STR002,PRD004,29,203,762,0,4,0,Yes,High,2026-01-09,No,103553.78,14369.79
TXN04856,2025-02-05,STR001,PRD009,18,25,808,93,4,0,Yes,Low,2025-08-02,No,102585.42,29013.12
TXN04857,2025-02-09,STR003,PRD034,7,0,468,123,8,0,No,Low,2025-05-02,Yes,21932.54,5737.06
TXN04858,2025-03-22,STR003,PRD016,13,6,377,85,4,0,Yes,Low,2025-06-08,No,74042.54,16041.48
TXN04859,2025-04-13,STR004,PRD029,32,196,305,0,5,0,Yes,High,2026-02-02,No,61171.84,19840.0
TXN04860,2025-02-06,STR001,PRD002,30,4,334,54,4,1,Yes,Low,2025-08-18,Yes,52185.0,8655.3
TXN04861,2025-03-01,STR004,PRD041,13,209,651,0,6,0,Yes,Low,2025-06-29,No,6452.42,1850.94
TXN04862,2025-01-13,STR001,PRD028,30,66,193,0,4,1,Yes,Low,2025-12-23,No,158089.8,35578.2
TXN04863,2025-01-12,STR004,PRD031,19,10,312,73,5,1,No,Low,2025-06-05,No,60317.78,19287.85
TXN04864,2025-05-28,STR001,PRD034,18,7,283,69,8,1,Yes,Medium,2025-09-27,No,56397.96,14752.44
TXN04865,2025-05-13,STR001,PRD049,13,83,169,0,4,1,Yes,Low,2025-10-14,No,67594.28,17104.88
TXN04866,2025-06-03,STR002,PRD055,14,51,902,105,6,0,No,High,2025-11-25,No,42481.32,6303.08
TXN04867,2025-03-27,STR002,PRD034,12,20,361,75,8,0,Yes,High,2025-11-16,No,37598.64,9834.96
TXN04868,2025-03-18,STR002,PRD004,27,129,503,0,4,1,No,Low,2025-07-14,No,96412.14,13378.77
TXN04869,2025-03-09,STR004,PRD028,41,90,490,0,4,0,No,Low,2025-08-23,No,216056.06,48623.54
TXN04870,2025-02-14,STR003,PRD027,19,167,879,0,4,1,No,Low,2025-10-25,No,92258.49,17261.69
TXN04871,2025-04-27,STR002,PRD063,15,147,736,0,6,1,No,High,2025-09-28,No,38419.65,10084.65
TXN04872,2025-03-12,STR004,PRD037,12,157,636,0,6,0,No,Low,2026-02-23,No,13400.52,3616.32
TXN04873,2025-05-01,STR002,PRD044,20,192,287,0,5,0,No,Medium,2025-07-17,No,24020.6,3153.8
TXN04874,2025-03-27,STR002,PRD036,13,163,231,0,9,0,No,Medium,2025-11-01,No,48169.81,14116.05
TXN04875,2025-03-27,STR001,PRD031,43,173,117,0,5,1,No,Medium,2025-11-11,No,136508.66,43651.45
TXN04876,2025-02-10,STR001,PRD029,32,169,302,0,5,0,Yes,High,2025-10-11,No,61171.84,19840.0
TXN04877,2025-04-17,STR001,PRD039,14,62,157,0,8,0,No,Medium,2025-11-22,No,43925.98,14615.44
TXN04878,2025-02-26,STR003,PRD060,14,49,919,123,4,2,No,Low,2025-08-22,No,21953.4,4517.66
TXN04879,2025-04-24,STR004,PRD034,12,187,327,0,8,0,No,Medium,2025-11-02,No,37598.64,9834.96
TXN04880,2025-06-20,STR004,PRD030,27,59,263,0,8,1,No,Low,2026-06-09,No,121466.52,22263.12
TXN04881,2025-05-28,STR002,PRD064,16,125,959,0,5,1,No,High,2025-11-01,No,56531.84,7481.12
TXN04882,2025-02-09,STR004,PRD038,18,56,257,0,3,2,No,Medium,2026-01-08,No,85558.32,22589.64
TXN04883,2025-02-08,STR003,PRD054,24,52,396,46,6,0,No,Low,2025-05-29,No,83840.16,12642.24
TXN04884,2025-06-14,STR004,PRD008,29,192,710,0,8,0,No,Low,2026-05-30,No,67793.88,21176.38
TXN04885,2025-05-21,STR002,PRD057,9,229,279,0,4,1,No,Medium,2025-10-06,No,30613.41,7808.94
TXN04886,2025-06-18,STR002,PRD002,26,79,611,0,4,0,No,High,2026-02-22,No,45227.0,7501.26
TXN04887,2025-03-05,STR004,PRD006,38,0,853,125,5,3,Yes,Medium,2026-01-04,Yes,156361.26,44722.96
TXN04888,2025-02-07,STR001,PRD041,12,63,629,0,6,0,No,High,2026-01-30,No,5956.08,1708.56
TXN04889,2025-03-02,STR003,PRD014,12,145,673,0,6,1,Yes,Medium,2025-05-20,No,15670.92,5030.76
TXN04890,2025-04-01,STR002,PRD009,12,208,279,0,4,0,Yes,Low,2025-11-18,No,68390.28,19342.08
TXN04891,2025-05-12,STR001,PRD018,14,153,251,0,9,0,No,Low,2025-06-25,No,82316.92,27249.04
TXN04892,2025-03-04,STR001,PRD044,8,0,875,147,5,1,Yes,Medium,2025-06-08,Yes,9608.24,1261.52
TXN04893,2025-04-08,STR002,PRD029,22,98,757,0,5,0,Yes,Low,2025-06-25,No,42055.64,13640.0
TXN04894,2025-03-12,STR003,PRD025,34,123,483,0,4,0,No,High,2025-04-20,No,231279.56,62953.72
TXN04895,2025-05-23,STR002,PRD047,13,216,193,0,8,0,No,High,2025-11-09,No,71615.31,14526.59
TXN04896,2025-05-27,STR004,PRD043,10,43,184,50,5,1,Yes,Medium,2026-01-15,No,39387.3,6262.1
TXN04897,2025-02-20,STR001,PRD043,22,129,836,0,5,0,No,Medium,2025-10-11,No,86652.06,13776.62
TXN04898,2025-02-17,STR004,PRD032,29,135,334,0,4,2,Yes,High,2026-01-09,No,33776.3,5602.8
TXN04899,2025-06-12,STR001,PRD023,19,23,912,119,4,1,No,Medium,2026-02-04,No,72709.39,12613.91
TXN04900,2025-02-22,STR004,PRD002,28,125,161,0,4,1,No,Low,2026-01-17,No,48706.0,8078.28
TXN04901,2025-05-31,STR003,PRD030,43,187,357,0,8,0,Yes,Low,2026-01-18,No,193446.68,35456.08
TXN04902,2025-05-27,STR003,PRD014,20,47,567,0,6,0,Yes,High,2025-08-21,No,26118.2,8384.6
TXN04903,2025-02-16,STR003,PRD056,17,147,473,0,9,0,No,High,2025-08-14,No,56910.73,9247.49
TXN04904,2025-05-26,STR002,PRD054,13,104,140,0,6,0,No,Medium,2025-07-08,No,45413.42,6847.88
TXN04905,2025-04-16,STR002,PRD012,10,164,960,0,5,1,Yes,Low,2025-10-31,No,25245.1,5373.1
TXN04906,2025-02-26,STR001,PRD005,41,0,157,28,4,0,No,Low,2025-06-22,Yes,72223.96,17792.36
TXN04907,2025-03-31,STR002,PRD040,15,186,841,0,8,0,Yes,Low,2025-11-21,No,29861.85,7637.1
TXN04908,2025-03-05,STR004,PRD051,16,129,666,0,8,0,No,High,2026-01-28,No,33751.84,4575.36
TXN04909,2025-01-09,STR002,PRD028,19,30,281,0,4,0,Yes,Medium,2025-06-27,No,100123.54,22532.86
TXN04910,2025-02-25,STR004,PRD049,18,103,989,0,4,0,No,Medium,2025-07-10,No,93592.08,23683.68
TXN04911,2025-06-25,STR002,PRD050,14,56,863,156,6,1,Yes,Medium,2025-08-17,No,95492.88,30596.72
TXN04912,2025-05-25,STR001,PRD058,20,119,866,0,8,0,No,Low,2025-07-25,No,75746.2,20144.8
TXN04913,2025-01-19,STR002,PRD009,25,196,494,0,4,2,No,High,2025-06-08,No,142479.75,40296.0
TXN04914,2025-01-10,STR004,PRD018,22,0,980,84,9,0,Yes,Low,2025-09-02,Yes,129355.16,42819.92
TXN04915,2025-01-03,STR001,PRD022,12,237,339,0,9,0,Yes,Low,2025-02-26,No,59991.24,16808.52
TXN04916,2025-03-21,STR004,PRD027,43,187,994,0,4,0,Yes,Low,2025-07-06,No,208795.53,39065.93
TXN04917,2025-05-16,STR004,PRD017,19,124,900,0,4,0,No,Medium,2025-08-14,No,80011.66,11393.35
TXN04918,2025-04-14,STR001,PRD020,17,217,607,0,5,0,Yes,High,2025-06-20,No,59591.8,18264.29
TXN04919,2025-06-08,STR001,PRD060,16,138,90,0,4,1,Yes,Medium,2025-09-19,No,25089.6,5163.04
TXN04920,2025-02-01,STR002,PRD017,6,238,915,0,4,0,Yes,Medium,2025-11-14,No,25266.84,3597.9
TXN04921,2025-03-26,STR004,PRD048,14,63,616,0,8,2,No,Low,2025-05-25,No,45862.88,8258.6
TXN04922,2025-02-23,STR004,PRD056,16,65,252,0,9,0,Yes,Medium,2025-04-25,No,53563.04,8703.52
TXN04923,2025-06-28,STR001,PRD017,23,99,629,0,4,0,Yes,Medium,2026-05-26,No,96856.22,13791.95
TXN04924,2025-01-26,STR002,PRD011,19,33,992,0,8,2,No,Low,2025-04-06,No,42282.22,6524.41
TXN04925,2025-03-24,STR004,PRD054,15,186,542,0,6,1,Yes,High,2025-06-06,No,52400.1,7901.4
TXN04926,2025-05-07,STR002,PRD025,24,28,851,54,4,1,Yes,High,2025-11-11,No,163256.16,44437.92
TXN04927,2025-01-05,STR003,PRD012,27,7,977,97,5,1,No,High,2025-02-06,No,68161.77,14507.37
TXN04928,2025-02-11,STR004,PRD013,8,240,583,0,4,1,Yes,Medium,2025-04-29,No,46024.24,13276.24
TXN04929,2025-01-31,STR001,PRD012,15,18,520,156,5,1,No,Medium,2025-05-10,No,37867.65,8059.65
TXN04930,2025-05-05,STR001,PRD045,21,218,763,0,6,0,Yes,High,2025-09-21,No,115208.73,22462.02
TXN04931,2025-04-22,STR004,PRD007,35,182,572,0,6,1,No,Medium,2025-12-02,No,122890.6,22747.9
TXN04932,2025-03-17,STR003,PRD007,31,17,123,174,6,0,Yes,High,2025-05-26,No,108845.96,20148.14
TXN04933,2025-01-10,STR003,PRD052,14,221,702,0,3,2,No,Medium,2025-12-20,No,41981.94,13897.8
TXN04934,2025-01-29,STR001,PRD005,31,0,343,167,4,1,Yes,Low,2026-01-22,Yes,54608.36,13452.76
TXN04935,2025-02-08,STR003,PRD033,8,22,340,109,4,0,Yes,Low,2025-07-09,No,29195.28,5687.84
TXN04936,2025-01-22,STR001,PRD058,20,215,393,0,8,0,Yes,Medium,2025-03-19,No,75746.2,20144.8
TXN04937,2025-04-16,STR003,PRD063,18,134,729,0,6,0,No,High,2025-08-18,No,46103.58,12101.58
TXN04938,2025-04-10,STR004,PRD036,25,0,611,124,9,0,No,Medium,2025-10-29,Yes,92634.25,27146.25
TXN04939,2025-02-12,STR004,PRD063,15,67,229,0,6,0,No,High,2025-08-20,No,38419.65,10084.65
TXN04940,2025-01-20,STR001,PRD008,24,11,422,182,8,0,No,Medium,2025-03-24,No,56105.28,17525.28
TXN04941,2025-04-30,STR002,PRD027,49,89,661,0,4,0,No,High,2026-02-23,No,237929.79,44516.99
TXN04942,2025-04-02,STR003,PRD029,34,65,339,174,5,0,Yes,Low,2025-05-17,No,64995.08,21080.0
TXN04943,2025-04-05,STR003,PRD059,16,11,693,171,4,1,No,Medium,2025-12-22,No,105586.72,30932.48
TXN04944,2025-03-31,STR003,PRD063,15,225,729,0,6,1,No,Low,2025-11-03,No,38419.65,10084.65
TXN04945,2025-04-04,STR004,PRD025,40,35,922,57,4,0,Yes,Medium,2026-03-26,No,272093.6,74063.2
TXN04946,2025-01-23,STR002,PRD045,8,108,209,0,6,0,No,Medium,2025-05-01,No,43889.04,8556.96
TXN04947,2025-06-17,STR003,PRD061,15,77,464,0,8,1,No,Low,2025-11-26,No,65579.25,15262.8
TXN04948,2025-04-08,STR003,PRD014,17,206,58,0,6,0,No,Low,2025-05-29,No,22200.47,7126.91
TXN04949,2025-01-22,STR003,PRD062,16,59,929,0,4,0,No,Low,2025-06-14,No,47926.72,9175.04
TXN04950,2025-01-02,STR001,PRD061,9,200,437,0,8,1,No,Low,2025-06-14,No,39347.55,9157.68
TXN04951,2025-01-11,STR002,PRD039,12,189,767,0,8,0,No,Low,2025-02-12,No,37650.84,12527.52
TXN04952,2025-01-01,STR004,PRD027,41,209,882,0,4,1,No,Medium,2025-11-04,No,199084.11,37248.91
TXN04953,2025-06-03,STR004,PRD006,17,155,328,0,5,0,Yes,Medium,2025-09-10,No,69951.09,20007.64
TXN04954,2025-05-18,STR004,PRD044,26,10,533,21,5,1,No,Low,2025-09-23,No,31226.78,4099.94
TXN04955,2025-05-09,STR002,PRD001,28,3,941,109,3,0,Yes,Low,2025-10-03,Yes,107241.12,14692.44
TXN04956,2025-02-06,STR003,PRD048,19,122,201,0,8,0,Yes,Low,2025-12-17,No,62242.48,11208.1
TXN04957,2025-02-09,STR002,PRD053,13,59,598,23,4,1,No,Medium,2025-08-25,No,26552.5,3863.34
TXN04958,2025-02-09,STR003,PRD049,16,118,247,0,4,1,No,High,2026-01-07,No,83192.96,21052.16
TXN04959,2025-06-02,STR003,PRD019,20,56,82,0,4,1,Yes,Medium,2025-08-18,No,33050.4,5168.0
TXN04960,2025-01-10,STR004,PRD063,17,168,819,0,6,1,No,Medium,2025-12-15,No,43542.27,11429.27
TXN04961,2025-01-30,STR004,PRD034,18,40,961,115,8,0,Yes,High,2025-04-29,No,56397.96,14752.44
TXN04962,2025-03-05,STR003,PRD024,19,69,733,0,6,0,Yes,Medium,2025-07-12,No,36155.1,8593.51
TXN04963,2025-03-23,STR004,PRD009,16,231,848,0,4,1,No,Low,2025-07-15,No,91187.04,25789.44
TXN04964,2025-06-14,STR004,PRD010,18,117,656,0,9,0,Yes,Low,2026-02-22,No,35422.74,6514.74
TXN04965,2025-03-16,STR002,PRD053,18,12,767,183,4,0,No,Medium,2026-01-24,No,36765.0,5349.24
TXN04966,2025-01-11,STR001,PRD024,22,131,827,0,6,2,No,High,2025-06-13,No,41863.8,9950.38
TXN04967,2025-01-08,STR004,PRD012,13,19,67,158,5,1,Yes,Low,2025-07-10,No,32818.63,6985.03
TXN04968,2025-01-27,STR003,PRD037,12,147,344,0,6,0,No,Low,2025-07-30,No,13400.52,3616.32
TXN04969,2025-01-20,STR002,PRD006,41,44,855,52,5,1,Yes,High,2025-07-03,No,168705.57,48253.72
TXN04970,2025-03-15,STR004,PRD022,12,108,619,0,9,0,No,Medium,2025-09-08,No,59991.24,16808.52
TXN04971,2025-06-10,STR003,PRD004,28,112,87,0,4,1,Yes,Low,2026-06-03,No,99982.96,13874.28
TXN04972,2025-05-11,STR002,PRD003,46,191,674,0,4,0,Yes,Low,2025-12-24,No,234111.94,74009.4
TXN04973,2025-02-26,STR001,PRD013,16,177,402,0,4,1,No,High,2026-02-19,No,92048.48,26552.48
TXN04974,2025-01-07,STR001,PRD047,19,153,282,0,8,1,No,High,2025-12-02,No,104668.53,21231.17
TXN04975,2025-01-30,STR001,PRD012,14,156,199,0,5,0,Yes,Low,2026-01-12,No,35343.14,7522.34
TXN04976,2025-04-24,STR001,PRD001,22,216,989,0,3,0,Yes,High,2025-12-16,No,84260.88,11544.06
TXN04977,2025-06-02,STR003,PRD011,16,131,64,0,8,0,No,Medium,2026-04-10,No,35606.08,5494.24
TXN04978,2025-03-24,STR003,PRD048,11,234,402,0,8,0,No,Medium,2026-02-20,No,36035.12,6488.9
TXN04979,2025-05-27,STR002,PRD020,11,67,764,0,5,0,Yes,High,2025-11-15,No,38559.4,11818.07
TXN04980,2025-02-17,STR002,PRD006,30,199,804,0,5,1,Yes,Medium,2026-01-21,No,123443.1,35307.6
TXN04981,2025-04-21,STR003,PRD014,13,132,702,0,6,0,Yes,High,2025-10-20,No,16976.83,5449.99
TXN04982,2025-04-02,STR003,PRD061,15,213,206,0,8,0,No,Low,2025-11-11,No,65579.25,15262.8
TXN04983,2025-01-18,STR002,PRD023,13,173,99,0,4,0,No,Medium,2025-09-20,No,49748.53,8630.57
TXN04984,2025-04-28,STR001,PRD015,22,39,513,79,9,1,No,Medium,2026-01-10,No,91719.1,28038.12
TXN04985,2025-01-12,STR002,PRD045,17,4,375,122,6,1,Yes,Medium,2025-09-11,Yes,93264.21,18183.54
TXN04986,2025-01-24,STR001,PRD055,17,220,278,0,6,1,No,High,2025-12-06,No,51584.46,7653.74
TXN04987,2025-01-18,STR001,PRD027,29,121,970,0,4,1,Yes,Low,2025-08-19,No,140815.59,26346.79
TXN04988,2025-02-26,STR003,PRD002,40,0,337,151,4,1,Yes,Medium,2025-10-18,Yes,69580.0,11540.4
TXN04989,2025-06-07,STR004,PRD037,13,144,214,0,6,1,No,Medium,2025-11-21,No,14517.23,3917.68
TXN04990,2025-03-19,STR003,PRD035,15,102,842,0,5,0,No,Low,2025-09-30,No,29926.05,9963.9
TXN04991,2025-01-03,STR003,PRD058,14,122,338,0,8,2,Yes,Low,2025-04-15,No,53022.34,14101.36
TXN04992,2025-03-06,STR001,PRD048,16,28,358,74,8,0,Yes,Low,2025-08-23,No,52414.72,9438.4
TXN04993,2025-01-21,STR003,PRD024,17,99,776,0,6,0,Yes,Medium,2025-04-17,No,32349.3,7688.93
TXN04994,2025-03-26,STR003,PRD050,17,70,302,0,6,1,No,High,2025-06-19,No,115955.64,37153.16
TXN04995,2025-03-25,STR001,PRD021,23,113,396,0,6,1,No,Medium,2025-09-15,No,57394.2,10477.65
TXN04996,2025-05-30,STR002,PRD041,15,222,79,0,6,1,No,Low,2026-03-11,No,7445.1,2135.7
TXN04997,2025-05-25,STR003,PRD039,11,196,437,0,8,0,Yes,Low,2025-11-13,No,34513.27,11483.56
TXN04998,2025-02-12,STR004,PRD048,19,75,513,0,8,0,Yes,Low,2025-07-01,No,62242.48,11208.1
TXN04999,2025-02-26,STR001,PRD053,13,155,197,0,4,2,No,High,2026-01-29,No,26552.5,3863.34
TXN05000,2025-03-16,STR004,PRD057,21,70,235,0,4,0,Yes,Low,2025-09-26,No,71431.29,18220.86
TXN05001,2025-06-13,STR003,PRD002,35,200,879,0,4,1,Yes,High,2026-01-27,No,60882.5,10097.85
TXN05002,2025-02-27,STR003,PRD004,22,49,70,0,4,0,Yes,High,2025-11-06,No,78558.04,10901.22
TXN05003,2025-04-11,STR004,PRD035,11,36,682,196,5,0,Yes,Medium,2025-07-30,No,21945.77,7306.86
TXN05004,2025-01-26,STR004,PRD002,29,46,210,0,4,0,Yes,Low,2025-03-10,No,50445.5,8366.79
TXN05005,2025-03-19,STR001,PRD047,21,1,525,124,8,1,Yes,Low,2025-10-18,Yes,115686.27,23466.03
TXN05006,2025-06-25,STR002,PRD004,27,124,230,0,4,0,No,Medium,2026-05-30,No,96412.14,13378.77
TXN05007,2025-02-23,STR001,PRD008,41,178,904,0,8,1,Yes,Medium,2025-07-16,No,95846.52,29939.02
TXN05008,2025-02-02,STR004,PRD056,11,198,413,0,9,0,Yes,Low,2025-05-05,No,36824.59,5983.67
TXN05009,2025-03-01,STR004,PRD039,16,134,210,0,8,0,Yes,Medium,2025-12-28,No,50201.12,16703.36
TXN05010,2025-04-02,STR002,PRD062,16,0,204,67,4,0,Yes,Medium,2025-06-19,Yes,47926.72,9175.04
TXN05011,2025-06-21,STR004,PRD014,24,125,99,0,6,0,Yes,High,2025-11-20,No,31341.84,10061.52
TXN05012,2025-06-14,STR002,PRD031,26,28,683,115,5,1,Yes,Medium,2026-05-19,No,82540.12,26393.9
TXN05013,2025-05-05,STR001,PRD022,11,10,113,174,9,1,Yes,Low,2026-04-30,No,54991.97,15407.81
TXN05014,2025-01-06,STR001,PRD026,25,156,645,0,9,1,No,Medium,2025-03-27,No,42080.5,8775.75
TXN05015,2025-04-07,STR003,PRD008,24,23,435,107,8,1,No,High,2026-01-14,No,56105.28,17525.28
TXN05016,2025-01-17,STR004,PRD021,16,115,807,0,6,2,No,Medium,2025-12-20,No,39926.4,7288.8
TXN05017,2025-03-21,STR004,PRD054,19,0,643,135,6,0,Yes,Low,2025-04-20,Yes,66373.46,10008.44
TXN05018,2025-03-15,STR003,PRD063,9,194,848,0,6,0,No,High,2025-08-03,No,23051.79,6050.79
TXN05019,2025-02-04,STR001,PRD036,11,179,289,0,9,1,Yes,Medium,2026-02-02,No,40759.07,11944.35
TXN05020,2025-06-10,STR003,PRD050,11,108,526,0,6,0,Yes,Medium,2025-12-26,No,75030.12,24040.28
TXN05021,2025-04-07,STR001,PRD050,12,62,501,0,6,0,No,Low,2025-12-20,No,81851.04,26225.76
TXN05022,2025-01-04,STR002,PRD063,16,184,807,0,6,2,Yes,High,2025-07-04,No,40980.96,10756.96
TXN05023,2025-04-01,STR001,PRD019,16,34,679,193,4,0,Yes,Low,2025-12-18,No,26440.32,4134.4
TXN05024,2025-05-08,STR002,PRD014,15,94,480,0,6,0,No,Medium,2025-07-06,No,19588.65,6288.45
TXN05025,2025-03-30,STR004,PRD044,11,34,532,188,5,0,No,Low,2025-07-02,No,13211.33,1734.59
TXN05026,2025-01-07,STR001,PRD057,18,182,639,0,4,1,Yes,High,2025-03-22,No,61226.82,15617.88
TXN05027,2025-06-29,STR002,PRD060,19,146,378,0,4,1,No,High,2025-08-26,No,29793.9,6131.11
TXN05028,2025-04-15,STR001,PRD019,12,157,125,0,4,2,Yes,Low,2025-07-21,No,19830.24,3100.8
TXN05029,2025-03-04,STR003,PRD044,18,0,166,192,5,0,No,Medium,2026-02-17,Yes,21618.54,2838.42
TXN05030,2025-05-21,STR002,PRD064,12,162,999,0,5,0,No,Low,2026-01-03,No,42398.88,5610.84
TXN05031,2025-06-11,STR001,PRD008,31,130,487,0,8,0,Yes,Medium,2025-11-13,No,72469.32,22636.82
TXN05032,2025-02-04,STR001,PRD033,20,18,750,70,4,1,No,Low,2025-12-07,No,72988.2,14219.6
TXN05033,2025-04-02,STR004,PRD026,38,1,939,38,9,1,Yes,Medium,2026-03-23,Yes,63962.36,13339.14
TXN05034,2025-05-13,STR001,PRD038,16,168,341,0,3,0,No,Medium,2025-10-02,No,76051.84,20079.68
TXN05035,2025-05-08,STR001,PRD058,11,10,342,41,8,0,Yes,High,2025-11-13,No,41660.41,11079.64
TXN05036,2025-02-19,STR002,PRD051,15,0,79,30,8,1,Yes,Medium,2025-09-09,Yes,31642.35,4289.4
TXN05037,2025-03-04,STR003,PRD060,19,126,820,0,4,1,Yes,Low,2025-05-10,No,29793.9,6131.11
TXN05038,2025-02-23,STR002,PRD003,25,41,497,0,4,0,No,High,2026-02-08,No,127234.75,40222.5
TXN05039,2025-05-09,STR003,PRD031,30,67,677,0,5,0,Yes,Low,2026-02-08,No,95238.6,30454.5
TXN05040,2025-05-18,STR003,PRD006,35,0,724,145,5,1,Yes,High,2026-02-26,Yes,144016.95,41192.2
TXN05041,2025-04-16,STR003,PRD051,15,72,123,165,8,1,No,Low,2026-02-08,No,31642.35,4289.4
TXN05042,2025-02-05,STR003,PRD032,23,1,847,45,4,0,No,High,2025-03-22,Yes,26788.1,4443.6
TXN05043,2025-04-10,STR003,PRD050,21,184,411,0,6,0,Yes,High,2025-12-15,No,143239.32,45895.08
TXN05044,2025-04-11,STR002,PRD029,28,19,505,130,5,1,Yes,Medium,2025-06-12,No,53525.36,17360.0
TXN05045,2025-02-06,STR004,PRD035,12,112,237,0,5,0,No,Medium,2025-08-31,No,23940.84,7971.12
TXN05046,2025-02-26,STR004,PRD054,19,227,877,0,6,2,Yes,Medium,2025-10-01,No,66373.46,10008.44
TXN05047,2025-06-22,STR001,PRD048,15,85,371,0,8,0,No,High,2026-03-19,No,49138.8,8848.5
TXN05048,2025-04-16,STR002,PRD009,18,48,591,0,4,1,No,High,2025-10-13,No,102585.42,29013.12
TXN05049,2025-05-31,STR003,PRD035,15,94,213,0,5,1,Yes,Medium,2026-04-21,No,29926.05,9963.9
TXN05050,2025-03-15,STR001,PRD057,17,164,426,0,4,0,Yes,Low,2025-09-18,No,57825.33,14750.22
TXN05051,2025-04-15,STR003,PRD002,38,0,55,100,4,0,No,High,2025-07-20,Yes,66101.0,10963.38
TXN05052,2025-05-26,STR003,PRD060,12,95,384,0,4,1,No,High,2025-12-12,No,18817.2,3872.28
TXN05053,2025-01-29,STR002,PRD029,17,192,738,0,5,1,Yes,Medium,2025-05-03,No,32497.54,10540.0
TXN05054,2025-04-25,STR004,PRD019,15,209,477,0,4,0,No,Low,2026-03-26,No,24787.8,3876.0
TXN05055,2025-03-01,STR003,PRD049,17,172,377,0,4,1,Yes,High,2025-11-11,No,88392.52,22367.92
TXN05056,2025-05-30,STR002,PRD029,22,43,948,195,5,0,No,Low,2025-08-05,No,42055.64,13640.0
TXN05057,2025-02-03,STR004,PRD062,15,132,162,0,4,0,No,Medium,2025-09-11,No,44931.3,8601.6
TXN05058,2025-01-02,STR002,PRD038,18,29,856,57,3,0,Yes,Medium,2025-10-11,No,85558.32,22589.64
TXN05059,2025-04-29,STR003,PRD001,47,172,756,0,3,1,Yes,Medium,2025-11-21,No,180011.88,24662.31
TXN05060,2025-05-07,STR004,PRD051,12,173,630,0,8,2,No,Low,2025-12-14,No,25313.88,3431.52
TXN05061,2025-01-30,STR004,PRD038,16,205,582,0,3,1,No,High,2026-01-30,No,76051.84,20079.68
TXN05062,2025-01-14,STR004,PRD055,13,104,74,0,6,1,Yes,Low,2026-01-11,No,39446.94,5852.86
TXN05063,2025-06-06,STR003,PRD013,16,119,187,0,4,0,Yes,Medium,2026-02-22,No,92048.48,26552.48
TXN05064,2025-05-23,STR003,PRD018,17,157,911,0,9,0,Yes,Low,2025-09-28,No,99956.26,33088.12
TXN05065,2025-04-24,STR003,PRD023,14,151,798,0,4,0,Yes,High,2025-06-21,No,53575.34,9294.46
TXN05066,2025-05-26,STR002,PRD032,26,55,784,36,4,1,No,Medium,2026-01-15,No,30282.2,5023.2
TXN05067,2025-04-24,STR004,PRD047,15,0,251,121,8,0,No,High,2025-09-13,Yes,82633.05,16761.45
TXN05068,2025-06-21,STR002,PRD056,20,15,486,153,9,0,Yes,Low,2025-09-16,No,66953.8,10879.4
TXN05069,2025-01-18,STR001,PRD015,17,18,77,58,9,0,Yes,High,2025-11-09,No,70873.85,21665.82
TXN05070,2025-03-16,STR004,PRD039,14,114,990,0,8,0,No,Low,2025-10-30,No,43925.98,14615.44
TXN05071,2025-03-06,STR003,PRD023,17,180,940,0,4,0,Yes,Low,2025-07-22,No,65055.77,11286.13
TXN05072,2025-04-19,STR003,PRD019,14,203,512,0,4,1,No,Low,2026-02-03,No,23135.28,3617.6
TXN05073,2025-02-12,STR002,PRD020,16,224,757,0,5,0,No,Medium,2026-02-03,No,56086.4,17189.92
TXN05074,2025-01-22,STR002,PRD036,20,158,261,0,9,0,No,Low,2025-08-11,No,74107.4,21717.0
TXN05075,2025-06-13,STR001,PRD031,28,127,989,0,5,3,No,Medium,2026-05-15,No,88889.36,28424.2
TXN05076,2025-02-04,STR002,PRD006,25,118,429,0,5,0,No,Medium,2025-12-21,No,102869.25,29423.0
TXN05077,2025-01-14,STR002,PRD014,15,14,199,68,6,1,No,High,2025-08-21,No,19588.65,6288.45
TXN05078,2025-01-24,STR002,PRD009,10,222,627,0,4,0,Yes,Medium,2025-03-20,No,56991.9,16118.4
TXN05079,2025-06-17,STR004,PRD056,15,233,961,0,9,0,Yes,Low,2025-09-10,No,50215.35,8159.55
TXN05080,2025-03-26,STR001,PRD040,11,63,162,120,8,0,No,Medium,2026-01-21,No,21898.69,5600.54
TXN05081,2025-06-26,STR001,PRD018,7,222,775,0,9,1,Yes,High,2025-08-19,No,41158.46,13624.52
TXN05082,2025-02-25,STR004,PRD008,36,151,571,0,8,1,Yes,Medium,2025-08-04,No,84157.92,26287.92
TXN05083,2025-06-13,STR004,PRD020,16,1,338,35,5,1,Yes,Medium,2025-11-13,Yes,56086.4,17189.92
TXN05084,2025-01-17,STR002,PRD056,9,80,465,0,9,0,No,High,2025-08-09,No,30129.21,4895.73
TXN05085,2025-01-20,STR002,PRD032,28,185,388,0,4,0,Yes,High,2026-01-09,No,32611.6,5409.6
TXN05086,2025-06-17,STR002,PRD035,14,12,577,90,5,1,Yes,Medium,2025-12-22,No,27930.98,9299.64
TXN05087,2025-04-28,STR001,PRD040,14,67,567,110,8,0,Yes,Low,2025-06-18,No,27871.06,7127.96
TXN05088,2025-06-09,STR001,PRD031,40,0,994,46,5,0,No,High,2025-12-18,Yes,126984.8,40606.0
TXN05089,2025-04-08,STR003,PRD050,15,57,162,134,6,0,No,Medium,2026-02-13,No,102313.8,32782.2
TXN05090,2025-03-09,STR002,PRD010,15,0,999,43,9,0,Yes,Low,2025-11-30,Yes,29518.95,5428.95
TXN05091,2025-06-18,STR002,PRD026,24,79,968,0,9,1,Yes,Medium,2025-09-08,No,40397.28,8424.72
TXN05092,2025-04-22,STR002,PRD020,8,15,424,47,5,0,No,Medium,2026-02-10,No,28043.2,8594.96
TXN05093,2025-04-19,STR001,PRD027,19,2,634,165,4,1,No,Medium,2025-12-29,Yes,92258.49,17261.69
TXN05094,2025-04-02,STR003,PRD019,15,133,803,0,4,1,Yes,High,2025-08-11,No,24787.8,3876.0
TXN05095,2025-02-10,STR003,PRD063,14,91,117,0,6,1,No,Low,2025-08-23,No,35858.34,9412.34
TXN05096,2025-01-08,STR004,PRD004,33,215,599,0,4,1,Yes,Medium,2025-05-15,No,117837.06,16351.83
TXN05097,2025-03-07,STR004,PRD004,28,136,602,0,4,1,Yes,High,2025-10-01,No,99982.96,13874.28
TXN05098,2025-04-19,STR002,PRD064,10,73,500,0,5,0,Yes,High,2025-11-24,No,35332.4,4675.7
TXN05099,2025-03-05,STR003,PRD056,15,78,295,0,9,1,Yes,High,2026-03-05,No,50215.35,8159.55
TXN05100,2025-06-01,STR001,PRD062,18,179,829,0,4,1,Yes,Medium,2025-09-20,No,53917.56,10321.92
TXN05101,2025-04-10,STR003,PRD030,38,130,195,0,8,1,Yes,Medium,2026-01-11,No,170952.88,31333.28
TXN05102,2025-03-27,STR002,PRD010,11,132,94,0,9,0,Yes,High,2025-10-12,No,21647.23,3981.23
TXN05103,2025-05-19,STR004,PRD007,27,210,485,0,6,0,No,High,2026-02-21,No,94801.32,17548.38
TXN05104,2025-06-04,STR004,PRD026,29,0,56,71,9,0,Yes,High,2025-12-25,Yes,48813.38,10179.87
TXN05105,2025-02-22,STR001,PRD053,20,20,233,138,4,0,No,Medium,2025-10-30,No,40850.0,5943.6
TXN05106,2025-06-01,STR004,PRD007,39,168,712,0,6,1,Yes,Medium,2025-12-10,No,136935.24,25347.66
TXN05107,2025-01-18,STR001,PRD020,17,146,429,0,5,1,Yes,Low,2025-07-30,No,59591.8,18264.29
TXN05108,2025-02-02,STR003,PRD046,18,205,580,0,6,0,No,Medium,2025-10-08,No,92754.9,22892.94
TXN05109,2025-01-28,STR003,PRD018,15,232,294,0,9,0,Yes,High,2025-10-24,No,88196.7,29195.4
TXN05110,2025-02-18,STR003,PRD025,27,110,988,0,4,1,No,Low,2025-03-24,No,183663.18,49992.66
TXN05111,2025-06-13,STR004,PRD045,17,99,833,0,6,1,Yes,High,2025-10-06,No,93264.21,18183.54
TXN05112,2025-05-04,STR001,PRD045,10,193,536,0,6,0,No,Medium,2025-08-01,No,54861.3,10696.2
TXN05113,2025-01-31,STR002,PRD016,13,211,828,0,4,2,No,Low,2025-08-12,No,74042.54,16041.48
TXN05114,2025-02-02,STR004,PRD042,18,159,800,0,4,0,No,High,2025-11-17,No,113382.36,33129.18
TXN05115,2025-04-10,STR003,PRD009,11,39,848,20,4,1,Yes,Low,2025-12-22,No,62691.09,17730.24
TXN05116,2025-01-22,STR003,PRD045,8,29,99,38,6,0,Yes,High,2025-07-13,No,43889.04,8556.96
TXN05117,2025-02-06,STR002,PRD002,30,45,741,0,4,1,No,Medium,2025-06-26,No,52185.0,8655.3
TXN05118,2025-06-23,STR002,PRD036,11,235,103,0,9,0,No,High,2026-03-27,No,40759.07,11944.35
TXN05119,2025-06-27,STR003,PRD009,13,156,507,0,4,0,No,Low,2026-06-08,No,74089.47,20953.92
TXN05120,2025-04-20,STR001,PRD046,13,226,173,0,6,0,No,Low,2025-11-28,No,66989.65,16533.79
TXN05121,2025-04-04,STR002,PRD008,41,70,408,0,8,0,No,Medium,2025-12-23,No,95846.52,29939.02
TXN05122,2025-04-15,STR003,PRD048,11,64,91,0,8,1,No,High,2025-09-12,No,36035.12,6488.9
TXN05123,2025-02-19,STR002,PRD011,16,57,847,0,8,0,No,Low,2025-03-29,No,35606.08,5494.24
TXN05124,2025-06-07,STR004,PRD036,18,164,425,0,9,0,Yes,Low,2025-11-28,No,66696.66,19545.3
TXN05125,2025-02-05,STR002,PRD019,17,155,438,0,4,0,No,Low,2025-10-27,No,28092.84,4392.8
TXN05126,2025-06-09,STR001,PRD048,17,34,236,197,8,0,Yes,Low,2026-05-01,No,55690.64,10028.3
TXN05127,2025-01-20,STR003,PRD045,13,181,314,0,6,1,Yes,High,2025-02-25,No,71319.69,13905.06
TXN05128,2025-04-28,STR001,PRD042,20,0,759,112,4,0,No,Medium,2025-09-29,Yes,125980.4,36810.2
TXN05129,2025-04-18,STR001,PRD060,14,0,392,49,4,0,No,High,2026-03-14,Yes,21953.4,4517.66
TXN05130,2025-01-30,STR002,PRD060,17,4,88,104,4,0,Yes,Low,2025-04-05,Yes,26657.7,5485.73
TXN05131,2025-04-12,STR001,PRD005,24,83,59,0,4,0,Yes,High,2025-05-28,No,42277.44,10415.04
TXN05132,2025-02-04,STR001,PRD001,40,49,623,0,3,0,Yes,High,2025-07-17,No,153201.6,20989.2
TXN05133,2025-04-30,STR002,PRD024,19,213,394,0,6,1,No,High,2025-09-11,No,36155.1,8593.51
TXN05134,2025-02-26,STR003,PRD012,14,67,345,0,5,0,Yes,Medium,2025-12-04,No,35343.14,7522.34
TXN05135,2025-01-23,STR002,PRD015,15,138,241,0,9,1,Yes,Medium,2025-12-11,No,62535.75,19116.9
TXN05136,2025-04-14,STR003,PRD050,10,110,633,0,6,0,Yes,Medium,2025-11-26,No,68209.2,21854.8
TXN05137,2025-03-04,STR001,PRD023,19,229,967,0,4,1,No,High,2025-10-18,No,72709.39,12613.91
TXN05138,2025-03-14,STR001,PRD060,12,161,901,0,4,0,Yes,Low,2025-04-24,No,18817.2,3872.28
TXN05139,2025-02-23,STR002,PRD041,20,3,759,146,6,0,Yes,High,2025-10-19,Yes,9926.8,2847.6
TXN05140,2025-04-19,STR001,PRD038,16,77,199,0,3,0,Yes,Medium,2025-12-06,No,76051.84,20079.68
TXN05141,2025-05-18,STR001,PRD011,20,65,320,0,8,1,Yes,High,2026-02-27,No,44507.6,6867.8
TXN05142,2025-06-21,STR002,PRD042,16,16,52,94,4,1,Yes,Low,2025-10-01,No,100784.32,29448.16
TXN05143,2025-01-06,STR003,PRD024,6,133,450,0,6,0,Yes,Low,2025-07-10,No,11417.4,2713.74
TXN05144,2025-06-20,STR002,PRD032,32,170,67,0,4,0,No,Low,2026-05-17,No,37270.4,6182.4
TXN05145,2025-01-07,STR003,PRD009,14,129,834,0,4,0,No,Medium,2025-05-23,No,79788.66,22565.76
TXN05146,2025-02-06,STR004,PRD018,15,111,948,0,9,1,Yes,Medium,2026-02-04,No,88196.7,29195.4
TXN05147,2025-02-21,STR002,PRD036,12,174,108,0,9,1,Yes,Low,2025-09-02,No,44464.44,13030.2
TXN05148,2025-04-18,STR002,PRD027,44,188,272,0,4,0,No,High,2025-08-28,No,213651.24,39974.44
TXN05149,2025-01-04,STR004,PRD063,13,9,108,34,6,1,Yes,High,2025-03-01,No,33297.03,8740.03
TXN05150,2025-05-15,STR004,PRD046,26,184,659,0,6,0,Yes,Low,2026-03-24,No,133979.3,33067.58
TXN05151,2025-04-24,STR002,PRD034,9,124,166,0,8,0,Yes,Medium,2026-02-20,No,28198.98,7376.22
TXN05152,2025-01-12,STR003,PRD012,10,34,709,154,5,1,Yes,Medium,2025-07-03,No,25245.1,5373.1
TXN05153,2025-01-17,STR003,PRD017,13,72,606,0,4,0,Yes,High,2025-03-13,No,54744.82,7795.45
TXN05154,2025-06-09,STR001,PRD033,6,183,285,0,4,0,Yes,Medium,2025-10-29,No,21896.46,4265.88
TXN05155,2025-06-12,STR001,PRD019,14,99,477,0,4,2,No,Low,2025-11-13,No,23135.28,3617.6
TXN05156,2025-04-17,STR004,PRD053,21,79,224,0,4,0,Yes,High,2025-06-28,No,42892.5,6240.78
TXN05157,2025-02-05,STR004,PRD023,14,21,700,192,4,0,No,High,2025-04-10,No,53575.34,9294.46
TXN05158,2025-03-31,STR001,PRD035,12,206,935,0,5,0,No,Medium,2025-09-08,No,23940.84,7971.12
TXN05159,2025-04-28,STR002,PRD003,23,200,405,0,4,0,Yes,Low,2025-07-12,No,117055.97,37004.7
TXN05160,2025-01-10,STR004,PRD036,12,238,407,0,9,0,Yes,High,2025-06-14,No,44464.44,13030.2
TXN05161,2025-01-03,STR003,PRD027,41,69,559,0,4,0,Yes,High,2025-09-19,No,199084.11,37248.91
TXN05162,2025-06-08,STR001,PRD045,11,117,347,0,6,1,Yes,Low,2026-04-19,No,60347.43,11765.82
TXN05163,2025-05-30,STR002,PRD011,17,14,193,98,8,0,No,High,2025-10-26,No,37831.46,5837.63
TXN05164,2025-05-02,STR001,PRD059,12,92,801,0,4,0,No,High,2025-06-15,No,79190.04,23199.36
TXN05165,2025-01-27,STR002,PRD038,13,90,881,0,3,0,No,Medium,2025-10-29,No,61792.12,16314.74
TXN05166,2025-06-26,STR004,PRD016,18,203,150,0,4,0,No,Medium,2026-02-14,No,102520.44,22211.28
TXN05167,2025-02-02,STR001,PRD008,37,101,879,0,8,0,Yes,Medium,2025-07-02,No,86495.64,27018.14
TXN05168,2025-04-21,STR001,PRD038,20,119,588,0,3,0,No,Low,2025-07-04,No,95064.8,25099.6
TXN05169,2025-06-17,STR002,PRD053,13,88,950,0,4,1,Yes,Medium,2026-02-07,No,26552.5,3863.34
TXN05170,2025-02-14,STR001,PRD049,15,136,212,0,4,1,Yes,Medium,2025-10-23,No,77993.4,19736.4
TXN05171,2025-04-22,STR002,PRD008,31,100,900,0,8,1,Yes,High,2025-08-29,No,72469.32,22636.82
TXN05172,2025-04-25,STR002,PRD040,12,152,456,0,8,0,Yes,Medium,2025-11-07,No,23889.48,6109.68
TXN05173,2025-02-13,STR003,PRD018,19,28,988,160,9,1,Yes,Medium,2025-08-11,No,111715.82,36980.84
TXN05174,2025-05-29,STR004,PRD020,18,131,297,0,5,0,No,High,2026-03-29,No,63097.2,19338.66
TXN05175,2025-01-28,STR002,PRD012,12,22,399,102,5,0,No,Medium,2025-10-23,No,30294.12,6447.72
TXN05176,2025-02-08,STR003,PRD008,26,56,906,174,8,0,No,Medium,2025-08-08,No,60780.72,18985.72
TXN05177,2025-01-07,STR002,PRD031,36,178,242,0,5,0,No,High,2025-11-05,No,114286.32,36545.4
TXN05178,2025-01-07,STR003,PRD040,15,66,996,27,8,1,Yes,High,2025-07-04,No,29861.85,7637.1
TXN05179,2025-02-01,STR003,PRD033,20,177,501,0,4,0,Yes,Medium,2025-08-18,No,72988.2,14219.6
TXN05180,2025-05-04,STR001,PRD042,17,124,646,0,4,0,Yes,High,2025-07-08,No,107083.34,31288.67
TXN05181,2025-02-05,STR001,PRD036,13,138,933,0,9,1,No,Medium,2025-09-02,No,48169.81,14116.05
TXN05182,2025-01-24,STR002,PRD050,21,115,595,0,6,0,No,Low,2026-01-20,No,143239.32,45895.08
TXN05183,2025-01-30,STR003,PRD063,16,199,365,0,6,1,No,Low,2025-03-29,No,40980.96,10756.96
TXN05184,2025-06-16,STR004,PRD063,10,82,842,0,6,0,Yes,Low,2026-05-20,No,25613.1,6723.1
TXN05185,2025-02-17,STR004,PRD023,15,52,658,89,4,0,Yes,High,2025-11-02,No,57402.15,9958.35
TXN05186,2025-05-24,STR002,PRD059,16,197,960,0,4,2,No,Medium,2026-05-16,No,105586.72,30932.48
TXN05187,2025-04-29,STR004,PRD039,12,0,288,180,8,0,Yes,Low,2026-03-26,Yes,37650.84,12527.52
TXN05188,2025-02-20,STR003,PRD004,25,6,798,46,4,0,Yes,Medium,2026-02-09,No,89270.5,12387.75
TXN05189,2025-01-04,STR004,PRD025,21,143,569,0,4,0,No,High,2025-02-21,No,142849.14,38883.18
TXN05190,2025-05-07,STR001,PRD044,10,60,635,63,5,0,Yes,Medium,2026-05-01,No,12010.3,1576.9
TXN05191,2025-06-03,STR003,PRD022,14,74,202,0,9,0,Yes,Low,2025-10-27,No,69989.78,19609.94
TXN05192,2025-02-18,STR003,PRD028,31,123,265,0,4,1,Yes,High,2026-01-01,No,163359.46,36764.14
TXN05193,2025-01-05,STR003,PRD039,17,81,222,0,8,0,Yes,Low,2025-10-17,No,53338.69,17747.32
TXN05194,2025-06-13,STR003,PRD018,9,41,189,25,9,0,No,Low,2026-01-26,No,52918.02,17517.24
TXN05195,2025-06-16,STR001,PRD060,19,162,483,0,4,1,Yes,Medium,2026-05-05,No,29793.9,6131.11
TXN05196,2025-04-26,STR004,PRD012,17,76,294,0,5,1,No,High,2026-04-16,No,42916.67,9134.27
TXN05197,2025-03-15,STR002,PRD021,16,0,878,198,6,0,No,Medium,2025-05-31,Yes,39926.4,7288.8
TXN05198,2025-06-14,STR003,PRD007,33,45,729,120,6,0,No,Medium,2026-03-24,No,115868.28,21448.02
TXN05199,2025-03-07,STR002,PRD039,14,0,605,117,8,1,No,Low,2025-10-08,Yes,43925.98,14615.44
TXN05200,2025-06-15,STR001,PRD048,12,65,309,0,8,1,No,Low,2025-11-22,No,39311.04,7078.8
TXN05201,2025-03-26,STR001,PRD037,19,166,117,0,6,0,No,Medium,2026-03-26,No,21217.49,5725.84
TXN05202,2025-04-20,STR001,PRD045,13,216,612,0,6,0,No,Medium,2026-02-07,No,71319.69,13905.06
TXN05203,2025-02-20,STR002,PRD042,10,160,815,0,4,1,No,High,2025-07-01,No,62990.2,18405.1
TXN05204,2025-03-17,STR004,PRD062,14,129,809,0,4,0,Yes,High,2025-10-13,No,41935.88,8028.16
TXN05205,2025-06-17,STR004,PRD062,17,123,489,0,4,0,Yes,Medium,2026-03-27,No,50922.14,9748.48
TXN05206,2025-02-25,STR002,PRD013,15,96,451,0,4,1,No,High,2025-09-03,No,86295.45,24892.95
TXN05207,2025-03-03,STR004,PRD055,16,23,931,27,6,0,No,Medium,2025-10-05,No,48550.08,7203.52
TXN05208,2025-05-15,STR003,PRD028,41,0,972,150,4,1,No,Low,2025-09-03,Yes,216056.06,48623.54
TXN05209,2025-06-16,STR001,PRD008,28,169,873,0,8,0,Yes,High,2026-06-13,No,65456.16,20446.16
TXN05210,2025-03-06,STR002,PRD006,24,38,661,130,5,0,No,High,2025-04-21,No,98754.48,28246.08
TXN05211,2025-04-02,STR003,PRD058,19,0,376,98,8,0,Yes,Medium,2025-05-18,Yes,71958.89,19137.56
TXN05212,2025-06-02,STR002,PRD032,23,113,325,0,4,2,No,Medium,2025-09-24,No,26788.1,4443.6
TXN05213,2025-01-03,STR003,PRD038,16,0,251,137,3,0,No,Low,2025-12-07,Yes,76051.84,20079.68
TXN05214,2025-02-20,STR003,PRD033,17,128,96,0,4,0,No,Medium,2025-07-16,No,62039.97,12086.66
TXN05215,2025-05-06,STR001,PRD031,20,196,654,0,5,0,No,Medium,2026-04-26,No,63492.4,20303.0
TXN05216,2025-03-30,STR002,PRD006,39,209,752,0,5,1,Yes,Low,2026-02-10,No,160476.03,45899.88
TXN05217,2025-01-08,STR003,PRD045,21,0,191,127,6,0,No,High,2025-08-05,Yes,115208.73,22462.02
TXN05218,2025-01-29,STR004,PRD010,13,77,89,0,9,1,Yes,High,2026-01-19,No,25583.09,4705.09
TXN05219,2025-01-02,STR004,PRD051,18,58,73,107,8,0,Yes,High,2025-03-21,No,37970.82,5147.28
TXN05220,2025-03-21,STR001,PRD059,15,38,282,107,4,2,Yes,Low,2025-12-13,No,98987.55,28999.2
TXN05221,2025-06-02,STR004,PRD023,17,50,753,195,4,0,Yes,Low,2026-03-10,No,65055.77,11286.13
TXN05222,2025-06-08,STR004,PRD056,15,204,902,0,9,0,No,Low,2025-08-17,No,50215.35,8159.55
TXN05223,2025-01-26,STR004,PRD006,27,9,722,81,5,0,No,High,2025-03-11,No,111098.79,31776.84
TXN05224,2025-03-12,STR003,PRD064,19,203,220,0,5,0,No,Medium,2025-07-14,No,67131.56,8883.83
TXN05225,2025-04-28,STR003,PRD030,31,7,494,161,8,1,No,Low,2025-11-20,No,139461.56,25561.36
TXN05226,2025-01-29,STR003,PRD038,16,161,102,0,3,1,No,Medium,2025-06-22,No,76051.84,20079.68
TXN05227,2025-05-16,STR004,PRD025,36,105,782,0,4,0,No,Medium,2025-11-11,No,244884.24,66656.88
TXN05228,2025-03-29,STR003,PRD039,25,219,132,0,8,2,No,High,2025-12-04,No,78439.25,26099.0
TXN05229,2025-01-11,STR004,PRD048,14,190,668,0,8,1,Yes,High,2025-06-08,No,45862.88,8258.6
TXN05230,2025-03-24,STR004,PRD031,22,0,731,142,5,0,No,Medium,2025-10-23,Yes,69841.64,22333.3
TXN05231,2025-03-22,STR001,PRD060,15,178,750,0,4,1,Yes,High,2025-12-09,No,23521.5,4840.35
TXN05232,2025-06-28,STR004,PRD003,18,218,833,0,4,1,No,Low,2026-03-27,No,91609.02,28960.2
TXN05233,2025-02-17,STR002,PRD056,22,117,915,0,9,0,Yes,Medium,2025-11-07,No,73649.18,11967.34
TXN05234,2025-02-21,STR002,PRD032,32,81,306,0,4,0,No,Low,2025-06-02,No,37270.4,6182.4
TXN05235,2025-01-23,STR001,PRD049,14,156,375,0,4,0,No,Medium,2025-09-26,No,72793.84,18420.64
TXN05236,2025-02-12,STR004,PRD021,13,181,485,0,6,0,No,Low,2025-06-10,No,32440.2,5922.15
TXN05237,2025-04-19,STR001,PRD009,13,0,313,151,4,0,Yes,High,2026-04-19,Yes,74089.47,20953.92
TXN05238,2025-04-24,STR002,PRD023,14,86,213,0,4,0,Yes,High,2026-04-07,No,53575.34,9294.46
TXN05239,2025-01-16,STR001,PRD028,37,109,289,0,4,0,Yes,High,2025-09-23,No,194977.42,43879.78
TXN05240,2025-03-03,STR001,PRD012,10,0,995,80,5,0,No,Low,2025-11-11,Yes,25245.1,5373.1
TXN05241,2025-05-07,STR004,PRD054,13,227,110,0,6,2,No,Medium,2025-06-22,No,45413.42,6847.88
TXN05242,2025-03-26,STR002,PRD016,18,166,680,0,4,1,Yes,Low,2025-11-25,No,102520.44,22211.28
TXN05243,2025-04-23,STR003,PRD056,12,46,873,193,9,1,Yes,Low,2025-09-10,No,40172.28,6527.64
TXN05244,2025-03-13,STR002,PRD008,21,190,844,0,8,2,Yes,Medium,2025-12-25,No,49092.12,15334.62
TXN05245,2025-03-30,STR002,PRD032,23,145,348,0,4,0,Yes,Low,2025-07-12,No,26788.1,4443.6
TXN05246,2025-04-05,STR001,PRD045,15,140,885,0,6,0,Yes,Medium,2025-10-04,No,82291.95,16044.3
TXN05247,2025-04-04,STR003,PRD050,7,4,198,193,6,0,Yes,High,2025-09-02,Yes,47746.44,15298.36
TXN05248,2025-01-28,STR003,PRD037,17,46,185,85,6,1,No,Medium,2025-09-04,No,18984.07,5123.12
TXN05249,2025-04-24,STR004,PRD056,15,81,527,0,9,2,Yes,High,2026-04-01,No,50215.35,8159.55
TXN05250,2025-01-17,STR003,PRD002,29,154,389,0,4,1,No,High,2025-02-28,No,50445.5,8366.79
TXN05251,2025-03-15,STR004,PRD007,43,23,966,69,6,2,Yes,High,2025-07-26,No,150979.88,27947.42
TXN05252,2025-06-15,STR002,PRD057,25,51,304,0,4,0,No,High,2026-01-21,No,85037.25,21691.5
TXN05253,2025-02-27,STR002,PRD046,14,220,864,0,6,1,Yes,Low,2026-02-26,No,72142.7,17805.62
TXN05254,2025-02-10,STR004,PRD040,22,148,649,0,8,0,No,Medium,2025-05-11,No,43797.38,11201.08
TXN05255,2025-06-23,STR004,PRD012,17,147,159,0,5,1,No,Low,2026-02-16,No,42916.67,9134.27
TXN05256,2025-02-07,STR001,PRD015,14,160,648,0,9,0,Yes,High,2025-11-03,No,58366.7,17842.44
TXN05257,2025-06-04,STR003,PRD053,20,12,974,119,4,1,No,Low,2026-02-20,No,40850.0,5943.6
TXN05258,2025-02-24,STR001,PRD027,22,108,164,0,4,1,No,Low,2026-02-03,No,106825.62,19987.22
TXN05259,2025-01-22,STR001,PRD053,13,177,104,0,4,0,No,Low,2026-01-03,No,26552.5,3863.34
TXN05260,2025-02-09,STR004,PRD004,27,0,613,171,4,0,Yes,Medium,2025-12-26,Yes,96412.14,13378.77
TXN05261,2025-01-20,STR001,PRD018,15,186,379,0,9,1,No,Low,2025-10-12,No,88196.7,29195.4
TXN05262,2025-04-22,STR003,PRD040,16,183,545,0,8,0,Yes,Low,2025-11-21,No,31852.64,8146.24
TXN05263,2025-02-05,STR004,PRD009,19,125,576,0,4,0,No,Medium,2025-03-07,No,108284.61,30624.96
TXN05264,2025-04-24,STR002,PRD036,16,148,349,0,9,0,No,High,2026-04-05,No,59285.92,17373.6
TXN05265,2025-01-21,STR004,PRD041,19,76,934,0,6,0,Yes,Low,2025-06-30,No,9430.46,2705.22
TXN05266,2025-03-12,STR002,PRD021,14,67,102,0,6,1,Yes,Low,2025-04-14,No,34935.6,6377.7
TXN05267,2025-02-03,STR003,PRD040,14,184,711,0,8,0,No,High,2025-11-26,No,27871.06,7127.96
TXN05268,2025-03-04,STR001,PRD041,16,127,556,0,6,1,Yes,Low,2025-09-08,No,7941.44,2278.08
TXN05269,2025-06-13,STR004,PRD053,16,72,224,34,4,0,No,High,2026-02-02,No,32680.0,4754.88
TXN05270,2025-04-26,STR003,PRD047,12,182,456,0,8,0,Yes,Low,2026-04-23,No,66106.44,13409.16
TXN05271,2025-01-13,STR001,PRD056,11,58,669,22,9,1,Yes,Medium,2025-09-08,No,36824.59,5983.67
TXN05272,2025-06-25,STR003,PRD020,15,161,520,0,5,0,No,Medium,2026-06-10,No,52581.0,16115.55
TXN05273,2025-01-18,STR001,PRD056,22,115,778,0,9,1,Yes,Low,2025-09-22,No,73649.18,11967.34
TXN05274,2025-05-19,STR003,PRD013,17,112,148,0,4,1,Yes,Low,2025-10-20,No,97801.51,28212.01
TXN05275,2025-05-21,STR002,PRD029,19,95,226,0,5,0,Yes,Low,2025-11-27,No,36320.78,11780.0
TXN05276,2025-01-26,STR002,PRD033,17,45,337,82,4,0,No,Low,2025-04-17,No,62039.97,12086.66
TXN05277,2025-05-20,STR004,PRD027,34,6,52,58,4,0,Yes,Low,2026-03-20,No,165094.14,30889.34
TXN05278,2025-06-18,STR004,PRD050,9,131,223,0,6,1,No,Low,2025-10-14,No,61388.28,19669.32
TXN05279,2025-01-09,STR004,PRD064,9,188,613,0,5,1,Yes,High,2025-03-19,No,31799.16,4208.13
TXN05280,2025-06-22,STR003,PRD020,14,85,585,0,5,0,Yes,High,2026-06-13,No,49075.6,15041.18
TXN05281,2025-04-16,STR001,PRD046,17,39,475,0,6,0,Yes,Low,2026-02-15,No,87601.85,21621.11
TXN05282,2025-05-25,STR003,PRD011,14,159,733,0,8,1,Yes,High,2026-02-24,No,31155.32,4807.46
TXN05283,2025-03-04,STR004,PRD046,15,173,439,0,6,2,Yes,Medium,2025-12-20,No,77295.75,19077.45
TXN05284,2025-06-01,STR003,PRD003,36,129,547,0,4,0,No,Medium,2025-10-03,No,183218.04,57920.4
TXN05285,2025-01-12,STR003,PRD043,17,0,412,25,5,0,Yes,Low,2025-06-22,Yes,66958.41,10645.57
TXN05286,2025-06-28,STR001,PRD004,23,176,101,0,4,1,No,Low,2026-03-18,No,82128.86,11396.73
TXN05287,2025-01-30,STR002,PRD016,11,100,297,0,4,2,No,High,2025-09-03,No,62651.38,13573.56
TXN05288,2025-01-08,STR001,PRD026,40,131,595,0,9,0,No,Low,2025-05-10,No,67328.8,14041.2
TXN05289,2025-02-25,STR001,PRD039,15,102,56,0,8,0,No,Low,2025-05-22,No,47063.55,15659.4
TXN05290,2025-05-30,STR003,PRD058,13,179,132,0,8,0,No,High,2025-12-01,No,49235.03,13094.12
TXN05291,2025-04-03,STR001,PRD025,22,217,422,0,4,0,No,High,2025-12-30,No,149651.48,40734.76
TXN05292,2025-02-06,STR004,PRD061,13,144,454,0,8,1,No,Medium,2025-09-23,No,56835.35,13227.76
TXN05293,2025-01-30,STR002,PRD026,34,13,488,136,9,1,No,Low,2025-06-29,No,57229.48,11935.02
TXN05294,2025-04-23,STR004,PRD029,37,150,750,0,5,0,Yes,High,2026-02-03,No,70729.94,22940.0
TXN05295,2025-05-09,STR004,PRD057,11,95,818,0,4,1,Yes,Medium,2025-10-09,No,37416.39,9544.26
TXN05296,2025-05-30,STR004,PRD041,16,74,460,0,6,0,Yes,Low,2026-01-20,No,7941.44,2278.08
TXN05297,2025-04-08,STR004,PRD013,11,225,844,0,4,0,No,High,2025-08-28,No,63283.33,18254.83
TXN05298,2025-01-07,STR003,PRD020,16,79,422,0,5,0,No,Low,2025-09-28,No,56086.4,17189.92
TXN05299,2025-01-26,STR004,PRD040,12,38,916,159,8,0,No,High,2025-07-21,No,23889.48,6109.68
TXN05300,2025-01-12,STR003,PRD042,16,26,272,55,4,1,No,High,2025-08-24,No,100784.32,29448.16
TXN05301,2025-01-18,STR003,PRD035,13,64,354,0,5,1,No,Medium,2025-05-18,No,25935.91,8635.38
TXN05302,2025-05-07,STR004,PRD002,29,23,50,75,4,0,No,High,2025-08-01,No,50445.5,8366.79
TXN05303,2025-01-19,STR001,PRD022,18,188,518,0,9,0,No,Low,2025-07-20,No,89986.86,25212.78
TXN05304,2025-02-14,STR003,PRD051,15,145,737,0,8,0,Yes,Medium,2025-06-19,No,31642.35,4289.4
TXN05305,2025-03-17,STR002,PRD037,21,109,282,0,6,1,Yes,High,2025-11-05,No,23450.91,6328.56
TXN05306,2025-05-17,STR001,PRD052,21,167,481,0,3,1,Yes,Medium,2025-10-28,No,62972.91,20846.7
TXN05307,2025-05-03,STR003,PRD042,13,0,447,84,4,2,No,Medium,2026-03-04,Yes,81887.26,23926.63
TXN05308,2025-05-25,STR002,PRD018,18,81,657,0,9,0,No,Low,2025-10-12,No,105836.04,35034.48
TXN05309,2025-04-07,STR004,PRD017,17,124,622,0,4,1,Yes,Low,2025-05-21,No,71589.38,10194.05
TXN05310,2025-03-13,STR003,PRD042,18,120,275,0,4,0,No,High,2026-02-14,No,113382.36,33129.18
TXN05311,2025-06-14,STR004,PRD038,15,43,796,122,3,0,Yes,High,2025-08-23,No,71298.6,18824.7
TXN05312,2025-03-30,STR002,PRD030,33,216,235,0,8,0,Yes,High,2026-02-27,No,148459.08,27210.48
TXN05313,2025-01-30,STR004,PRD020,22,147,709,0,5,1,Yes,Medium,2025-03-30,No,77118.8,23636.14
TXN05314,2025-04-09,STR003,PRD046,15,69,662,0,6,2,Yes,Medium,2025-06-10,No,77295.75,19077.45
TXN05315,2025-01-12,STR004,PRD042,18,214,320,0,4,1,Yes,Medium,2025-04-26,No,113382.36,33129.18
TXN05316,2025-05-29,STR001,PRD031,21,0,512,159,5,0,Yes,Low,2026-03-17,Yes,66667.02,21318.15
TXN05317,2025-02-10,STR001,PRD038,13,58,541,0,3,0,Yes,High,2025-06-18,No,61792.12,16314.74
TXN05318,2025-01-06,STR003,PRD062,22,0,166,157,4,3,No,High,2025-11-30,Yes,65899.24,12615.68
TXN05319,2025-04-13,STR004,PRD060,16,150,104,0,4,2,No,Medium,2025-12-28,No,25089.6,5163.04
TXN05320,2025-05-15,STR001,PRD005,48,138,859,0,4,0,No,High,2026-02-13,No,84554.88,20830.08
TXN05321,2025-03-14,STR002,PRD034,22,126,679,0,8,1,No,High,2026-02-14,No,68930.84,18030.76
TXN05322,2025-01-15,STR001,PRD007,23,18,159,54,6,1,No,Low,2025-04-11,No,80756.68,14948.62
TXN05323,2025-03-13,STR001,PRD007,44,174,469,0,6,3,No,Medium,2025-10-11,No,154491.04,28597.36
TXN05324,2025-05-13,STR002,PRD044,16,172,147,0,5,1,Yes,Low,2026-01-19,No,19216.48,2523.04
TXN05325,2025-01-20,STR002,PRD047,23,103,266,0,8,0,No,Medium,2025-06-23,No,126704.01,25700.89
TXN05326,2025-01-25,STR002,PRD049,13,91,254,0,4,0,Yes,Low,2025-12-26,No,67594.28,17104.88
TXN05327,2025-04-29,STR002,PRD028,24,189,410,0,4,2,No,Low,2025-12-27,No,126471.84,28462.56
TXN05328,2025-01-27,STR002,PRD055,15,92,661,0,6,0,No,High,2025-09-24,No,45515.7,6753.3
TXN05329,2025-02-25,STR003,PRD030,33,200,624,0,8,1,Yes,Low,2026-01-14,No,148459.08,27210.48
TXN05330,2025-02-24,STR003,PRD053,16,118,923,0,4,0,Yes,Medium,2025-12-22,No,32680.0,4754.88
TXN05331,2025-02-12,STR004,PRD004,20,9,708,73,4,0,Yes,Medium,2025-04-22,No,71416.4,9910.2
TXN05332,2025-04-20,STR004,PRD011,7,119,406,0,8,1,Yes,High,2025-08-15,No,15577.66,2403.73
TXN05333,2025-01-30,STR003,PRD022,12,87,277,0,9,1,Yes,Medium,2025-05-01,No,59991.24,16808.52
TXN05334,2025-03-03,STR004,PRD040,13,6,678,140,8,1,No,Medium,2026-01-23,No,25880.27,6618.82
TXN05335,2025-01-10,STR003,PRD005,17,62,755,0,4,0,Yes,Low,2025-10-10,No,29946.52,7377.32
TXN05336,2025-06-22,STR004,PRD014,10,31,665,0,6,1,No,High,2025-12-20,No,13059.1,4192.3
TXN05337,2025-04-06,STR002,PRD036,13,119,845,0,9,0,No,High,2025-08-29,No,48169.81,14116.05
TXN05338,2025-03-29,STR004,PRD054,20,157,481,0,6,1,Yes,High,2026-02-28,No,69866.8,10535.2
TXN05339,2025-05-31,STR002,PRD025,33,161,900,0,4,2,Yes,Low,2026-03-03,No,224477.22,61102.14
TXN05340,2025-03-13,STR002,PRD050,17,170,273,0,6,0,Yes,Low,2025-09-23,No,115955.64,37153.16
TXN05341,2025-03-29,STR001,PRD045,11,16,878,132,6,1,No,Low,2026-03-01,No,60347.43,11765.82
TXN05342,2025-06-29,STR004,PRD052,14,175,238,0,3,1,No,High,2025-09-01,No,41981.94,13897.8
TXN05343,2025-06-11,STR004,PRD029,27,186,555,0,5,0,No,Low,2025-09-03,No,51613.74,16740.0
TXN05344,2025-06-30,STR003,PRD043,17,29,242,200,5,1,No,Low,2025-09-30,No,66958.41,10645.57
TXN05345,2025-06-28,STR004,PRD034,20,118,454,0,8,0,Yes,High,2026-05-30,No,62664.4,16391.6
TXN05346,2025-03-08,STR004,PRD031,27,39,894,45,5,0,Yes,High,2026-01-16,No,85714.74,27409.05
TXN05347,2025-03-06,STR003,PRD008,29,30,371,44,8,0,No,Low,2025-05-01,No,67793.88,21176.38
TXN05348,2025-06-04,STR004,PRD011,9,53,58,0,8,0,No,High,2026-01-24,No,20028.42,3090.51
TXN05349,2025-05-14,STR002,PRD062,12,157,804,0,4,1,No,High,2025-07-06,No,35945.04,6881.28
TXN05350,2025-06-16,STR003,PRD042,17,133,488,0,4,1,No,Medium,2026-05-08,No,107083.34,31288.67
TXN05351,2025-05-18,STR001,PRD006,30,4,334,181,5,0,Yes,High,2026-04-25,Yes,123443.1,35307.6
TXN05352,2025-06-04,STR003,PRD015,13,208,230,0,9,1,Yes,Medium,2026-03-08,No,54197.65,16567.98
TXN05353,2025-06-12,STR003,PRD060,16,182,963,0,4,0,Yes,Medium,2026-06-10,No,25089.6,5163.04
TXN05354,2025-01-24,STR001,PRD010,10,97,460,0,9,0,Yes,Low,2025-06-08,No,19679.3,3619.3
TXN05355,2025-02-25,STR002,PRD059,10,236,686,0,4,1,No,Low,2025-11-01,No,65991.7,19332.8
TXN05356,2025-04-26,STR004,PRD015,7,0,759,142,9,1,Yes,Low,2026-01-26,Yes,29183.35,8921.22
TXN05357,2025-06-18,STR004,PRD043,10,47,773,0,5,0,No,Low,2025-10-18,No,39387.3,6262.1
TXN05358,2025-03-20,STR001,PRD062,17,16,225,186,4,1,Yes,High,2025-09-04,No,50922.14,9748.48
TXN05359,2025-01-25,STR004,PRD035,14,162,681,0,5,2,Yes,Low,2025-09-22,No,27930.98,9299.64
TXN05360,2025-06-22,STR003,PRD019,17,216,301,0,4,0,Yes,High,2025-11-19,No,28092.84,4392.8
TXN05361,2025-04-22,STR002,PRD062,16,64,365,0,4,0,Yes,Low,2026-02-24,No,47926.72,9175.04
TXN05362,2025-01-26,STR001,PRD028,48,154,367,0,4,0,No,Medium,2025-05-22,No,252943.68,56925.12
TXN05363,2025-03-17,STR001,PRD049,19,175,616,0,4,0,No,Low,2025-05-01,No,98791.64,24999.44
TXN05364,2025-02-10,STR002,PRD025,24,38,57,114,4,0,No,Medium,2025-10-08,No,163256.16,44437.92
TXN05365,2025-03-31,STR003,PRD052,11,168,965,0,3,0,Yes,Low,2026-01-18,No,32985.81,10919.7
TXN05366,2025-04-20,STR002,PRD042,10,158,116,0,4,0,No,Medium,2025-10-07,No,62990.2,18405.1
TXN05367,2025-01-03,STR001,PRD043,17,139,871,0,5,0,No,Low,2025-07-10,No,66958.41,10645.57
TXN05368,2025-05-07,STR001,PRD060,15,74,247,0,4,0,Yes,Low,2026-01-31,No,23521.5,4840.35
TXN05369,2025-01-10,STR003,PRD018,18,63,900,99,9,0,Yes,Medium,2025-07-25,No,105836.04,35034.48
TXN05370,2025-01-24,STR002,PRD020,11,164,698,0,5,1,Yes,High,2025-05-25,No,38559.4,11818.07
TXN05371,2025-04-09,STR002,PRD030,24,146,973,0,8,1,Yes,Low,2026-04-03,No,107970.24,19789.44
TXN05372,2025-02-21,STR003,PRD054,12,69,442,0,6,1,No,High,2025-08-06,No,41920.08,6321.12
TXN05373,2025-02-16,STR002,PRD055,18,173,641,0,6,0,Yes,Low,2026-02-05,No,54618.84,8103.96
TXN05374,2025-02-14,STR001,PRD031,25,97,441,0,5,0,No,Medium,2026-01-08,No,79365.5,25378.75
TXN05375,2025-06-19,STR002,PRD023,20,219,483,0,4,0,Yes,Low,2026-05-06,No,76536.2,13277.8
TXN05376,2025-03-30,STR003,PRD038,17,42,600,79,3,1,No,Low,2026-02-14,No,80805.08,21334.66
TXN05377,2025-03-06,STR004,PRD055,14,9,690,36,6,0,Yes,High,2025-04-13,No,42481.32,6303.08
TXN05378,2025-06-09,STR002,PRD031,31,169,863,0,5,0,No,Low,2025-11-29,No,98413.22,31469.65
TXN05379,2025-06-17,STR001,PRD030,43,176,202,0,8,1,No,Low,2026-01-26,No,193446.68,35456.08
TXN05380,2025-04-19,STR004,PRD001,19,112,812,0,3,2,Yes,Medium,2025-12-14,No,72770.76,9969.87
TXN05381,2025-02-18,STR002,PRD018,14,37,740,96,9,1,Yes,Low,2025-07-29,No,82316.92,27249.04
TXN05382,2025-02-23,STR001,PRD011,17,103,429,0,8,0,Yes,High,2025-12-19,No,37831.46,5837.63
TXN05383,2025-04-08,STR001,PRD042,15,96,974,0,4,2,No,High,2025-05-27,No,94485.3,27607.65
TXN05384,2025-05-10,STR002,PRD017,11,100,844,0,4,0,No,Medium,2025-09-06,No,46322.54,6596.15
TXN05385,2025-03-14,STR003,PRD001,26,160,625,0,3,1,Yes,Medium,2026-02-24,No,99581.04,13642.98
TXN05386,2025-02-04,STR002,PRD054,9,132,387,0,6,1,No,Low,2025-10-22,No,31440.06,4740.84
TXN05387,2025-03-10,STR003,PRD033,12,40,890,107,4,1,Yes,High,2025-10-03,No,43792.92,8531.76
TXN05388,2025-02-11,STR001,PRD029,35,127,975,0,5,1,No,High,2025-07-30,No,66906.7,21700.0
TXN05389,2025-05-03,STR001,PRD003,45,176,58,0,4,0,Yes,High,2026-01-06,No,229022.55,72400.5
TXN05390,2025-06-04,STR001,PRD017,16,207,482,0,4,0,No,Medium,2025-10-19,No,67378.24,9594.4
TXN05391,2025-03-24,STR001,PRD062,22,131,148,0,4,1,No,Medium,2025-10-08,No,65899.24,12615.68
TXN05392,2025-01-12,STR002,PRD048,13,53,518,0,8,0,Yes,High,2025-11-05,No,42586.96,7668.7
TXN05393,2025-02-21,STR001,PRD011,16,0,830,29,8,0,No,Medium,2025-05-31,Yes,35606.08,5494.24
TXN05394,2025-05-21,STR003,PRD036,11,119,516,0,9,0,Yes,Medium,2025-11-12,No,40759.07,11944.35
TXN05395,2025-06-06,STR003,PRD037,18,147,461,0,6,3,No,High,2026-02-13,No,20100.78,5424.48
TXN05396,2025-04-21,STR004,PRD020,14,101,653,0,5,0,No,Medium,2025-05-29,No,49075.6,15041.18
TXN05397,2025-04-15,STR004,PRD046,14,165,159,0,6,1,No,High,2026-04-08,No,72142.7,17805.62
TXN05398,2025-01-06,STR002,PRD033,16,207,934,0,4,0,No,High,2025-03-03,No,58390.56,11375.68
TXN05399,2025-01-22,STR001,PRD024,16,200,317,0,6,0,No,Low,2025-04-03,No,30446.4,7236.64
TXN05400,2025-01-07,STR004,PRD056,13,233,826,0,9,0,Yes,High,2025-06-19,No,43519.97,7071.61
TXN05401,2025-04-25,STR004,PRD018,23,3,451,106,9,0,No,Medium,2025-12-25,Yes,135234.94,44766.28
TXN05402,2025-04-21,STR001,PRD014,12,174,383,0,6,0,Yes,High,2025-11-10,No,15670.92,5030.76
TXN05403,2025-01-20,STR004,PRD008,38,148,567,0,8,2,No,Low,2025-04-09,No,88833.36,27748.36
TXN05404,2025-04-09,STR003,PRD064,13,112,728,0,5,1,No,Medium,2026-02-21,No,45932.12,6078.41
TXN05405,2025-06-24,STR002,PRD018,13,33,340,72,9,0,Yes,Medium,2026-06-01,No,76437.14,25302.68
TXN05406,2025-06-13,STR003,PRD033,16,95,639,0,4,1,No,Low,2025-12-02,No,58390.56,11375.68
TXN05407,2025-03-24,STR001,PRD042,20,174,981,0,4,0,Yes,High,2025-10-11,No,125980.4,36810.2
TXN05408,2025-04-15,STR002,PRD023,20,84,927,0,4,0,Yes,Medium,2025-11-06,No,76536.2,13277.8
TXN05409,2025-03-21,STR001,PRD017,20,0,894,54,4,1,No,Low,2026-02-01,Yes,84222.8,11993.0
TXN05410,2025-04-22,STR003,PRD029,19,101,901,0,5,0,Yes,Medium,2026-01-05,No,36320.78,11780.0
TXN05411,2025-02-01,STR003,PRD032,26,219,84,0,4,0,Yes,Medium,2025-03-31,No,30282.2,5023.2
TXN05412,2025-06-24,STR001,PRD034,7,212,296,0,8,0,No,High,2026-04-01,No,21932.54,5737.06
TXN05413,2025-04-20,STR003,PRD050,12,178,226,0,6,1,No,Medium,2026-02-07,No,81851.04,26225.76
TXN05414,2025-01-19,STR004,PRD037,16,145,471,0,6,0,Yes,High,2026-01-15,No,17867.36,4821.76
TXN05415,2025-03-15,STR002,PRD023,16,130,300,0,4,1,No,High,2025-05-10,No,61228.96,10622.24
TXN05416,2025-06-21,STR003,PRD001,34,16,574,102,3,0,No,Low,2025-07-30,No,130221.36,17840.82
TXN05417,2025-01-22,STR003,PRD032,19,178,131,0,4,0,Yes,Medium,2025-11-29,No,22129.3,3670.8
TXN05418,2025-05-28,STR004,PRD030,29,124,391,0,8,0,Yes,High,2026-05-25,No,130464.04,23912.24
TXN05419,2025-02-23,STR002,PRD005,17,177,351,0,4,1,No,Low,2025-11-30,No,29946.52,7377.32
TXN05420,2025-04-28,STR001,PRD020,19,70,586,0,5,1,No,Medium,2025-06-21,No,66602.6,20413.03
TXN05421,2025-02-25,STR003,PRD063,15,84,385,0,6,0,No,Low,2025-04-22,No,38419.65,10084.65
TXN05422,2025-02-19,STR002,PRD003,33,22,361,84,4,1,No,Low,2026-02-05,No,167949.87,53093.7
TXN05423,2025-06-02,STR004,PRD008,32,71,570,0,8,1,No,High,2025-11-04,No,74807.04,23367.04
TXN05424,2025-03-01,STR001,PRD058,15,11,123,157,8,1,Yes,Low,2025-07-22,No,56809.65,15108.6
TXN05425,2025-04-05,STR004,PRD014,14,98,745,0,6,1,No,Low,2026-01-04,No,18282.74,5869.22
TXN05426,2025-01-13,STR003,PRD010,16,98,953,0,9,0,Yes,Low,2025-09-28,No,31486.88,5790.88
TXN05427,2025-03-19,STR001,PRD060,12,59,522,111,4,0,No,Medium,2025-07-15,No,18817.2,3872.28
TXN05428,2025-06-22,STR001,PRD046,17,88,961,0,6,0,Yes,Medium,2025-11-24,No,87601.85,21621.11
TXN05429,2025-04-11,STR001,PRD033,17,96,601,0,4,1,No,High,2025-06-01,No,62039.97,12086.66
TXN05430,2025-05-11,STR003,PRD027,38,192,981,0,4,0,No,Medium,2025-10-23,No,184516.98,34523.38
TXN05431,2025-05-07,STR004,PRD060,18,229,841,0,4,0,No,High,2025-10-23,No,28225.8,5808.42
TXN05432,2025-06-25,STR004,PRD045,13,60,715,0,6,1,Yes,Medium,2026-04-08,No,71319.69,13905.06
TXN05433,2025-03-27,STR001,PRD032,22,128,412,0,4,0,Yes,Medium,2025-12-17,No,25623.4,4250.4
TXN05434,2025-03-06,STR003,PRD050,18,206,895,0,6,1,Yes,Low,2025-12-04,No,122776.56,39338.64
TXN05435,2025-04-10,STR001,PRD026,31,76,620,0,9,1,No,Medium,2025-05-22,No,52179.82,10881.93
TXN05436,2025-03-09,STR004,PRD028,28,0,481,142,4,0,No,Medium,2025-05-19,Yes,147550.48,33206.32
TXN05437,2025-03-20,STR003,PRD014,6,146,505,0,6,0,No,Low,2025-09-18,No,7835.46,2515.38
TXN05438,2025-01-23,STR003,PRD017,12,7,822,101,4,1,No,Low,2026-01-21,No,50533.68,7195.8
TXN05439,2025-02-23,STR002,PRD005,24,135,652,0,4,0,Yes,Low,2026-02-17,No,42277.44,10415.04
TXN05440,2025-01-12,STR001,PRD003,46,171,334,0,4,0,Yes,Medium,2025-08-20,No,234111.94,74009.4
TXN05441,2025-04-12,STR001,PRD027,39,146,568,0,4,0,Yes,Low,2025-10-07,No,189372.69,35431.89
TXN05442,2025-03-09,STR003,PRD055,13,74,300,0,6,0,No,High,2025-11-10,No,39446.94,5852.86
TXN05443,2025-04-04,STR001,PRD040,22,40,234,107,8,0,Yes,High,2025-07-09,No,43797.38,11201.08
TXN05444,2025-04-16,STR003,PRD052,16,94,82,0,3,0,Yes,Low,2025-09-26,No,47979.36,15883.2
TXN05445,2025-04-30,STR003,PRD058,15,0,804,166,8,0,Yes,Low,2025-06-29,Yes,56809.65,15108.6
TXN05446,2025-03-04,STR003,PRD005,29,120,821,0,4,1,No,Medium,2025-05-12,No,51085.24,12584.84
TXN05447,2025-01-21,STR003,PRD064,23,130,755,0,5,0,No,Medium,2025-04-02,No,81264.52,10754.11
TXN05448,2025-01-23,STR002,PRD049,13,127,154,0,4,0,No,High,2025-06-12,No,67594.28,17104.88
TXN05449,2025-04-25,STR001,PRD014,19,182,333,0,6,1,No,Medium,2025-07-03,No,24812.29,7965.37
TXN05450,2025-03-21,STR004,PRD047,13,173,363,0,8,0,No,Medium,2025-11-23,No,71615.31,14526.59
TXN05451,2025-01-24,STR003,PRD012,10,120,708,0,5,0,No,High,2025-10-30,No,25245.1,5373.1
TXN05452,2025-06-21,STR003,PRD046,16,0,787,91,6,1,No,High,2026-05-15,Yes,82448.8,20349.28
TXN05453,2025-04-16,STR001,PRD035,22,80,737,0,5,1,No,High,2025-07-30,No,43891.54,14613.72
TXN05454,2025-06-07,STR004,PRD059,16,0,779,115,4,1,Yes,Medium,2026-01-29,Yes,105586.72,30932.48
TXN05455,2025-03-29,STR001,PRD051,16,234,664,0,8,0,No,Low,2026-01-22,No,33751.84,4575.36
TXN05456,2025-06-14,STR004,PRD009,17,141,119,0,4,0,No,High,2025-10-06,No,96886.23,27401.28
TXN05457,2025-06-29,STR004,PRD023,16,43,287,197,4,0,Yes,High,2025-10-29,No,61228.96,10622.24
TXN05458,2025-05-28,STR001,PRD022,11,169,240,0,9,0,No,Medium,2025-11-20,No,54991.97,15407.81
TXN05459,2025-01-05,STR004,PRD013,15,65,334,0,4,2,No,High,2025-06-07,No,86295.45,24892.95
TXN05460,2025-06-09,STR003,PRD053,21,115,482,0,4,0,Yes,Low,2025-08-12,No,42892.5,6240.78
TXN05461,2025-03-06,STR002,PRD031,21,69,118,0,5,1,Yes,Low,2026-01-02,No,66667.02,21318.15
TXN05462,2025-04-10,STR001,PRD033,14,82,83,0,4,1,No,Medium,2025-10-14,No,51091.74,9953.72
TXN05463,2025-04-26,STR004,PRD012,12,210,299,0,5,1,Yes,High,2026-03-24,No,30294.12,6447.72
TXN05464,2025-01-24,STR001,PRD015,11,53,800,136,9,0,No,Low,2025-07-06,No,45859.55,14019.06
TXN05465,2025-04-27,STR003,PRD064,16,60,897,97,5,0,Yes,Low,2025-08-31,No,56531.84,7481.12
TXN05466,2025-03-25,STR004,PRD022,15,140,318,0,9,2,No,Low,2025-05-02,No,74989.05,21010.65
TXN05467,2025-06-22,STR001,PRD052,18,24,851,77,3,1,No,High,2025-11-14,No,53976.78,17868.6
TXN05468,2025-04-02,STR003,PRD002,23,114,987,0,4,1,No,Medium,2025-10-07,No,40008.5,6635.73
TXN05469,2025-05-08,STR001,PRD017,20,102,359,0,4,0,Yes,Low,2025-07-23,No,84222.8,11993.0
TXN05470,2025-02-22,STR004,PRD016,15,220,425,0,4,0,Yes,High,2025-06-28,No,85433.7,18509.4
TXN05471,2025-01-03,STR004,PRD008,22,68,576,0,8,1,No,Low,2025-06-18,No,51429.84,16064.84
TXN05472,2025-04-18,STR002,PRD053,16,181,375,0,4,1,Yes,Medium,2025-09-02,No,32680.0,4754.88
TXN05473,2025-06-09,STR004,PRD055,13,226,589,0,6,0,No,High,2025-10-02,No,39446.94,5852.86
TXN05474,2025-06-27,STR002,PRD030,15,110,613,0,8,0,No,Medium,2026-06-10,No,67481.4,12368.4
TXN05475,2025-06-08,STR001,PRD046,13,1,585,167,6,0,No,High,2025-08-15,Yes,66989.65,16533.79
TXN05476,2025-02-13,STR002,PRD060,17,231,617,0,4,0,No,Medium,2025-09-15,No,26657.7,5485.73
TXN05477,2025-05-13,STR002,PRD005,22,74,521,0,4,1,No,High,2025-09-11,No,38754.32,9547.12
TXN05478,2025-02-25,STR003,PRD026,37,15,651,44,9,1,Yes,Medium,2025-12-24,No,62279.14,12988.11
TXN05479,2025-05-27,STR001,PRD028,24,116,962,0,4,0,Yes,High,2025-07-24,No,126471.84,28462.56
TXN05480,2025-02-20,STR003,PRD016,13,232,595,0,4,2,Yes,Medium,2025-10-05,No,74042.54,16041.48
TXN05481,2025-02-18,STR003,PRD058,9,57,180,0,8,0,Yes,Medium,2025-06-08,No,34085.79,9065.16
TXN05482,2025-01-27,STR004,PRD042,10,166,672,0,4,1,No,High,2025-10-21,No,62990.2,18405.1
TXN05483,2025-03-03,STR001,PRD028,14,201,651,0,4,0,Yes,Low,2025-05-04,No,73775.24,16603.16
TXN05484,2025-05-12,STR004,PRD044,14,66,208,0,5,1,No,Low,2025-11-09,No,16814.42,2207.66
TXN05485,2025-01-24,STR003,PRD026,21,54,140,122,9,0,Yes,Low,2025-04-06,No,35347.62,7371.63
TXN05486,2025-03-27,STR004,PRD055,16,209,706,0,6,1,No,Medium,2025-08-04,No,48550.08,7203.52
TXN05487,2025-01-14,STR003,PRD055,11,232,114,0,6,2,No,Low,2025-03-04,No,33378.18,4952.42
TXN05488,2025-02-18,STR002,PRD008,22,184,364,0,8,0,No,Low,2025-11-05,No,51429.84,16064.84
TXN05489,2025-04-23,STR004,PRD055,15,121,140,0,6,0,Yes,Low,2026-04-03,No,45515.7,6753.3
TXN05490,2025-04-15,STR003,PRD044,13,79,678,0,5,0,No,High,2025-10-22,No,15613.39,2049.97
TXN05491,2025-03-23,STR002,PRD018,13,103,466,0,9,0,No,Low,2025-09-25,No,76437.14,25302.68
TXN05492,2025-03-25,STR002,PRD040,15,211,360,0,8,1,Yes,High,2025-07-27,No,29861.85,7637.1
TXN05493,2025-06-02,STR002,PRD030,43,0,466,56,8,0,No,Medium,2025-09-18,Yes,193446.68,35456.08
TXN05494,2025-01-15,STR004,PRD034,11,95,364,0,8,0,Yes,High,2025-04-07,No,34465.42,9015.38
TXN05495,2025-01-06,STR003,PRD034,13,94,157,0,8,0,No,High,2025-08-18,No,40731.86,10654.54
TXN05496,2025-06-26,STR001,PRD044,15,142,145,0,5,1,Yes,Low,2026-04-21,No,18015.45,2365.35
TXN05497,2025-06-12,STR001,PRD055,15,18,730,60,6,0,No,Low,2025-09-13,No,45515.7,6753.3
TXN05498,2025-04-14,STR001,PRD018,10,127,194,0,9,2,No,High,2025-07-17,No,58797.8,19463.6
TXN05499,2025-02-08,STR004,PRD035,15,160,135,0,5,1,No,Medium,2026-01-30,No,29926.05,9963.9
TXN05500,2025-04-13,STR001,PRD001,30,136,850,0,3,0,No,High,2026-02-28,No,114901.2,15741.9
TXN05501,2025-04-08,STR003,PRD008,25,0,248,155,8,1,No,Medium,2026-02-25,Yes,58443.0,18255.5
TXN05502,2025-01-23,STR004,PRD037,14,176,53,0,6,0,Yes,Medium,2025-12-10,No,15633.94,4219.04
TXN05503,2025-02-28,STR003,PRD026,23,146,868,0,9,1,No,Medium,2025-06-04,No,38714.06,8073.69
TXN05504,2025-02-03,STR001,PRD062,13,128,692,0,4,1,No,Low,2025-06-16,No,38940.46,7454.72
TXN05505,2025-02-10,STR002,PRD063,17,20,97,27,6,1,No,Medium,2025-12-23,No,43542.27,11429.27
TXN05506,2025-03-28,STR003,PRD052,17,140,555,0,3,1,Yes,Medium,2025-08-02,No,50978.07,16875.9
TXN05507,2025-05-23,STR002,PRD056,20,98,175,0,9,1,Yes,High,2025-12-18,No,66953.8,10879.4
TXN05508,2025-01-23,STR002,PRD041,16,59,240,105,6,1,Yes,Medium,2025-11-11,No,7941.44,2278.08
TXN05509,2025-06-14,STR003,PRD036,10,0,200,200,9,0,No,Low,2026-01-24,Yes,37053.7,10858.5
TXN05510,2025-01-12,STR001,PRD015,17,56,79,161,9,0,Yes,Low,2025-06-25,No,70873.85,21665.82
TXN05511,2025-01-04,STR003,PRD050,13,94,851,0,6,1,No,Medium,2025-10-05,No,88671.96,28411.24
TXN05512,2025-03-09,STR004,PRD002,37,207,873,0,4,0,No,High,2026-02-12,No,64361.5,10674.87
TXN05513,2025-03-29,STR003,PRD029,17,166,643,0,5,1,Yes,Medium,2025-06-09,No,32497.54,10540.0
TXN05514,2025-06-12,STR001,PRD033,17,111,796,0,4,0,No,Medium,2026-01-28,No,62039.97,12086.66
TXN05515,2025-06-26,STR002,PRD005,30,22,86,0,4,0,Yes,Medium,2026-01-10,No,52846.8,13018.8
TXN05516,2025-06-10,STR004,PRD054,13,202,412,0,6,0,No,Low,2025-10-30,No,45413.42,6847.88
TXN05517,2025-05-12,STR001,PRD001,37,88,593,0,3,0,No,High,2025-12-23,No,141711.48,19415.01
TXN05518,2025-03-30,STR004,PRD039,14,94,763,0,8,2,Yes,Low,2025-08-12,No,43925.98,14615.44
TXN05519,2025-04-10,STR004,PRD049,12,156,103,0,4,0,No,High,2025-07-14,No,62394.72,15789.12
TXN05520,2025-02-05,STR001,PRD013,10,205,655,0,4,1,Yes,Low,2025-04-26,No,57530.3,16595.3
TXN05521,2025-02-19,STR001,PRD047,17,125,441,0,8,1,Yes,Medium,2025-11-22,No,93650.79,18996.31
TXN05522,2025-05-31,STR004,PRD049,14,56,821,190,4,0,No,Low,2026-04-21,No,72793.84,18420.64
TXN05523,2025-06-07,STR001,PRD020,16,0,571,74,5,0,Yes,Low,2025-12-22,Yes,56086.4,17189.92
TXN05524,2025-02-01,STR004,PRD006,27,192,583,0,5,0,No,High,2025-07-06,No,111098.79,31776.84
TXN05525,2025-05-24,STR004,PRD021,15,28,346,165,6,0,No,Low,2026-04-20,No,37431.0,6833.25
TXN05526,2025-02-01,STR001,PRD062,15,51,520,0,4,0,Yes,Medium,2025-06-30,No,44931.3,8601.6
TXN05527,2025-03-20,STR003,PRD054,20,92,181,0,6,0,Yes,High,2025-10-19,No,69866.8,10535.2
TXN05528,2025-01-24,STR004,PRD023,26,219,803,0,4,0,No,Medium,2025-06-13,No,99497.06,17261.14
TXN05529,2025-06-13,STR003,PRD001,21,188,627,0,3,0,No,High,2025-11-03,No,80430.84,11019.33
TXN05530,2025-02-02,STR002,PRD061,16,152,797,0,8,0,No,Medium,2025-03-08,No,69951.2,16280.32
TXN05531,2025-05-23,STR002,PRD048,12,53,935,0,8,0,No,High,2026-03-19,No,39311.04,7078.8
TXN05532,2025-04-16,STR003,PRD063,21,192,868,0,6,1,No,Medium,2025-07-31,No,53787.51,14118.51
TXN05533,2025-06-01,STR001,PRD062,14,214,220,0,4,1,No,High,2026-03-31,No,41935.88,8028.16
TXN05534,2025-06-19,STR004,PRD014,13,34,943,0,6,0,Yes,High,2025-10-11,No,16976.83,5449.99
TXN05535,2025-05-18,STR002,PRD063,16,214,51,0,6,1,Yes,High,2025-10-06,No,40980.96,10756.96
TXN05536,2025-02-09,STR003,PRD040,8,54,264,115,8,1,Yes,Medium,2025-11-27,No,15926.32,4073.12
TXN05537,2025-05-12,STR003,PRD058,14,73,487,0,8,0,No,High,2026-01-13,No,53022.34,14101.36
TXN05538,2025-05-05,STR002,PRD045,14,218,469,0,6,1,No,High,2025-06-13,No,76805.82,14974.68
TXN05539,2025-06-06,STR004,PRD008,31,40,870,102,8,0,Yes,Medium,2025-11-20,No,72469.32,22636.82
TXN05540,2025-03-13,STR004,PRD017,20,127,383,0,4,0,No,Medium,2025-06-26,No,84222.8,11993.0
TXN05541,2025-01-21,STR003,PRD060,15,44,701,111,4,0,Yes,Low,2025-10-22,No,23521.5,4840.35
TXN05542,2025-03-24,STR002,PRD013,17,212,402,0,4,1,No,High,2026-03-10,No,97801.51,28212.01
TXN05543,2025-02-10,STR001,PRD027,37,142,687,0,4,0,No,Medium,2025-12-12,No,179661.27,33614.87
TXN05544,2025-04-28,STR001,PRD031,29,0,115,195,5,1,No,High,2025-12-11,Yes,92063.98,29439.35
TXN05545,2025-06-25,STR004,PRD051,11,216,1000,0,8,0,Yes,Medium,2026-03-09,No,23204.39,3145.56
TXN05546,2025-03-24,STR002,PRD060,15,179,173,0,4,0,Yes,High,2026-03-05,No,23521.5,4840.35
TXN05547,2025-05-07,STR003,PRD040,17,91,313,0,8,1,No,Low,2025-10-21,No,33843.43,8655.38
TXN05548,2025-06-06,STR001,PRD003,33,58,856,0,4,0,No,Low,2026-01-05,No,167949.87,53093.7
TXN05549,2025-06-14,STR003,PRD044,17,94,368,0,5,1,Yes,High,2026-02-05,No,20417.51,2680.73
TXN05550,2025-04-23,STR003,PRD001,33,120,487,0,3,0,Yes,High,2025-05-27,No,126391.32,17316.09
TXN05551,2025-01-13,STR003,PRD037,19,125,261,0,6,0,No,High,2025-10-28,No,21217.49,5725.84
TXN05552,2025-02-17,STR004,PRD053,10,5,455,48,4,1,Yes,Low,2025-05-01,Yes,20425.0,2971.8
TXN05553,2025-03-25,STR001,PRD064,22,125,536,0,5,0,Yes,Low,2025-09-14,No,77731.28,10286.54
TXN05554,2025-02-07,STR001,PRD017,20,12,337,154,4,0,Yes,Medium,2026-01-10,No,84222.8,11993.0
TXN05555,2025-02-12,STR004,PRD019,17,105,440,0,4,1,No,High,2025-04-07,No,28092.84,4392.8
TXN05556,2025-05-26,STR004,PRD019,12,148,582,0,4,0,No,Medium,2026-05-26,No,19830.24,3100.8
TXN05557,2025-06-27,STR002,PRD026,26,218,134,0,9,0,Yes,Medium,2025-07-31,No,43763.72,9126.78
TXN05558,2025-02-22,STR001,PRD010,14,36,616,96,9,0,Yes,Low,2025-09-10,No,27551.02,5067.02
TXN05559,2025-02-26,STR001,PRD050,19,93,815,0,6,0,Yes,Medium,2025-12-22,No,129597.48,41524.12
TXN05560,2025-04-13,STR001,PRD009,19,83,814,0,4,0,No,Low,2025-11-06,No,108284.61,30624.96
TXN05561,2025-03-25,STR002,PRD056,13,53,476,89,9,0,Yes,Medium,2025-08-27,No,43519.97,7071.61
TXN05562,2025-05-30,STR004,PRD044,14,25,91,120,5,0,No,Medium,2025-11-12,No,16814.42,2207.66
TXN05563,2025-04-14,STR001,PRD046,17,145,767,0,6,1,Yes,Medium,2025-07-22,No,87601.85,21621.11
TXN05564,2025-01-13,STR003,PRD064,15,146,390,0,5,0,Yes,Medium,2025-07-15,No,52998.6,7013.55
TXN05565,2025-06-09,STR001,PRD019,9,137,114,0,4,0,Yes,High,2025-09-25,No,14872.68,2325.6
TXN05566,2025-05-16,STR004,PRD040,15,195,407,0,8,0,No,Medium,2026-05-01,No,29861.85,7637.1
TXN05567,2025-06-24,STR001,PRD040,11,28,423,148,8,1,Yes,Low,2025-09-05,No,21898.69,5600.54
TXN05568,2025-04-02,STR002,PRD048,17,231,378,0,8,1,Yes,High,2025-09-04,No,55690.64,10028.3
TXN05569,2025-01-06,STR002,PRD058,16,156,559,0,8,0,No,Medium,2025-07-18,No,60596.96,16115.84
TXN05570,2025-05-21,STR001,PRD043,19,16,986,42,5,0,Yes,Medium,2025-09-21,No,74835.87,11897.99
TXN05571,2025-04-17,STR002,PRD064,9,57,671,75,5,0,No,Medium,2026-01-16,No,31799.16,4208.13
TXN05572,2025-06-14,STR003,PRD004,31,37,345,0,4,0,No,Low,2026-02-27,No,110695.42,15360.81
TXN05573,2025-05-24,STR002,PRD062,17,139,845,0,4,0,Yes,Medium,2025-12-15,No,50922.14,9748.48
TXN05574,2025-01-22,STR002,PRD005,37,141,633,0,4,1,Yes,High,2025-11-06,No,65177.72,16056.52
TXN05575,2025-01-17,STR001,PRD008,36,87,433,0,8,0,No,Low,2025-05-05,No,84157.92,26287.92
TXN05576,2025-05-27,STR002,PRD048,16,157,754,0,8,2,No,Medium,2025-08-14,No,52414.72,9438.4
TXN05577,2025-03-20,STR001,PRD035,10,144,849,0,5,0,Yes,Medium,2025-08-02,No,19950.7,6642.6
TXN05578,2025-06-22,STR004,PRD004,23,86,989,0,4,0,No,High,2026-04-25,No,82128.86,11396.73
TXN05579,2025-02-15,STR002,PRD061,19,114,827,0,8,0,Yes,High,2026-02-09,No,83067.05,19332.88
TXN05580,2025-03-28,STR003,PRD004,39,82,328,0,4,0,No,Medium,2025-12-05,No,139261.98,19324.89
TXN05581,2025-03-31,STR004,PRD046,15,82,848,0,6,1,No,High,2025-05-18,No,77295.75,19077.45
TXN05582,2025-05-04,STR002,PRD051,14,0,383,112,8,0,No,High,2026-04-12,Yes,29532.86,4003.44
TXN05583,2025-03-09,STR001,PRD044,14,152,862,0,5,0,Yes,High,2025-09-11,No,16814.42,2207.66
TXN05584,2025-02-26,STR002,PRD029,28,109,532,0,5,1,No,Low,2025-09-16,No,53525.36,17360.0
TXN05585,2025-04-16,STR002,PRD037,17,187,627,0,6,0,Yes,Low,2025-05-17,No,18984.07,5123.12
TXN05586,2025-05-30,STR002,PRD048,14,54,836,0,8,0,Yes,Medium,2026-01-22,No,45862.88,8258.6
TXN05587,2025-06-27,STR003,PRD060,11,50,935,96,4,0,Yes,Medium,2025-11-11,No,17249.1,3549.59
TXN05588,2025-04-03,STR004,PRD008,35,83,527,0,8,1,Yes,Low,2025-05-27,No,81820.2,25557.7
TXN05589,2025-01-29,STR002,PRD060,23,8,708,105,4,0,No,Medium,2025-10-18,No,36066.3,7421.87
TXN05590,2025-02-28,STR001,PRD047,11,185,344,0,8,0,No,Low,2025-05-05,No,60597.57,12291.73
TXN05591,2025-06-18,STR001,PRD063,14,53,760,0,6,2,No,Low,2025-10-14,No,35858.34,9412.34
TXN05592,2025-04-01,STR003,PRD011,16,225,424,0,8,0,No,High,2025-10-20,No,35606.08,5494.24
TXN05593,2025-04-13,STR001,PRD049,16,49,278,46,4,0,No,Medium,2026-04-09,No,83192.96,21052.16
TXN05594,2025-06-12,STR001,PRD038,11,113,366,0,3,0,Yes,Medium,2026-04-11,No,52285.64,13804.78
TXN05595,2025-03-26,STR004,PRD061,14,210,714,0,8,1,No,Medium,2025-08-12,No,61207.3,14245.28
TXN05596,2025-06-08,STR004,PRD035,21,149,371,0,5,0,Yes,Low,2025-09-20,No,41896.47,13949.46
TXN05597,2025-05-18,STR004,PRD044,15,78,431,0,5,0,No,High,2025-06-26,No,18015.45,2365.35
TXN05598,2025-06-22,STR004,PRD060,13,178,646,0,4,0,No,Medium,2026-05-24,No,20385.3,4194.97
TXN05599,2025-03-19,STR002,PRD054,12,201,549,0,6,0,No,High,2025-06-07,No,41920.08,6321.12
TXN05600,2025-06-17,STR001,PRD031,37,66,95,0,5,0,Yes,High,2025-11-28,No,117460.94,37560.55
TXN05601,2025-06-10,STR002,PRD025,47,0,470,69,4,1,Yes,Low,2025-10-27,Yes,319709.98,87024.26
TXN05602,2025-06-17,STR003,PRD027,49,28,504,0,4,1,Yes,Medium,2025-07-26,No,237929.79,44516.99
TXN05603,2025-04-30,STR002,PRD028,24,40,460,0,4,1,No,High,2025-07-18,No,126471.84,28462.56
TXN05604,2025-03-07,STR003,PRD002,33,138,654,0,4,1,No,High,2025-08-09,No,57403.5,9520.83
TXN05605,2025-03-16,STR001,PRD036,15,16,407,162,9,0,No,High,2025-10-06,No,55580.55,16287.75
TXN05606,2025-01-11,STR004,PRD009,19,113,779,0,4,1,Yes,Medium,2025-07-05,No,108284.61,30624.96
TXN05607,2025-04-06,STR001,PRD063,18,164,834,0,6,0,No,Low,2025-07-07,No,46103.58,12101.58
TXN05608,2025-04-29,STR002,PRD023,22,0,673,68,4,0,No,Low,2025-06-07,Yes,84189.82,14605.58
TXN05609,2025-01-20,STR001,PRD051,13,104,406,0,8,0,Yes,High,2025-03-11,No,27423.37,3717.48
TXN05610,2025-01-27,STR002,PRD022,15,97,817,0,9,1,Yes,Medium,2025-10-19,No,74989.05,21010.65
TXN05611,2025-05-27,STR002,PRD012,23,179,711,0,5,1,No,High,2025-07-13,No,58063.73,12358.13
TXN05612,2025-05-06,STR004,PRD011,13,126,492,0,8,0,Yes,High,2025-11-12,No,28929.94,4464.07
TXN05613,2025-03-22,STR004,PRD052,14,160,150,0,3,1,No,High,2025-07-09,No,41981.94,13897.8
TXN05614,2025-01-29,STR001,PRD062,18,173,867,0,4,1,No,High,2025-06-29,No,53917.56,10321.92
TXN05615,2025-06-20,STR002,PRD006,39,158,860,0,5,1,No,Medium,2026-02-10,No,160476.03,45899.88
TXN05616,2025-06-23,STR002,PRD027,28,62,252,0,4,0,No,Medium,2025-11-22,No,135959.88,25438.28
TXN05617,2025-04-05,STR003,PRD027,22,158,589,0,4,0,No,Low,2026-01-10,No,106825.62,19987.22
TXN05618,2025-01-15,STR002,PRD040,17,99,181,0,8,0,Yes,High,2025-11-16,No,33843.43,8655.38
TXN05619,2025-02-24,STR001,PRD005,21,178,137,0,4,0,Yes,Low,2025-09-18,No,36992.76,9113.16
TXN05620,2025-01-28,STR004,PRD025,17,139,57,0,4,2,Yes,Medium,2025-06-04,No,115639.78,31476.86
TXN05621,2025-01-13,STR003,PRD026,37,82,982,0,9,0,No,Low,2025-10-22,No,62279.14,12988.11
TXN05622,2025-06-12,STR004,PRD012,11,68,679,0,5,1,Yes,Medium,2026-02-04,No,27769.61,5910.41
TXN05623,2025-06-22,STR004,PRD050,11,225,280,0,6,1,No,Medium,2026-05-08,No,75030.12,24040.28
TXN05624,2025-04-16,STR002,PRD013,14,99,837,0,4,0,Yes,High,2025-09-30,No,80542.42,23233.42
TXN05625,2025-05-14,STR004,PRD006,26,24,836,200,5,0,Yes,High,2025-07-09,No,106984.02,30599.92
TXN05626,2025-04-27,STR004,PRD042,23,149,788,0,4,1,Yes,Medium,2026-04-13,No,144877.46,42331.73
TXN05627,2025-04-22,STR002,PRD039,22,193,423,0,8,0,Yes,Medium,2025-06-03,No,69026.54,22967.12
TXN05628,2025-05-12,STR003,PRD013,9,35,235,107,4,0,No,Low,2026-02-07,No,51777.27,14935.77
TXN05629,2025-06-01,STR003,PRD011,27,215,320,0,8,1,Yes,Low,2026-03-17,No,60085.26,9271.53
TXN05630,2025-05-14,STR002,PRD052,9,90,489,0,3,1,Yes,Low,2025-08-16,No,26988.39,8934.3
TXN05631,2025-06-22,STR003,PRD052,17,15,865,70,3,3,Yes,Low,2025-12-04,No,50978.07,16875.9
TXN05632,2025-06-10,STR001,PRD012,17,151,220,0,5,1,No,Low,2026-01-19,No,42916.67,9134.27
TXN05633,2025-01-22,STR001,PRD031,20,129,550,0,5,2,Yes,Medium,2026-01-03,No,63492.4,20303.0
TXN05634,2025-03-20,STR001,PRD045,17,83,826,0,6,1,No,Medium,2025-09-01,No,93264.21,18183.54
TXN05635,2025-06-11,STR001,PRD015,8,153,329,0,9,0,No,Medium,2025-10-28,No,33352.4,10195.68
TXN05636,2025-02-16,STR002,PRD028,30,145,888,0,4,1,No,Medium,2025-08-11,No,158089.8,35578.2
TXN05637,2025-01-20,STR001,PRD036,15,13,149,153,9,0,No,Low,2025-06-08,No,55580.55,16287.75
TXN05638,2025-04-08,STR001,PRD045,10,225,510,0,6,1,Yes,High,2025-05-17,No,54861.3,10696.2
TXN05639,2025-06-25,STR002,PRD029,25,11,261,34,5,1,Yes,High,2026-05-24,No,47790.5,15500.0
TXN05640,2025-02-25,STR003,PRD035,5,108,907,0,5,1,No,High,2025-08-28,No,9975.35,3321.3
TXN05641,2025-01-26,STR002,PRD008,32,167,969,0,8,2,No,Medium,2025-04-07,No,74807.04,23367.04
TXN05642,2025-03-08,STR004,PRD021,12,85,736,0,6,0,Yes,Low,2025-04-21,No,29944.8,5466.6
TXN05643,2025-01-20,STR004,PRD029,33,136,584,0,5,2,Yes,Low,2025-06-23,No,63083.46,20460.0
TXN05644,2025-03-24,STR003,PRD055,10,58,970,35,6,1,Yes,Low,2025-07-26,No,30343.8,4502.2
TXN05645,2025-04-24,STR004,PRD036,14,29,262,158,9,1,No,Low,2025-09-01,No,51875.18,15201.9
TXN05646,2025-01-01,STR003,PRD059,12,118,543,0,4,1,No,Medium,2025-09-27,No,79190.04,23199.36
TXN05647,2025-05-04,STR001,PRD041,10,1,60,166,6,0,No,High,2026-02-05,Yes,4963.4,1423.8
TXN05648,2025-04-22,STR004,PRD048,16,11,292,159,8,2,No,Medium,2025-08-03,No,52414.72,9438.4
TXN05649,2025-06-04,STR004,PRD025,24,0,481,143,4,0,No,High,2025-08-06,Yes,163256.16,44437.92
TXN05650,2025-06-12,STR001,PRD034,13,93,239,0,8,1,Yes,Medium,2025-09-25,No,40731.86,10654.54
TXN05651,2025-01-11,STR002,PRD025,29,110,586,0,4,1,No,High,2025-03-07,No,197267.86,53695.82
TXN05652,2025-06-18,STR002,PRD011,16,60,155,0,8,0,No,High,2025-11-08,No,35606.08,5494.24
TXN05653,2025-01-12,STR003,PRD064,21,36,215,191,5,1,No,Medium,2026-01-12,No,74198.04,9818.97
TXN05654,2025-03-26,STR004,PRD023,14,189,460,0,4,1,No,High,2025-11-30,No,53575.34,9294.46
TXN05655,2025-04-30,STR001,PRD052,16,60,652,47,3,1,Yes,Medium,2025-06-17,No,47979.36,15883.2
TXN05656,2025-03-24,STR003,PRD043,13,170,977,0,5,0,Yes,High,2025-05-03,No,51203.49,8140.73
TXN05657,2025-04-10,STR004,PRD007,25,178,866,0,6,0,Yes,High,2026-01-14,No,87779.0,16248.5
TXN05658,2025-06-15,STR004,PRD052,14,0,355,78,3,0,Yes,Medium,2025-09-11,Yes,41981.94,13897.8
TXN05659,2025-06-30,STR004,PRD045,20,226,660,0,6,0,No,High,2025-08-26,No,109722.6,21392.4
TXN05660,2025-02-01,STR003,PRD037,26,115,120,0,6,0,No,High,2025-12-21,No,29034.46,7835.36
TXN05661,2025-01-26,STR001,PRD023,27,21,607,121,4,0,Yes,High,2025-09-13,No,103323.87,17925.03
TXN05662,2025-04-29,STR003,PRD064,15,229,61,0,5,0,No,Medium,2025-08-26,No,52998.6,7013.55
TXN05663,2025-01-31,STR004,PRD016,10,235,390,0,4,0,Yes,Low,2026-01-02,No,56955.8,12339.6
TXN05664,2025-03-05,STR003,PRD054,19,144,972,0,6,2,No,High,2025-06-13,No,66373.46,10008.44
TXN05665,2025-03-29,STR003,PRD036,12,231,225,0,9,0,No,Low,2025-07-08,No,44464.44,13030.2
TXN05666,2025-02-14,STR001,PRD058,16,12,635,128,8,2,Yes,High,2025-12-02,No,60596.96,16115.84
TXN05667,2025-04-27,STR002,PRD033,18,75,861,0,4,0,No,High,2025-06-01,No,65689.38,12797.64
TXN05668,2025-02-06,STR001,PRD046,14,207,913,0,6,1,Yes,Low,2025-09-12,No,72142.7,17805.62
TXN05669,2025-05-20,STR003,PRD010,14,45,897,148,9,0,No,Low,2026-05-03,No,27551.02,5067.02
TXN05670,2025-06-13,STR002,PRD058,20,1,468,21,8,1,No,Medium,2025-11-12,Yes,75746.2,20144.8
TXN05671,2025-03-25,STR002,PRD055,12,205,136,0,6,0,No,Medium,2025-10-14,No,36412.56,5402.64
TXN05672,2025-03-06,STR002,PRD007,32,114,272,0,6,2,No,Low,2025-04-18,No,112357.12,20798.08
TXN05673,2025-02-11,STR002,PRD054,19,169,133,0,6,1,No,Low,2025-04-27,No,66373.46,10008.44
TXN05674,2025-02-08,STR004,PRD057,12,221,606,0,4,0,Yes,Low,2025-04-23,No,40817.88,10411.92
TXN05675,2025-05-27,STR004,PRD011,16,68,426,0,8,0,No,High,2026-04-18,No,35606.08,5494.24
TXN05676,2025-01-04,STR002,PRD061,17,221,275,0,8,1,No,High,2025-09-23,No,74323.15,17297.84
TXN05677,2025-01-26,STR002,PRD048,17,109,554,0,8,0,Yes,Medium,2025-03-10,No,55690.64,10028.3
TXN05678,2025-02-19,STR003,PRD020,17,0,470,108,5,0,No,Low,2026-01-08,Yes,59591.8,18264.29
TXN05679,2025-03-19,STR002,PRD054,18,0,309,53,6,0,No,Low,2025-10-03,Yes,62880.12,9481.68
TXN05680,2025-01-24,STR003,PRD043,16,230,451,0,5,2,No,High,2025-06-21,No,63019.68,10019.36
TXN05681,2025-06-12,STR001,PRD063,14,147,618,0,6,0,No,Low,2025-11-11,No,35858.34,9412.34
TXN05682,2025-04-25,STR003,PRD006,40,103,315,0,5,0,Yes,High,2026-01-12,No,164590.8,47076.8
TXN05683,2025-04-14,STR004,PRD014,18,99,525,0,6,1,No,Low,2025-05-18,No,23506.38,7546.14
TXN05684,2025-04-10,STR004,PRD008,26,31,382,99,8,2,No,High,2026-03-31,No,60780.72,18985.72
TXN05685,2025-06-21,STR002,PRD014,14,201,288,0,6,0,Yes,High,2026-03-19,No,18282.74,5869.22
TXN05686,2025-03-02,STR003,PRD062,14,0,281,78,4,1,Yes,Medium,2026-01-23,Yes,41935.88,8028.16
TXN05687,2025-04-18,STR001,PRD044,23,168,898,0,5,1,No,Medium,2026-01-28,No,27623.69,3626.87
TXN05688,2025-03-09,STR002,PRD010,17,205,398,0,9,1,Yes,Low,2025-09-09,No,33454.81,6152.81
TXN05689,2025-05-19,STR004,PRD025,31,198,596,0,4,0,Yes,High,2025-11-20,No,210872.54,57398.98
TXN05690,2025-06-29,STR001,PRD041,14,209,499,0,6,0,Yes,Low,2026-05-02,No,6948.76,1993.32
TXN05691,2025-01-24,STR004,PRD001,32,67,70,0,3,0,No,Medium,2025-05-17,No,122561.28,16791.36
TXN05692,2025-05-04,STR004,PRD049,21,0,658,136,4,0,No,High,2025-11-03,Yes,109190.76,27630.96
TXN05693,2025-05-03,STR002,PRD059,11,94,901,0,4,0,Yes,Low,2025-07-27,No,72590.87,21266.08
TXN05694,2025-01-14,STR003,PRD018,16,107,639,0,9,1,No,Medium,2025-07-20,No,94076.48,31141.76
TXN05695,2025-04-26,STR002,PRD047,17,75,346,0,8,0,No,Medium,2025-11-16,No,93650.79,18996.31
TXN05696,2025-04-29,STR003,PRD049,19,19,628,151,4,1,No,Low,2025-08-22,No,98791.64,24999.44
TXN05697,2025-04-10,STR004,PRD001,34,19,569,95,3,0,No,Medium,2025-05-22,No,130221.36,17840.82
TXN05698,2025-02-22,STR001,PRD033,19,129,60,0,4,1,No,High,2025-10-04,No,69338.79,13508.62
TXN05699,2025-05-16,STR004,PRD030,35,154,476,0,8,1,Yes,Medium,2025-12-26,No,157456.6,28859.6
TXN05700,2025-06-01,STR004,PRD016,18,168,661,0,4,0,Yes,High,2026-01-25,No,102520.44,22211.28
TXN05701,2025-01-18,STR004,PRD031,29,103,185,0,5,2,No,High,2025-10-18,No,92063.98,29439.35
TXN05702,2025-01-09,STR002,PRD012,13,146,835,0,5,1,No,Medium,2025-09-29,No,32818.63,6985.03
TXN05703,2025-04-23,STR002,PRD052,12,140,433,0,3,1,No,Low,2026-04-22,No,35984.52,11912.4
TXN05704,2025-02-22,STR003,PRD009,18,127,628,0,4,0,No,Low,2025-10-02,No,102585.42,29013.12
TXN05705,2025-02-27,STR002,PRD063,21,106,529,0,6,0,Yes,High,2025-11-11,No,53787.51,14118.51
TXN05706,2025-01-18,STR001,PRD022,15,156,854,0,9,1,Yes,Low,2025-09-29,No,74989.05,21010.65
TXN05707,2025-03-03,STR002,PRD035,11,80,176,0,5,0,Yes,High,2026-02-01,No,21945.77,7306.86
TXN05708,2025-04-18,STR004,PRD022,12,32,241,0,9,0,Yes,Medium,2026-02-18,No,59991.24,16808.52
TXN05709,2025-06-17,STR003,PRD016,11,223,221,0,4,2,No,Low,2025-10-08,No,62651.38,13573.56
TXN05710,2025-03-01,STR003,PRD044,21,28,844,195,5,0,Yes,Low,2025-06-12,No,25221.63,3311.49
TXN05711,2025-02-25,STR001,PRD044,18,139,653,0,5,2,Yes,Medium,2025-08-17,No,21618.54,2838.42
TXN05712,2025-04-08,STR002,PRD055,16,0,883,122,6,2,Yes,Medium,2026-02-21,Yes,48550.08,7203.52
TXN05713,2025-03-08,STR002,PRD018,19,162,282,0,9,0,Yes,Medium,2026-02-14,No,111715.82,36980.84
TXN05714,2025-03-30,STR001,PRD020,16,151,183,0,5,0,Yes,Medium,2025-12-09,No,56086.4,17189.92
TXN05715,2025-05-18,STR004,PRD016,14,211,451,0,4,1,No,Low,2026-04-19,No,79738.12,17275.44
TXN05716,2025-03-20,STR002,PRD035,15,8,567,54,5,0,No,Low,2025-12-21,No,29926.05,9963.9
TXN05717,2025-01-13,STR003,PRD022,18,0,932,117,9,0,No,Medium,2025-11-10,Yes,89986.86,25212.78
TXN05718,2025-05-23,STR002,PRD022,21,65,344,0,9,0,No,Medium,2025-10-25,No,104984.67,29414.91
TXN05719,2025-01-28,STR002,PRD030,20,226,642,0,8,0,Yes,Medium,2025-05-23,No,89975.2,16491.2
TXN05720,2025-04-03,STR001,PRD003,30,216,368,0,4,1,Yes,High,2025-05-06,No,152681.7,48267.0
TXN05721,2025-03-24,STR003,PRD036,13,50,470,133,9,1,No,Low,2025-10-26,No,48169.81,14116.05
TXN05722,2025-03-27,STR001,PRD028,18,104,620,0,4,0,No,High,2026-01-22,No,94853.88,21346.92
TXN05723,2025-06-13,STR004,PRD061,17,228,507,0,8,1,No,Low,2025-10-13,No,74323.15,17297.84
TXN05724,2025-01-11,STR004,PRD056,13,45,183,171,9,1,Yes,Low,2025-06-17,No,43519.97,7071.61
TXN05725,2025-01-20,STR004,PRD013,20,214,542,0,4,0,Yes,Low,2026-01-03,No,115060.6,33190.6
TXN05726,2025-03-25,STR004,PRD014,19,124,460,0,6,1,No,Low,2026-02-21,No,24812.29,7965.37
TXN05727,2025-05-28,STR003,PRD017,13,156,184,0,4,0,No,High,2026-03-22,No,54744.82,7795.45
TXN05728,2025-05-04,STR003,PRD043,11,29,558,152,5,0,Yes,High,2025-07-12,No,43326.03,6888.31
TXN05729,2025-03-06,STR004,PRD047,17,188,211,0,8,0,No,High,2025-10-07,No,93650.79,18996.31
TXN05730,2025-04-15,STR002,PRD009,15,29,887,167,4,1,Yes,Medium,2026-03-06,No,85487.85,24177.6
TXN05731,2025-04-11,STR002,PRD040,20,59,167,96,8,0,No,Low,2025-09-08,No,39815.8,10182.8
TXN05732,2025-02-19,STR001,PRD014,14,180,237,0,6,1,Yes,Medium,2025-03-23,No,18282.74,5869.22
TXN05733,2025-01-05,STR004,PRD002,36,0,92,199,4,0,Yes,High,2025-10-11,Yes,62622.0,10386.36
TXN05734,2025-03-21,STR001,PRD016,11,75,751,0,4,2,Yes,Low,2025-04-30,No,62651.38,13573.56
TXN05735,2025-02-07,STR003,PRD025,30,157,770,0,4,0,Yes,Low,2025-11-14,No,204070.2,55547.4
TXN05736,2025-04-03,STR001,PRD023,8,68,425,0,4,0,No,Low,2025-11-22,No,30614.48,5311.12
TXN05737,2025-03-12,STR002,PRD046,9,126,560,0,6,1,Yes,High,2025-05-15,No,46377.45,11446.47
TXN05738,2025-01-15,STR003,PRD025,24,79,475,0,4,0,Yes,Medium,2025-07-27,No,163256.16,44437.92
TXN05739,2025-06-16,STR003,PRD018,14,175,68,0,9,1,Yes,Medium,2025-10-11,No,82316.92,27249.04
TXN05740,2025-04-14,STR001,PRD029,44,70,332,84,5,2,Yes,Low,2025-09-08,No,84111.28,27280.0
TXN05741,2025-04-12,STR001,PRD027,23,100,597,0,4,1,No,Medium,2026-02-13,No,111681.33,20895.73
TXN05742,2025-02-18,STR001,PRD009,13,38,636,23,4,0,No,High,2025-11-27,No,74089.47,20953.92
TXN05743,2025-02-06,STR002,PRD040,10,220,293,0,8,1,Yes,Medium,2025-12-06,No,19907.9,5091.4
TXN05744,2025-06-14,STR004,PRD012,19,0,100,129,5,2,Yes,Medium,2026-01-01,Yes,47965.69,10208.89
TXN05745,2025-04-25,STR001,PRD031,44,0,187,78,5,1,No,Medium,2025-07-02,Yes,139683.28,44666.6
TXN05746,2025-03-10,STR003,PRD018,14,175,729,0,9,0,No,High,2025-05-30,No,82316.92,27249.04
TXN05747,2025-06-08,STR003,PRD052,18,144,521,0,3,1,Yes,Low,2026-01-10,No,53976.78,17868.6
TXN05748,2025-01-12,STR003,PRD045,16,168,159,0,6,0,No,Medium,2025-12-19,No,87778.08,17113.92
TXN05749,2025-05-04,STR001,PRD027,21,0,182,178,4,0,No,Low,2026-03-22,Yes,101969.91,19078.71
TXN05750,2025-02-03,STR003,PRD010,15,0,918,50,9,0,Yes,High,2025-09-01,Yes,29518.95,5428.95
TXN05751,2025-02-02,STR003,PRD043,8,52,282,0,5,0,Yes,High,2025-10-20,No,31509.84,5009.68
TXN05752,2025-01-01,STR003,PRD023,17,195,325,0,4,1,Yes,Medium,2025-11-26,No,65055.77,11286.13
TXN05753,2025-03-29,STR004,PRD003,40,1,981,171,4,2,Yes,Medium,2026-01-27,Yes,203575.6,64356.0
TXN05754,2025-06-11,STR002,PRD043,15,217,430,0,5,0,No,Low,2025-08-19,No,59080.95,9393.15
TXN05755,2025-04-20,STR003,PRD039,14,201,266,0,8,0,No,Low,2025-10-11,No,43925.98,14615.44
TXN05756,2025-06-03,STR003,PRD056,14,28,975,24,9,0,No,Medium,2026-02-23,No,46867.66,7615.58
TXN05757,2025-03-19,STR004,PRD043,15,163,929,0,5,1,Yes,Medium,2025-07-20,No,59080.95,9393.15
TXN05758,2025-03-18,STR001,PRD062,14,129,880,0,4,0,No,Low,2026-02-09,No,41935.88,8028.16
TXN05759,2025-04-16,STR002,PRD032,27,71,183,0,4,0,No,High,2025-06-25,No,31446.9,5216.4
TXN05760,2025-05-13,STR001,PRD053,21,215,608,0,4,0,Yes,High,2025-07-17,No,42892.5,6240.78
TXN05761,2025-02-15,STR001,PRD041,27,49,638,187,6,0,No,High,2025-11-02,No,13401.18,3844.26
TXN05762,2025-03-02,STR003,PRD019,14,180,996,0,4,1,No,High,2025-11-23,No,23135.28,3617.6
TXN05763,2025-05-03,STR004,PRD012,18,25,354,86,5,0,Yes,High,2025-11-05,No,45441.18,9671.58
TXN05764,2025-02-20,STR004,PRD052,10,151,954,0,3,0,No,Medium,2026-02-03,No,29987.1,9927.0
TXN05765,2025-04-29,STR003,PRD043,8,124,557,0,5,1,Yes,High,2025-12-07,No,31509.84,5009.68
TXN05766,2025-04-03,STR003,PRD017,15,106,162,0,4,1,No,Medium,2025-10-07,No,63167.1,8994.75
TXN05767,2025-02-27,STR002,PRD015,16,212,580,0,9,1,Yes,Low,2026-02-06,No,66704.8,20391.36
TXN05768,2025-05-27,STR003,PRD062,20,0,326,77,4,0,Yes,High,2025-11-24,Yes,59908.4,11468.8
TXN05769,2025-02-02,STR002,PRD049,12,63,645,140,4,1,No,Low,2026-01-18,No,62394.72,15789.12
TXN05770,2025-01-08,STR003,PRD016,14,170,101,0,4,0,No,Low,2025-12-11,No,79738.12,17275.44
TXN05771,2025-01-17,STR002,PRD020,16,91,765,0,5,2,No,Medium,2025-06-12,No,56086.4,17189.92
TXN05772,2025-05-03,STR004,PRD014,20,86,180,0,6,1,No,Low,2025-12-26,No,26118.2,8384.6
TXN05773,2025-04-08,STR003,PRD032,21,11,317,113,4,0,Yes,Low,2025-08-29,No,24458.7,4057.2
TXN05774,2025-04-16,STR002,PRD024,20,180,663,0,6,1,Yes,Low,2026-03-16,No,38058.0,9045.8
TXN05775,2025-01-22,STR004,PRD030,28,208,900,0,8,1,Yes,Low,2025-08-10,No,125965.28,23087.68
TXN05776,2025-02-07,STR003,PRD064,17,102,297,0,5,1,Yes,High,2025-05-06,No,60065.08,7948.69
TXN05777,2025-04-28,STR003,PRD008,18,191,236,0,8,1,No,Medium,2025-06-30,No,42078.96,13143.96
TXN05778,2025-03-08,STR002,PRD060,10,115,937,0,4,0,No,Medium,2026-01-24,No,15681.0,3226.9
TXN05779,2025-01-04,STR002,PRD025,16,146,117,0,4,1,No,Low,2025-12-12,No,108837.44,29625.28
TXN05780,2025-02-27,STR002,PRD021,12,43,387,0,6,1,No,Medium,2025-09-01,No,29944.8,5466.6
TXN05781,2025-02-11,STR001,PRD007,25,122,601,0,6,0,Yes,High,2025-08-25,No,87779.0,16248.5
TXN05782,2025-06-07,STR004,PRD008,31,144,475,0,8,0,No,Medium,2025-08-18,No,72469.32,22636.82
TXN05783,2025-04-01,STR002,PRD024,15,48,933,0,6,0,Yes,Low,2025-07-25,No,28543.5,6784.35
TXN05784,2025-04-21,STR001,PRD033,12,184,984,0,4,0,Yes,High,2025-10-22,No,43792.92,8531.76
TXN05785,2025-04-30,STR001,PRD058,14,172,848,0,8,0,Yes,Medium,2025-11-12,No,53022.34,14101.36
TXN05786,2025-01-03,STR003,PRD006,19,165,257,0,5,0,Yes,High,2025-11-17,No,78180.63,22361.48
TXN05787,2025-01-05,STR004,PRD017,14,133,88,0,4,1,Yes,Medium,2025-07-07,No,58955.96,8395.1
TXN05788,2025-04-27,STR003,PRD050,19,85,119,0,6,1,No,Medium,2025-08-09,No,129597.48,41524.12
TXN05789,2025-04-26,STR001,PRD002,37,88,305,0,4,1,No,Medium,2025-10-06,No,64361.5,10674.87
TXN05790,2025-06-18,STR001,PRD049,14,226,103,0,4,3,No,Low,2026-06-11,No,72793.84,18420.64
TXN05791,2025-03-05,STR001,PRD049,15,16,684,122,4,0,No,High,2025-06-16,No,77993.4,19736.4
TXN05792,2025-06-30,STR003,PRD015,16,175,112,0,9,0,No,Medium,2026-02-01,No,66704.8,20391.36
TXN05793,2025-03-10,STR002,PRD013,21,221,634,0,4,0,Yes,High,2025-07-18,No,120813.63,34850.13
TXN05794,2025-03-20,STR002,PRD005,24,151,638,0,4,0,No,High,2025-04-28,No,42277.44,10415.04
TXN05795,2025-03-12,STR004,PRD054,16,65,807,74,6,1,Yes,High,2025-10-05,No,55893.44,8428.16
TXN05796,2025-02-14,STR004,PRD001,35,85,621,0,3,0,Yes,Medium,2025-11-04,No,134051.4,18365.55
TXN05797,2025-02-20,STR003,PRD010,13,50,150,150,9,0,Yes,Low,2025-04-01,No,25583.09,4705.09
TXN05798,2025-05-04,STR003,PRD059,12,47,398,90,4,0,Yes,High,2025-09-17,No,79190.04,23199.36
TXN05799,2025-01-13,STR002,PRD007,35,23,367,128,6,0,Yes,Low,2025-05-01,No,122890.6,22747.9
TXN05800,2025-03-17,STR004,PRD007,37,201,309,0,6,1,Yes,High,2026-02-01,No,129912.92,24047.78
TXN05801,2025-05-18,STR004,PRD046,15,80,245,0,6,3,No,Low,2025-07-15,No,77295.75,19077.45
TXN05802,2025-03-03,STR004,PRD046,18,40,405,0,6,0,Yes,Medium,2025-05-09,No,92754.9,22892.94
TXN05803,2025-04-13,STR004,PRD005,23,9,891,83,4,0,Yes,Medium,2025-07-01,No,40515.88,9981.08
TXN05804,2025-01-08,STR002,PRD029,43,138,141,0,5,0,No,Medium,2025-07-23,No,82199.66,26660.0
TXN05805,2025-05-17,STR004,PRD064,17,202,560,0,5,1,Yes,High,2025-10-30,No,60065.08,7948.69
TXN05806,2025-06-12,STR001,PRD039,14,164,103,0,8,0,No,Low,2025-09-27,No,43925.98,14615.44
TXN05807,2025-06-15,STR001,PRD063,25,184,753,0,6,1,No,Medium,2026-02-01,No,64032.75,16807.75
TXN05808,2025-03-20,STR003,PRD054,15,3,657,40,6,1,Yes,Medium,2025-10-26,Yes,52400.1,7901.4
TXN05809,2025-01-23,STR004,PRD038,14,19,288,102,3,0,Yes,Medium,2025-11-13,No,66545.36,17569.72
TXN05810,2025-01-20,STR003,PRD019,12,138,143,0,4,0,Yes,High,2025-08-14,No,19830.24,3100.8
TXN05811,2025-01-06,STR004,PRD034,17,72,782,0,8,1,Yes,High,2025-07-13,No,53264.74,13932.86
TXN05812,2025-06-06,STR001,PRD004,31,207,830,0,4,1,Yes,High,2026-03-03,No,110695.42,15360.81
TXN05813,2025-01-29,STR002,PRD025,32,145,559,0,4,0,No,Medium,2025-11-09,No,217674.88,59250.56
TXN05814,2025-02-01,STR002,PRD061,17,211,451,0,8,0,No,Low,2025-05-30,No,74323.15,17297.84
TXN05815,2025-05-12,STR002,PRD051,23,138,715,0,8,2,Yes,Medium,2026-01-06,No,48518.27,6577.08
TXN05816,2025-03-04,STR003,PRD015,11,0,173,130,9,0,No,Low,2025-05-11,Yes,45859.55,14019.06
TXN05817,2025-06-21,STR004,PRD031,32,136,423,0,5,0,No,Low,2025-12-29,No,101587.84,32484.8
TXN05818,2025-02-03,STR004,PRD047,12,0,519,20,8,0,No,Low,2025-08-12,Yes,66106.44,13409.16
TXN05819,2025-01-11,STR004,PRD026,30,9,371,34,9,0,No,High,2025-08-12,No,50496.6,10530.9
TXN05820,2025-06-20,STR004,PRD051,11,155,480,0,8,1,No,Medium,2025-08-28,No,23204.39,3145.56
TXN05821,2025-03-20,STR001,PRD029,27,148,270,0,5,1,No,Low,2026-01-02,No,51613.74,16740.0
TXN05822,2025-01-11,STR002,PRD059,18,172,833,0,4,1,Yes,Low,2025-03-04,No,118785.06,34799.04
TXN05823,2025-01-21,STR004,PRD045,16,218,341,0,6,0,No,High,2025-04-10,No,87778.08,17113.92
TXN05824,2025-01-13,STR001,PRD040,11,176,271,0,8,0,Yes,Medium,2025-11-01,No,21898.69,5600.54
TXN05825,2025-05-15,STR002,PRD004,36,106,150,0,4,0,Yes,Low,2025-11-04,No,128549.52,17838.36
TXN05826,2025-04-11,STR002,PRD052,16,152,167,0,3,0,No,Low,2026-02-19,No,47979.36,15883.2
TXN05827,2025-05-14,STR004,PRD048,23,6,570,124,8,1,No,High,2026-03-14,No,75346.16,13567.7
TXN05828,2025-04-01,STR002,PRD008,25,110,886,0,8,1,No,Medium,2026-03-02,No,58443.0,18255.5
TXN05829,2025-01-12,STR001,PRD034,8,81,692,0,8,0,Yes,High,2025-12-10,No,25065.76,6556.64
TXN05830,2025-04-08,STR001,PRD019,18,67,459,0,4,3,Yes,Medium,2026-01-08,No,29745.36,4651.2
TXN05831,2025-02-15,STR001,PRD051,7,127,85,0,8,0,Yes,Medium,2025-06-04,No,14766.43,2001.72
TXN05832,2025-05-05,STR004,PRD023,22,18,791,20,4,1,Yes,High,2025-10-30,No,84189.82,14605.58
TXN05833,2025-04-25,STR003,PRD061,15,24,247,181,8,0,No,Low,2025-11-21,No,65579.25,15262.8
TXN05834,2025-04-18,STR002,PRD053,14,58,527,24,4,1,Yes,High,2025-06-01,No,28595.0,4160.52
TXN05835,2025-05-17,STR002,PRD060,19,37,837,32,4,1,No,High,2026-01-29,No,29793.9,6131.11
TXN05836,2025-05-14,STR003,PRD021,17,177,662,0,6,0,No,Low,2026-05-07,No,42421.8,7744.35
TXN05837,2025-03-07,STR001,PRD007,30,220,340,0,6,1,Yes,Medium,2025-11-28,No,105334.8,19498.2
TXN05838,2025-01-21,STR001,PRD052,15,51,542,119,3,0,No,High,2025-03-10,No,44980.65,14890.5
TXN05839,2025-04-22,STR001,PRD024,10,87,589,0,6,2,No,Medium,2025-11-28,No,19029.0,4522.9
TXN05840,2025-01-18,STR002,PRD046,18,204,624,0,6,0,No,Medium,2025-04-09,No,92754.9,22892.94
TXN05841,2025-01-22,STR002,PRD007,43,34,491,110,6,1,Yes,Medium,2025-12-29,No,150979.88,27947.42
TXN05842,2025-04-04,STR004,PRD057,22,188,461,0,4,1,Yes,Medium,2025-09-08,No,74832.78,19088.52
TXN05843,2025-01-23,STR001,PRD008,35,0,721,180,8,0,No,Low,2025-12-20,Yes,81820.2,25557.7
TXN05844,2025-02-07,STR004,PRD015,21,0,187,28,9,1,No,High,2025-09-02,Yes,87550.05,26763.66
TXN05845,2025-04-20,STR004,PRD012,17,67,826,0,5,1,Yes,Low,2026-01-15,No,42916.67,9134.27
TXN05846,2025-06-30,STR004,PRD027,41,82,863,0,4,0,Yes,Low,2025-11-09,No,199084.11,37248.91
TXN05847,2025-01-26,STR004,PRD057,14,82,557,0,4,0,No,Low,2025-12-25,No,47620.86,12147.24
TXN05848,2025-02-11,STR004,PRD042,13,201,475,0,4,0,Yes,Medium,2025-08-04,No,81887.26,23926.63
TXN05849,2025-05-21,STR001,PRD011,18,105,739,0,8,1,Yes,Low,2025-08-11,No,40056.84,6181.02
TXN05850,2025-02-06,STR002,PRD033,16,51,108,190,4,1,Yes,Medium,2025-08-03,No,58390.56,11375.68
TXN05851,2025-03-28,STR004,PRD010,18,64,723,26,9,0,Yes,Medium,2025-09-25,No,35422.74,6514.74
TXN05852,2025-06-01,STR003,PRD059,10,0,812,149,4,2,Yes,High,2026-04-15,Yes,65991.7,19332.8
TXN05853,2025-05-31,STR001,PRD025,35,180,263,0,4,0,No,Medium,2026-05-19,No,238081.9,64805.3
TXN05854,2025-04-28,STR003,PRD040,18,42,572,153,8,1,No,Low,2025-11-02,No,35834.22,9164.52
TXN05855,2025-04-07,STR001,PRD047,17,7,269,120,8,1,Yes,Low,2025-09-28,No,93650.79,18996.31
TXN05856,2025-03-05,STR004,PRD040,20,114,275,0,8,2,Yes,Low,2025-04-19,No,39815.8,10182.8
TXN05857,2025-05-29,STR004,PRD030,29,45,370,77,8,0,Yes,High,2025-12-02,No,130464.04,23912.24
TXN05858,2025-06-08,STR001,PRD001,25,0,758,145,3,0,No,Low,2026-02-17,Yes,95751.0,13118.25
TXN05859,2025-05-26,STR001,PRD053,14,130,709,0,4,0,No,Medium,2025-11-10,No,28595.0,4160.52
TXN05860,2025-04-16,STR002,PRD002,38,1,684,151,4,0,No,High,2025-08-23,Yes,66101.0,10963.38
TXN05861,2025-04-02,STR002,PRD018,15,10,670,153,9,0,No,Low,2025-07-15,No,88196.7,29195.4
TXN05862,2025-03-28,STR003,PRD023,15,24,846,135,4,0,No,High,2025-11-19,No,57402.15,9958.35
TXN05863,2025-01-15,STR001,PRD026,23,19,305,52,9,0,Yes,Low,2025-06-08,No,38714.06,8073.69
TXN05864,2025-03-15,STR004,PRD004,23,72,441,0,4,0,No,Medium,2025-06-05,No,82128.86,11396.73
TXN05865,2025-02-17,STR001,PRD034,19,73,130,0,8,0,No,High,2026-01-01,No,59531.18,15572.02
TXN05866,2025-01-12,STR001,PRD063,14,197,318,0,6,0,Yes,High,2025-12-30,No,35858.34,9412.34
TXN05867,2025-02-12,STR002,PRD003,33,192,980,0,4,0,Yes,Medium,2025-04-18,No,167949.87,53093.7
TXN05868,2025-04-16,STR002,PRD014,17,86,491,0,6,0,Yes,High,2026-02-17,No,22200.47,7126.91
TXN05869,2025-01-30,STR002,PRD010,15,202,234,0,9,0,Yes,High,2025-05-05,No,29518.95,5428.95
TXN05870,2025-05-05,STR003,PRD008,31,110,350,0,8,1,No,Medium,2026-04-25,No,72469.32,22636.82
TXN05871,2025-06-07,STR004,PRD020,11,0,620,169,5,0,No,Low,2026-02-05,Yes,38559.4,11818.07
TXN05872,2025-01-22,STR001,PRD050,15,68,193,0,6,2,No,Medium,2025-12-31,No,102313.8,32782.2
TXN05873,2025-03-24,STR001,PRD017,23,189,614,0,4,0,No,Medium,2025-09-25,No,96856.22,13791.95
TXN05874,2025-02-09,STR003,PRD041,12,0,213,57,6,1,No,High,2025-12-20,Yes,5956.08,1708.56
TXN05875,2025-02-08,STR002,PRD045,15,49,607,157,6,1,No,Low,2025-04-15,No,82291.95,16044.3
TXN05876,2025-03-04,STR002,PRD037,18,204,522,0,6,0,Yes,Medium,2025-05-12,No,20100.78,5424.48
TXN05877,2025-03-18,STR003,PRD059,20,73,92,0,4,0,Yes,Low,2025-06-12,No,131983.4,38665.6
TXN05878,2025-05-17,STR003,PRD061,13,0,206,198,8,2,No,High,2025-12-27,Yes,56835.35,13227.76
TXN05879,2025-06-11,STR002,PRD025,28,179,174,0,4,0,No,Low,2026-05-16,No,190465.52,51844.24
TXN05880,2025-03-05,STR001,PRD011,9,162,637,0,8,0,No,Low,2025-10-17,No,20028.42,3090.51
TXN05881,2025-01-22,STR001,PRD032,19,48,851,136,4,0,Yes,High,2025-12-08,No,22129.3,3670.8
TXN05882,2025-02-01,STR004,PRD006,22,186,644,0,5,0,Yes,High,2025-08-11,No,90524.94,25892.24
TXN05883,2025-04-07,STR004,PRD026,34,2,793,97,9,0,No,Medium,2026-02-17,Yes,57229.48,11935.02
TXN05884,2025-05-22,STR003,PRD048,12,159,845,0,8,0,Yes,Medium,2025-07-23,No,39311.04,7078.8
TXN05885,2025-01-12,STR004,PRD039,13,43,130,87,8,0,No,Low,2025-05-23,No,40788.41,13571.48
TXN05886,2025-01-18,STR002,PRD057,12,120,156,0,4,0,Yes,High,2026-01-07,No,40817.88,10411.92
TXN05887,2025-01-27,STR003,PRD006,26,0,993,107,5,2,Yes,High,2025-06-24,Yes,106984.02,30599.92
TXN05888,2025-02-10,STR004,PRD026,25,137,168,0,9,0,No,High,2025-03-13,No,42080.5,8775.75
TXN05889,2025-03-21,STR003,PRD054,13,66,511,0,6,0,Yes,High,2025-10-21,No,45413.42,6847.88
TXN05890,2025-04-17,STR001,PRD042,18,0,812,166,4,0,No,Low,2025-11-30,Yes,113382.36,33129.18
TXN05891,2025-04-27,STR004,PRD011,19,6,726,95,8,0,No,High,2025-09-12,No,42282.22,6524.41
TXN05892,2025-01-18,STR002,PRD009,19,0,157,70,4,0,No,Medium,2025-09-04,Yes,108284.61,30624.96
TXN05893,2025-03-11,STR003,PRD004,39,82,178,0,4,1,Yes,Medium,2025-09-24,No,139261.98,19324.89
TXN05894,2025-06-19,STR003,PRD014,13,237,533,0,6,0,No,Low,2026-03-08,No,16976.83,5449.99
TXN05895,2025-03-10,STR001,PRD030,18,38,928,74,8,2,No,Medium,2025-08-19,No,80977.68,14842.08
TXN05896,2025-06-08,STR003,PRD054,10,150,644,0,6,0,No,Low,2026-05-13,No,34933.4,5267.6
TXN05897,2025-02-28,STR004,PRD036,17,46,159,175,9,0,Yes,Medium,2026-02-07,No,62991.29,18459.45
TXN05898,2025-03-15,STR003,PRD007,22,25,464,181,6,0,No,Low,2025-04-16,No,77245.52,14298.68
TXN05899,2025-04-09,STR002,PRD063,18,0,221,77,6,1,No,Medium,2025-11-04,Yes,46103.58,12101.58
TXN05900,2025-03-01,STR004,PRD030,23,156,711,0,8,1,Yes,Medium,2025-12-06,No,103471.48,18964.88
TXN05901,2025-04-12,STR001,PRD006,26,0,906,195,5,0,Yes,Low,2025-05-25,Yes,106984.02,30599.92
TXN05902,2025-05-17,STR002,PRD004,43,60,709,0,4,0,No,Medium,2026-01-10,No,153545.26,21306.93
TXN05903,2025-01-25,STR001,PRD022,17,25,379,0,9,1,Yes,Medium,2025-03-15,No,84987.59,23812.07
TXN05904,2025-04-10,STR004,PRD015,10,228,345,0,9,0,Yes,Low,2025-09-30,No,41690.5,12744.6
TXN05905,2025-04-23,STR003,PRD047,15,59,459,153,8,0,No,High,2025-10-23,No,82633.05,16761.45
TXN05906,2025-05-24,STR001,PRD025,31,167,700,0,4,1,No,High,2025-10-30,No,210872.54,57398.98
TXN05907,2025-05-13,STR002,PRD027,29,90,62,0,4,1,Yes,Medium,2025-08-05,No,140815.59,26346.79
TXN05908,2025-01-07,STR003,PRD015,14,0,867,136,9,1,No,Low,2025-03-14,Yes,58366.7,17842.44
TXN05909,2025-04-24,STR004,PRD041,13,111,833,0,6,0,Yes,High,2026-01-25,No,6452.42,1850.94
TXN05910,2025-03-22,STR001,PRD064,10,136,979,0,5,0,No,High,2025-07-31,No,35332.4,4675.7
TXN05911,2025-02-21,STR002,PRD045,16,192,87,0,6,0,No,High,2025-05-14,No,87778.08,17113.92
TXN05912,2025-01-29,STR003,PRD019,20,218,956,0,4,0,Yes,Medium,2025-04-23,No,33050.4,5168.0
TXN05913,2025-05-27,STR004,PRD025,37,176,103,0,4,1,Yes,Medium,2026-05-07,No,251686.58,68508.46
TXN05914,2025-01-07,STR004,PRD017,13,30,324,43,4,0,No,Medium,2025-03-22,No,54744.82,7795.45
TXN05915,2025-04-02,STR002,PRD015,5,80,919,0,9,2,No,Medium,2025-09-22,No,20845.25,6372.3
TXN05916,2025-02-28,STR002,PRD032,26,33,727,190,4,0,No,High,2026-01-13,No,30282.2,5023.2
TXN05917,2025-04-15,STR002,PRD001,31,64,215,0,3,0,Yes,High,2025-07-09,No,118731.24,16266.63
TXN05918,2025-05-03,STR003,PRD009,21,177,746,0,4,1,Yes,Low,2025-09-29,No,119682.99,33848.64
TXN05919,2025-04-03,STR003,PRD035,19,43,947,20,5,0,Yes,Medium,2026-03-15,No,37906.33,12620.94
TXN05920,2025-06-27,STR002,PRD052,20,184,649,0,3,0,Yes,Medium,2026-06-12,No,59974.2,19854.0
TXN05921,2025-04-14,STR004,PRD061,13,237,406,0,8,0,Yes,High,2025-11-27,No,56835.35,13227.76
TXN05922,2025-01-29,STR004,PRD008,41,81,713,0,8,0,No,Low,2025-04-22,No,95846.52,29939.02
TXN05923,2025-04-27,STR003,PRD011,16,39,631,0,8,0,No,Medium,2025-08-14,No,35606.08,5494.24
TXN05924,2025-03-11,STR004,PRD059,12,117,557,0,4,1,Yes,Low,2026-01-21,No,79190.04,23199.36
TXN05925,2025-03-31,STR002,PRD018,12,204,588,0,9,0,No,Medium,2025-09-01,No,70557.36,23356.32
TXN05926,2025-06-09,STR001,PRD012,13,26,724,142,5,1,No,High,2026-02-26,No,32818.63,6985.03
TXN05927,2025-06-19,STR002,PRD027,20,46,768,0,4,0,Yes,Low,2025-12-06,No,97114.2,18170.2
TXN05928,2025-05-28,STR004,PRD031,28,174,177,0,5,2,No,High,2026-01-12,No,88889.36,28424.2
TXN05929,2025-04-23,STR004,PRD058,13,226,84,0,8,0,No,Low,2025-11-26,No,49235.03,13094.12
TXN05930,2025-04-04,STR004,PRD006,43,121,153,0,5,0,No,Low,2025-10-14,No,176935.11,50607.56
TXN05931,2025-04-29,STR002,PRD020,17,138,178,0,5,1,Yes,High,2025-07-30,No,59591.8,18264.29
TXN05932,2025-04-10,STR001,PRD045,20,14,75,106,6,0,No,High,2026-03-06,No,109722.6,21392.4
TXN05933,2025-05-23,STR002,PRD047,15,141,242,0,8,0,No,Medium,2026-01-09,No,82633.05,16761.45
TXN05934,2025-03-19,STR003,PRD064,9,93,263,0,5,1,No,Low,2025-06-09,No,31799.16,4208.13
TXN05935,2025-03-17,STR002,PRD029,38,127,385,0,5,1,No,Medium,2025-04-18,No,72641.56,23560.0
TXN05936,2025-03-01,STR004,PRD053,16,137,784,0,4,0,Yes,Medium,2025-06-06,No,32680.0,4754.88
TXN05937,2025-05-02,STR002,PRD008,20,165,603,0,8,1,No,Medium,2026-03-26,No,46754.4,14604.4
TXN05938,2025-02-08,STR004,PRD006,25,57,668,52,5,0,Yes,Medium,2025-03-22,No,102869.25,29423.0
TXN05939,2025-06-09,STR004,PRD007,27,72,104,0,6,1,Yes,Low,2025-08-19,No,94801.32,17548.38
TXN05940,2025-01-29,STR003,PRD019,13,157,839,0,4,1,Yes,Low,2025-08-14,No,21482.76,3359.2
TXN05941,2025-04-19,STR001,PRD014,19,0,122,126,6,0,No,Low,2026-03-02,Yes,24812.29,7965.37
TXN05942,2025-03-08,STR001,PRD063,8,193,308,0,6,1,Yes,Low,2025-05-21,No,20490.48,5378.48
TXN05943,2025-03-01,STR001,PRD042,12,0,738,32,4,2,Yes,High,2025-07-07,Yes,75588.24,22086.12
TXN05944,2025-05-16,STR004,PRD023,19,199,360,0,4,0,No,High,2026-04-30,No,72709.39,12613.91
TXN05945,2025-01-14,STR001,PRD024,16,179,746,0,6,1,No,Medium,2025-04-19,No,30446.4,7236.64
TXN05946,2025-02-20,STR004,PRD015,16,156,273,0,9,0,Yes,Low,2025-08-04,No,66704.8,20391.36
TXN05947,2025-06-20,STR003,PRD030,29,106,177,0,8,0,No,High,2026-03-15,No,130464.04,23912.24
TXN05948,2025-06-10,STR001,PRD005,26,134,472,0,4,0,No,Medium,2026-02-09,No,45800.56,11282.96
TXN05949,2025-01-18,STR004,PRD046,11,144,191,0,6,1,Yes,Low,2025-11-15,No,56683.55,13990.13
TXN05950,2025-05-21,STR001,PRD022,16,18,71,55,9,0,No,Low,2025-07-31,No,79988.32,22411.36
TXN05951,2025-05-15,STR001,PRD003,37,173,344,0,4,0,Yes,Medium,2025-12-27,No,188307.43,59529.3
TXN05952,2025-01-17,STR001,PRD004,45,116,692,0,4,1,Yes,Low,2025-05-06,No,160686.9,22297.95
TXN05953,2025-02-18,STR001,PRD055,10,95,318,0,6,1,Yes,High,2026-02-04,No,30343.8,4502.2
TXN05954,2025-04-22,STR002,PRD032,45,16,568,128,4,0,Yes,Medium,2026-04-07,No,52411.5,8694.0
TXN05955,2025-06-06,STR002,PRD042,16,135,117,0,4,0,No,Medium,2026-02-13,No,100784.32,29448.16
TXN05956,2025-03-12,STR004,PRD046,17,0,200,82,6,0,Yes,High,2025-05-15,Yes,87601.85,21621.11
TXN05957,2025-05-27,STR002,PRD039,15,172,283,0,8,0,Yes,Medium,2025-09-05,No,47063.55,15659.4
TXN05958,2025-05-17,STR002,PRD030,24,202,958,0,8,0,No,Medium,2025-08-07,No,107970.24,19789.44
TXN05959,2025-02-14,STR004,PRD040,13,84,959,0,8,0,Yes,Medium,2026-01-08,No,25880.27,6618.82
TXN05960,2025-03-08,STR004,PRD006,38,178,689,0,5,1,No,Low,2025-07-11,No,156361.26,44722.96
TXN05961,2025-03-22,STR003,PRD015,20,27,474,177,9,0,No,Medium,2025-09-22,No,83381.0,25489.2
TXN05962,2025-06-25,STR001,PRD006,35,36,870,83,5,0,No,High,2026-04-28,No,144016.95,41192.2
TXN05963,2025-04-22,STR001,PRD056,20,109,165,0,9,1,Yes,Low,2025-10-27,No,66953.8,10879.4
TXN05964,2025-02-26,STR001,PRD020,17,39,97,0,5,0,No,Medium,2025-04-09,No,59591.8,18264.29
TXN05965,2025-06-04,STR003,PRD043,7,174,582,0,5,0,Yes,Medium,2026-04-17,No,27571.11,4383.47
TXN05966,2025-05-08,STR002,PRD057,14,108,137,0,4,1,No,Medium,2025-12-02,No,47620.86,12147.24
TXN05967,2025-06-02,STR001,PRD050,18,154,725,0,6,0,Yes,High,2026-01-16,No,122776.56,39338.64
TXN05968,2025-06-28,STR002,PRD052,12,215,220,0,3,1,No,High,2026-03-30,No,35984.52,11912.4
TXN05969,2025-06-06,STR002,PRD059,15,0,994,63,4,1,No,High,2025-08-25,Yes,98987.55,28999.2
TXN05970,2025-06-26,STR001,PRD011,17,21,780,24,8,1,No,Medium,2025-11-23,No,37831.46,5837.63
TXN05971,2025-04-30,STR001,PRD055,11,32,472,49,6,0,Yes,High,2025-12-19,No,33378.18,4952.42
TXN05972,2025-04-12,STR002,PRD021,11,174,73,0,6,0,Yes,Low,2025-08-17,No,27449.4,5011.05
TXN05973,2025-03-24,STR003,PRD007,34,42,598,38,6,1,Yes,Low,2026-03-07,No,119379.44,22097.96
TXN05974,2025-03-23,STR003,PRD019,9,79,723,0,4,1,No,Medium,2025-08-16,No,14872.68,2325.6
TXN05975,2025-04-27,STR002,PRD002,35,15,900,174,4,1,No,Medium,2026-03-19,No,60882.5,10097.85
TXN05976,2025-03-22,STR004,PRD026,29,0,708,164,9,0,Yes,Medium,2025-12-08,Yes,48813.38,10179.87
TXN05977,2025-03-10,STR001,PRD062,8,166,137,0,4,0,Yes,Low,2025-12-10,No,23963.36,4587.52
TXN05978,2025-06-22,STR002,PRD036,8,47,994,120,9,1,No,Low,2025-11-10,No,29642.96,8686.8
TXN05979,2025-05-16,STR001,PRD020,17,91,201,0,5,0,No,Medium,2026-05-15,No,59591.8,18264.29
TXN05980,2025-04-29,STR003,PRD005,33,0,214,46,4,1,No,High,2025-10-25,Yes,58131.48,14320.68
TXN05981,2025-02-11,STR003,PRD027,32,21,865,27,4,0,Yes,High,2025-04-03,No,155382.72,29072.32
TXN05982,2025-04-03,STR001,PRD062,23,78,305,0,4,1,Yes,High,2026-01-18,No,68894.66,13189.12
TXN05983,2025-06-29,STR001,PRD064,14,23,220,167,5,0,No,High,2026-05-11,No,49465.36,6545.98
TXN05984,2025-02-05,STR002,PRD018,19,111,527,0,9,0,Yes,Low,2025-05-02,No,111715.82,36980.84
TXN05985,2025-01-11,STR001,PRD035,15,212,533,0,5,0,Yes,Low,2025-05-08,No,29926.05,9963.9
TXN05986,2025-06-12,STR004,PRD019,16,96,285,0,4,0,No,Medium,2025-12-07,No,26440.32,4134.4
TXN05987,2025-05-20,STR003,PRD028,34,4,52,67,4,1,No,Low,2025-06-22,Yes,179168.44,40321.96
TXN05988,2025-01-17,STR001,PRD007,37,77,915,0,6,0,Yes,High,2025-07-17,No,129912.92,24047.78
TXN05989,2025-02-05,STR002,PRD024,13,126,531,0,6,0,No,High,2025-04-11,No,24737.7,5879.77
TXN05990,2025-04-22,STR001,PRD031,20,105,677,0,5,2,No,Low,2026-04-09,No,63492.4,20303.0
TXN05991,2025-04-12,STR001,PRD037,13,70,117,0,6,0,Yes,High,2025-10-26,No,14517.23,3917.68
TXN05992,2025-04-01,STR002,PRD036,14,70,750,43,9,0,Yes,Low,2025-11-03,No,51875.18,15201.9
TXN05993,2025-01-21,STR001,PRD063,21,0,167,151,6,0,No,High,2025-11-22,Yes,53787.51,14118.51
TXN05994,2025-03-07,STR002,PRD028,23,9,948,129,4,1,Yes,Low,2025-04-30,No,121202.18,27276.62
TXN05995,2025-01-04,STR001,PRD046,18,35,478,0,6,0,Yes,Medium,2025-04-12,No,92754.9,22892.94
TXN05996,2025-02-03,STR002,PRD052,12,49,89,102,3,1,Yes,High,2026-02-02,No,35984.52,11912.4
TXN05997,2025-05-16,STR003,PRD043,17,42,772,20,5,0,Yes,High,2025-11-01,No,66958.41,10645.57
TXN05998,2025-06-24,STR003,PRD013,16,20,331,183,4,0,Yes,Medium,2026-01-09,No,92048.48,26552.48
TXN05999,2025-02-22,STR001,PRD049,9,138,167,0,4,0,No,High,2025-06-04,No,46796.04,11841.84
TXN06000,2025-05-24,STR003,PRD012,14,0,164,175,5,1,No,High,2026-01-11,Yes,35343.14,7522.34
